09-23 16:52:00.747 I/NearbyMediums(31664): Current Tracked Scanning Clients are : {NearbyConnections.EnvironmentMonitor, NearbySharing}
09-23 16:52:00.747 I/AHal::Cs35l41Health( 1458): GetHeartBeats: R DSP1 Protection 400a4 HALO_HEARTBEAT dsp heartbeat = 0x53b357
09-23 16:52:01.003 I/AiAiEcho(14091): (REDACTED) Predicting[%d]: %s
09-23 16:52:01.004 I/AiAiEcho(14091): (REDACTED) EchoTargets: %s
09-23 16:52:01.004 I/AiAiEcho(14091): Filtered by AiAi flag check: %s
09-23 16:52:01.007 I/AiAiEcho(14091): (REDACTED) #weatherSubItemsTwiddler: Weather removes SubtitleSupplementalItem in surface: %s
09-23 16:52:01.007 I/AiAiEcho(14091): #remoteViewsTwiddler: feature disabled.
09-23 16:52:01.010 I/AiAiEcho(14091): (REDACTED) Predicting[%d]: %s
09-23 16:52:01.011 I/AiAiEcho(14091): (REDACTED) EchoTargets: %s
09-23 16:52:01.011 I/AiAiEcho(14091): Filtered by AiAi flag check: %s
09-23 16:52:01.012 I/AiAiEcho(14091): #remoteViewsTwiddler: feature disabled.
09-23 16:52:01.013 I/AiAiEcho(14091): (REDACTED) Predicting[%d]: %s
09-23 16:52:01.014 I/AiAiEcho(14091): (REDACTED) EchoTargets: %s
09-23 16:52:01.014 I/AiAiEcho(14091): Filtered by AiAi flag check: %s
09-23 16:52:01.014 I/AiAiEcho(14091): (REDACTED) #weatherSubItemsTwiddler: Weather removes SubtitleSupplementalItem in surface: %s
09-23 16:52:01.015 I/AiAiEcho(14091): #remoteViewsTwiddler: feature disabled.
09-23 16:52:01.019 I/AiAiEcho(14091): (REDACTED) #postPredictionTargets: Sending updates to UISurface %s with targets# %s (types=[%s])
09-23 16:52:01.020 I/AiAiEcho(14091): (REDACTED) #postPredictionTargets: Sending updates to UISurface %s with targets# %s (types=[%s])
09-23 16:52:01.020 I/AmbientCueRepository( 3031): Receiving SmartSpace targets # 0
09-23 16:52:01.021 I/WeatherSmartspaceView( 3031): setFormattedContentDescription: text=20°C, iconDescription=Mostly clear day, contentDescription=Mostly clear day, 20°C
09-23 16:52:01.022 I/WeatherSmartspaceView( 3031): setFormattedContentDescription: text=20°C, iconDescription=Mostly clear day, contentDescription=Mostly clear day, 20°C
09-23 16:52:01.022 I/WeatherData( 3031): Weather data parsed MOSTLY_SUNNY ("Mostly clear day") 20°C from Bundle[{description=Mostly clear day, feedback_intent=null, explanation_intent=Supplier{VAL_PARCELABLE@160+1920}, is_gaia_linked_data=true, use_celsius=true, state=3, temperature=20}]
09-23 16:52:01.025 I/AiAiEcho(14091): (REDACTED) #postPredictionTargets: Sending updates to UISurface %s with targets# %s (types=[%s])
09-23 16:52:01.377 I/bthal.activity( 1461): bt_power: LeAdvStat: 16:52:00:350 - 16:52:01:377, duration: 1027, le_adv_count: 2, total_le_adv_count: 113004, total_event_count: 0
09-23 16:52:01.969 I/system_server( 1948): Background young concurrent mark compact GC freed 46MB AllocSpace bytes, 619(24MB) LOS objects, 70% free, 149MB/512MB, paused 1.690ms,15.343ms total 153.231ms
09-23 16:52:02.112 I/pixel-thermal( 2330): soc_therm:38.406 raw data: soc_therm:38406 
09-23 16:52:03.214 I/WifiHAL ( 1519): Creating message to get link statistics; iface = 48
09-23 16:52:03.230 I/AlarmManager(31664): setExactAndAllowWhileIdle [name: FcmRetry type: 2 triggerAtMillis: 2955536996]
09-23 16:52:03.256 I/WifiHAL ( 1519): Getting cached scan results, iface handle = 0xb400007cee0138d0
09-23 16:52:03.257 E/WifiHAL ( 1519): Creating message to get cached scan results
09-23 16:52:03.261 I/WifiHAL ( 1519): In GetCachedScanResultsCommand::handleResponse
09-23 16:52:03.282 I/WifiHAL ( 1519): CreateRequest mType = GET_FEATURE
09-23 16:52:03.321 I/Braze v41.1.1 .BrazeFirebaseMessagingService(13187): Remote message did not originate from Braze. Not consuming remote message: com.google.firebase.messaging.s@5312651
09-23 16:52:03.341 W/Braze v41.1.1 .BrazeConfigurationProvider(13187): ****************************************************
09-23 16:52:03.341 W/Braze v41.1.1 .BrazeConfigurationProvider(13187): **                                                **
09-23 16:52:03.341 W/Braze v41.1.1 .BrazeConfigurationProvider(13187): **                 !! WARNING !!                  **
09-23 16:52:03.341 W/Braze v41.1.1 .BrazeConfigurationProvider(13187): **                                                **
09-23 16:52:03.341 W/Braze v41.1.1 .BrazeConfigurationProvider(13187): **     No API key set in res/values/braze.xml     **
09-23 16:52:03.341 W/Braze v41.1.1 .BrazeConfigurationProvider(13187): ** No cached API Key found from Braze.configure   **
09-23 16:52:03.341 W/Braze v41.1.1 .BrazeConfigurationProvider(13187): **          Braze functionality disabled          **
09-23 16:52:03.341 W/Braze v41.1.1 .BrazeConfigurationProvider(13187): **                                                **
09-23 16:52:03.341 W/Braze v41.1.1 .BrazeConfigurationProvider(13187): ****************************************************
09-23 16:52:03.350 E/Braze v41.1.1 .Braze(13187): Caught exception while retrieving API key.
09-23 16:52:03.350 E/Braze v41.1.1 .Braze(13187): java.lang.RuntimeException: Unable to read the Braze API key from the res/values/braze.xml file or from runtime configuration via BrazeConfig. See log for more details.
09-23 16:52:03.350 E/Braze v41.1.1 .Braze(13187): 	at c.k(SourceFile:2)
09-23 16:52:03.350 E/Braze v41.1.1 .Braze(13187): 	at com.braze.configuration.BrazeConfigurationProvider.getBrazeApiKey(SourceFile:193)
09-23 16:52:03.350 E/Braze v41.1.1 .Braze(13187): 	at com.braze.Braze$Companion.getConfiguredApiKey(SourceFile:3)
09-23 16:52:03.350 E/Braze v41.1.1 .Braze(13187): 	at com.braze.Braze._init_$lambda$27(SourceFile:23)
09-23 16:52:03.350 E/Braze v41.1.1 .Braze(13187): 	at com.braze.Braze.K(SourceFile:0)
09-23 16:52:03.350 E/Braze v41.1.1 .Braze(13187): 	at androidx.work.impl.utils.a.invoke(SourceFile:768)
09-23 16:52:03.350 E/Braze v41.1.1 .Braze(13187): 	at com.braze.o.invokeSuspend(SourceFile:74)
09-23 16:52:03.350 E/Braze v41.1.1 .Braze(13187): 	at kotlin.coroutines.jvm.internal.BaseContinuationImpl.resumeWith(SourceFile:7)
09-23 16:52:03.350 E/Braze v41.1.1 .Braze(13187): 	at kotlinx.coroutines.u0.run(SourceFile:119)
09-23 16:52:03.350 E/Braze v41.1.1 .Braze(13187): 	at kotlinx.coroutines.h1.l0(SourceFile:76)
09-23 16:52:03.350 E/Braze v41.1.1 .Braze(13187): 	at kotlinx.coroutines.l0.x(SourceFile:94)
09-23 16:52:03.350 E/Braze v41.1.1 .Braze(13187): 	at kotlinx.coroutines.l0.w(SourceFile:2)
09-23 16:52:03.350 E/Braze v41.1.1 .Braze(13187): 	at com.braze.p.invokeSuspend(SourceFile:23)
09-23 16:52:03.350 E/Braze v41.1.1 .Braze(13187): 	at kotlin.coroutines.jvm.internal.BaseContinuationImpl.resumeWith(SourceFile:7)
09-23 16:52:03.350 E/Braze v41.1.1 .Braze(13187): 	at kotlinx.coroutines.u0.run(SourceFile:119)
09-23 16:52:03.350 E/Braze v41.1.1 .Braze(13187): 	at java.util.concurrent.ThreadPoolExecutor.runWorker(ThreadPoolExecutor.java:1100)
09-23 16:52:03.350 E/Braze v41.1.1 .Braze(13187): 	at java.util.concurrent.ThreadPoolExecutor$Worker.run(ThreadPoolExecutor.java:624)
09-23 16:52:03.350 E/Braze v41.1.1 .Braze(13187): 	at java.lang.Thread.run(Thread.java:1572)
09-23 16:52:03.350 W/Braze v41.1.1 .b(13187): DataStoreKey not found for key: com_braze_enable_delayed_initialization
09-23 16:52:03.351 I/Braze v41.1.1 .t0(13187): Setting delayed initialization enabled to: true
09-23 16:52:03.353 W/Braze v41.1.1 .b(13187): DataStoreKey not found for key: com_braze_delayed_initialization_analytics_behavior
09-23 16:52:03.358 I/Braze v41.1.1 .t0(13187): Setting delayed initialization analytics behavior to: QUEUE
09-23 16:52:03.362 W/Braze v41.1.1 .b(13187): DataStoreKey not found for key: com_braze_logger_initial_log_level
09-23 16:52:03.438 W/Braze v41.1.1 .Braze(13187): Delayed initialization mode is enabled. Actions will not be performed on the SDK.
09-23 16:52:03.438 I/Braze v41.1.1 .Braze(13187): Braze SDK outbound network requests are now disabled
09-23 16:52:03.440 W/Braze v41.1.1 .BrazeConfigurationProvider(13187): ****************************************************
09-23 16:52:03.440 W/Braze v41.1.1 .BrazeConfigurationProvider(13187): **                                                **
09-23 16:52:03.440 W/Braze v41.1.1 .BrazeConfigurationProvider(13187): **                 !! WARNING !!                  **
09-23 16:52:03.440 W/Braze v41.1.1 .BrazeConfigurationProvider(13187): **                                                **
09-23 16:52:03.440 W/Braze v41.1.1 .BrazeConfigurationProvider(13187): **     No API key set in res/values/braze.xml     **
09-23 16:52:03.440 W/Braze v41.1.1 .BrazeConfigurationProvider(13187): ** No cached API Key found from Braze.configure   **
09-23 16:52:03.440 W/Braze v41.1.1 .BrazeConfigurationProvider(13187): **          Braze functionality disabled          **
09-23 16:52:03.440 W/Braze v41.1.1 .BrazeConfigurationProvider(13187): **                                                **
09-23 16:52:03.440 W/Braze v41.1.1 .BrazeConfigurationProvider(13187): ****************************************************
09-23 16:52:03.443 E/Braze v41.1.1 .f(13187): Child job of SerialCoroutineScope got exception: java.lang.RuntimeException: Unable to read the Braze API key from the res/values/braze.xml file or from runtime configuration via BrazeConfig. See log for more details.
09-23 16:52:03.443 E/Braze v41.1.1 .f(13187): java.lang.RuntimeException: Unable to read the Braze API key from the res/values/braze.xml file or from runtime configuration via BrazeConfig. See log for more details.
09-23 16:52:03.443 E/Braze v41.1.1 .f(13187): 	at c.k(SourceFile:2)
09-23 16:52:03.443 E/Braze v41.1.1 .f(13187): 	at com.braze.configuration.BrazeConfigurationProvider.getBrazeApiKey(SourceFile:193)
09-23 16:52:03.443 E/Braze v41.1.1 .f(13187): 	at com.braze.Braze._init_$lambda$27(SourceFile:148)
09-23 16:52:03.443 E/Braze v41.1.1 .f(13187): 	at com.braze.Braze.K(SourceFile:0)
09-23 16:52:03.443 E/Braze v41.1.1 .f(13187): 	at androidx.work.impl.utils.a.invoke(SourceFile:768)
09-23 16:52:03.443 E/Braze v41.1.1 .f(13187): 	at com.braze.o.invokeSuspend(SourceFile:74)
09-23 16:52:03.443 E/Braze v41.1.1 .f(13187): 	at kotlin.coroutines.jvm.internal.BaseContinuationImpl.resumeWith(SourceFile:7)
09-23 16:52:03.443 E/Braze v41.1.1 .f(13187): 	at kotlinx.coroutines.u0.run(SourceFile:119)
09-23 16:52:03.443 E/Braze v41.1.1 .f(13187): 	at kotlinx.coroutines.h1.l0(SourceFile:76)
09-23 16:52:03.443 E/Braze v41.1.1 .f(13187): 	at kotlinx.coroutines.l0.x(SourceFile:94)
09-23 16:52:03.443 E/Braze v41.1.1 .f(13187): 	at kotlinx.coroutines.l0.w(SourceFile:2)
09-23 16:52:03.443 E/Braze v41.1.1 .f(13187): 	at com.braze.p.invokeSuspend(SourceFile:23)
09-23 16:52:03.443 E/Braze v41.1.1 .f(13187): 	at kotlin.coroutines.jvm.internal.BaseContinuationImpl.resumeWith(SourceFile:7)
09-23 16:52:03.443 E/Braze v41.1.1 .f(13187): 	at kotlinx.coroutines.u0.run(SourceFile:119)
09-23 16:52:03.443 E/Braze v41.1.1 .f(13187): 	at java.util.concurrent.ThreadPoolExecutor.runWorker(ThreadPoolExecutor.java:1100)
09-23 16:52:03.443 E/Braze v41.1.1 .f(13187): 	at java.util.concurrent.ThreadPoolExecutor$Worker.run(ThreadPoolExecutor.java:624)
09-23 16:52:03.443 E/Braze v41.1.1 .f(13187): 	at java.lang.Thread.run(Thread.java:1572)
09-23 16:52:03.443 W/Braze v41.1.1 .Braze(13187): API key not present. Actions will not be performed on the SDK.
09-23 16:52:03.456 W/twitter.android(13187): Reducing the number of considered missed Gc histogram windows from 252 to 100
09-23 16:52:03.458 W/System  (13187): A resource failed to call close. 
09-23 16:52:05.503 I/pixel-thermal( 2330): cellular-emergency:34.1998 raw data: VIRTUAL-SKIN:34199.8 VIRTUAL-SKIN-SUB-0:34024.1 VIRTUAL-SKIN-SUB-1:31583.2 VIRTUAL-SKIN-SUB-10:33515.6 VIRTUAL-SKIN-SUB-2:32329.9 VIRTUAL-SKIN-SUB-3:32475.8 VIRTUAL-SKIN-SUB-4:32854.2 VIRTUAL-SKIN-SUB-5:33279.4 VIRTUAL-SKIN-SUB-6:31875.6 VIRTUAL-SKIN-SUB-7:33779 VIRTUAL-SKIN-SUB-8:34149.7 VIRTUAL-SKIN-SUB-9:34199.8 battery:34100 cam_therm:33998 cellular-emergency:34199.8 charge_therm:37582 disp_therm:34599 neutral_therm:35200 north_therm:33175 quiet_therm:35490 soc_therm:38294 usb_pwr_therm:34866 
09-23 16:52:05.503 I/pixel-thermal( 2330): VIRTUAL-SKIN-HINT:34.1998 raw data: VIRTUAL-SKIN:34199.8 VIRTUAL-SKIN-HINT:34199.8 
09-23 16:52:05.503 I/pixel-thermal( 2330): VIRTUAL-SKIN-CPU-LIGHT-ODPM:34.1998 raw data: VIRTUAL-SKIN:34199.8 VIRTUAL-SKIN-CPU-LIGHT-ODPM:34199.8 
09-23 16:52:05.503 I/pixel-thermal( 2330): VIRTUAL-SKIN-CPU-MID:34.1998 raw data: VIRTUAL-SKIN:34199.8 VIRTUAL-SKIN-CPU-MID:34199.8 
09-23 16:52:05.504 I/pixel-thermal( 2330): VIRTUAL-SKIN-CPU-HIGH:34.1998 raw data: VIRTUAL-SKIN:34199.8 VIRTUAL-SKIN-CPU-HIGH:34199.8 
09-23 16:52:05.504 I/pixel-thermal( 2330): VIRTUAL-SKIN-SOC:34.1998 raw data: VIRTUAL-SKIN:34199.8 VIRTUAL-SKIN-SOC:34199.8 
09-23 16:52:05.504 I/pixel-thermal( 2330): VIRTUAL-SKIN-GPU:34.1998 raw data: VIRTUAL-SKIN:34199.8 VIRTUAL-SKIN-GPU:34199.8 
09-23 16:52:05.504 I/pixel-thermal( 2330): VIRTUAL-SKIN-SPEAKER:30.947 raw data: VIRTUAL-SKIN-SPEAKER:30947 VIRTUAL-SKIN-SPEAKER-SUB-0:29878.2 VIRTUAL-SKIN-SPEAKER-SUB-1:30793.4 VIRTUAL-SKIN-SPEAKER-SUB-2:30947 battery:34100 cam_therm:33998 charge_therm:37582 disp_therm:34599 neutral_therm:35200 north_therm:33175 quiet_therm:35490 soc_therm:38294 usb_pwr_therm:34866 
09-23 16:52:05.504 I/pixel-thermal( 2330): VIRTUAL-SKIN-CHARGE-WIRED:34.1497 raw data: NO_WLC:1 VIRTUAL-SKIN-CHARGE:34149.7 VIRTUAL-SKIN-CHARGE-SUB-0:33987.1 VIRTUAL-SKIN-CHARGE-SUB-1:32905.8 VIRTUAL-SKIN-CHARGE-SUB-2:32731.1 VIRTUAL-SKIN-CHARGE-SUB-3:34149.7 VIRTUAL-SKIN-CHARGE-WIRED:34149.7 WLC_CHECK:1 battery:34100 cam_therm:33998 charge_therm:37582 disp_therm:34599 neutral_therm:35200 north_therm:33175 quiet_therm:35490 soc_therm:38294 thb_hda:0 usb_pwr_therm:34866 
09-23 16:52:05.504 I/pixel-thermal( 2330): VIRTUAL-SKIN-CHARGE-WIRED power_budget=4039.18 err=3.85026 s_power=2527 time_elapsed_ms=7023 p=458.181 i=1302 d=0 dt_per_min=nan compensation=0 budget transient=0 control target=2 excluded power budget=248.006 (PARTIAL_SYSTEM_POWER: 2066.71 mW, cdev_weight: 0.120000)
09-23 16:52:05.504 I/pixel-thermal( 2330): VIRTUAL-SKIN:34.1998 raw data: VIRTUAL-SKIN:34199.8 
09-23 16:52:05.504 I/pixel-thermal( 2330): quiet_therm:35.49 raw data: quiet_therm:35490 
09-23 16:52:05.505 I/pixel-thermal( 2330): VIRTUAL-SKIN-CHARGE-PERSIST:34.1497 raw data: VIRTUAL-SKIN-CHARGE:34149.7 VIRTUAL-SKIN-CHARGE-PERSIST:34149.7 
09-23 16:52:05.505 I/pixel-thermal( 2330): VIRTUAL-SKIN-CHARGE-PERSIST power_budget=4791.1 err=6.85026 s_power=2383 time_elapsed_ms=7023 p=1459.11 i=1383 d=0 dt_per_min=nan compensation=0 budget transient=0 control target=2 excluded power budget=434.01 (PARTIAL_SYSTEM_POWER: 2066.71 mW, cdev_weight: 0.210000)
09-23 16:52:06.202 I/pixel-thermal( 2330): disp_therm:34.599 raw data: disp_therm:34599 
09-23 16:52:06.203 I/pixel-thermal( 2330): north_therm:33.175 raw data: north_therm:33175 
09-23 16:52:06.203 I/pixel-thermal( 2330): cam_therm:33.998 raw data: cam_therm:33998 
09-23 16:52:06.286 I/WifiHAL ( 1519): Creating message to get link statistics; iface = 48
09-23 16:52:06.328 W/hwc-display(  680): FBManager: cached buffers size 33 exceeds limitation(32) while adding fbId 456
09-23 16:52:06.398 I/WifiHAL ( 1519): Getting cached scan results, iface handle = 0xb400007cee0138d0
09-23 16:52:06.398 E/WifiHAL ( 1519): Creating message to get cached scan results
09-23 16:52:06.406 I/WifiHAL ( 1519): In GetCachedScanResultsCommand::handleResponse
09-23 16:52:06.406 E/libbinder.IPCThreadState( 1519): binder thread pool (1 threads) starved for 119 ms
09-23 16:52:06.445 I/WifiHAL ( 1519): CreateRequest mType = GET_FEATURE
09-23 16:52:07.181 I/pixel-thermal( 2330): VIRTUAL-SKIN:34.1998 raw data: VIRTUAL-SKIN:34199.8 
09-23 16:52:07.234 W/AppOps  ( 1948): Noting op not finished: uid 1000 pkg android code 169 startTime of in progress event=1789164585347
09-23 16:52:08.267 I/bthal.activity( 1461): bt_power: LeAdvStat: 16:52:07:266 - 16:52:08:266, duration: 1000, le_adv_count: 1, total_le_adv_count: 113005, total_event_count: 1
09-23 16:52:09.448 I/WifiHAL ( 1519): Creating message to get link statistics; iface = 48
09-23 16:52:09.548 I/WifiHAL ( 1519): Getting cached scan results, iface handle = 0xb400007cee0138d0
09-23 16:52:09.548 E/WifiHAL ( 1519): Creating message to get cached scan results
09-23 16:52:09.552 I/WifiHAL ( 1519): In GetCachedScanResultsCommand::handleResponse
09-23 16:52:09.552 E/libbinder.IPCThreadState( 1519): binder thread pool (1 threads) starved for 103 ms
09-23 16:52:09.572 I/WifiHAL ( 1519): CreateRequest mType = GET_FEATURE
09-23 16:52:10.043 W/HWUI    (17675): Warning: Reusing an immutable bitmap as an image decoder target.
09-23 16:52:10.750 I/NearbyMediums(31664): Found Fast Ble Advertisements :
09-23 16:52:10.750 I/NearbyMediums(31664): BleAdvertisement { version=2, socketVersion=2, isFast=true, serviceIdHash=null, data=[ 0x23 0x51 0x5a 0x37 0x45 0x11 0x32 0x6f 0xd3 0x3d 0x93 0x8d 0xe4 0x24 0x58 0xb3 0xc7 0xe7 0xec 0xe9 0xe0 0x22 0x9a ], deviceToken=[ 0xe1 0xa7 ], rxAdvertisement=[ 0xa0 0x17 0x40 0x77 0xb6 0x4a 0xa2 0xf1 0xb8 0x5e 0x89 0xd0 0xfa 0x3b 0xb9 0x21 0xf4 0xe6 0x35 0x5a 0x51 0x3f 0x27 0x59 0xc1 0xcd 0x0d 0x49 0x08 0x20 0x37 0x65 0xbb 0x5c 0x84 0x15 0x05 0x7f 0x1f 0x00 0x84 0x15 0x06 0x60 0x1f 0x00 0x84 0x15 0x04 0x7f 0x1f 0x00 0x84 0x15 0x07 0x63 0x1f 0x00 0x83 0x15 0x01 0x16 0x71 ] } : 2 times.
09-23 16:52:10.750 I/NearbyMediums(31664): Total 2 fast advertisements from 1 unique advertisers.
09-23 16:52:10.750 I/NearbyMediums(31664): Current Tracked Scanning Clients are : {NearbyConnections.EnvironmentMonitor, NearbySharing}
09-23 16:52:10.876 I/android.youtube(17675): NativeAlloc concurrent mark compact GC freed 19MB AllocSpace bytes, 23(1628KB) LOS objects, 79% free, 103MB/512MB, paused 541us,3.992ms total 163.297ms
09-23 16:52:10.880 W/System  (17675): A resource failed to call destroy. 
09-23 16:52:10.880 W/System  (17675): A resource failed to call destroy. 
09-23 16:52:10.882 W/System  (17675): A resource failed to call destroy. 
09-23 16:52:10.882 W/System  (17675): A resource failed to call destroy. 
09-23 16:52:10.883 W/System  (17675): A resource failed to call destroy. 
09-23 16:52:10.883 W/System  (17675): A resource failed to call destroy. 
09-23 16:52:10.883 W/System  (17675): A resource failed to call destroy. 
09-23 16:52:10.883 W/System  (17675): A resource failed to call destroy. 
09-23 16:52:10.884 W/System  (17675): A resource failed to call destroy. 
09-23 16:52:10.884 W/System  (17675): A resource failed to call destroy. 
09-23 16:52:11.136 I/bthal.activity( 1461): bt_power: LeAdvStat: 16:52:10:136 - 16:52:11:136, duration: 1000, le_adv_count: 1, total_le_adv_count: 113006, total_event_count: 1
09-23 16:52:11.870 I/AHal::Cs35l41Health( 1458): GetImpedances: speaker [0] impedance: 6.53209 Ohms
09-23 16:52:11.870 I/AHal::Cs35l41Health( 1458): GetImpedances: speaker [1] impedance: 7.02757 Ohms
09-23 16:52:11.871 I/AHal::Cs35l41Health( 1458): GetTemperatures: DSP1 Protection cd BDLOG_MAX_TEMP Max temp: 0x169534 ==> 90.3313 C
09-23 16:52:11.871 I/AHal::Cs35l41Health( 1458): GetTemperatures: R DSP1 Protection cd BDLOG_MAX_TEMP Max temp: 0x13e6f4 ==> 79.6086 C
09-23 16:52:11.871 I/AHal::Cs35l41Health( 1458): GetExcursions: DSP1 Protection cd BDLOG_MAX_EXC Max exc: 0x39999 ==> 0.449999 mm
09-23 16:52:11.871 I/AHal::Cs35l41Health( 1458): GetExcursions: R DSP1 Protection cd BDLOG_MAX_EXC Max exc: 0x3ffff ==> 0.499998 mm
09-23 16:52:11.871 I/AHal::Cs35l41Health( 1458): GetHeartBeats: DSP1 Protection 400a4 HALO_HEARTBEAT dsp heartbeat = 0x53f484
09-23 16:52:11.871 I/AHal::Cs35l41Health( 1458): GetHeartBeats: R DSP1 Protection 400a4 HALO_HEARTBEAT dsp heartbeat = 0x53f486
09-23 16:52:12.516 I/pixel-thermal( 2330): cellular-emergency:34.1583 raw data: VIRTUAL-SKIN:34158.3 VIRTUAL-SKIN-SUB-0:33971.3 VIRTUAL-SKIN-SUB-1:31540.7 VIRTUAL-SKIN-SUB-10:33506.3 VIRTUAL-SKIN-SUB-2:32312 VIRTUAL-SKIN-SUB-3:32442.8 VIRTUAL-SKIN-SUB-4:32871.8 VIRTUAL-SKIN-SUB-5:33235.6 VIRTUAL-SKIN-SUB-6:31814.9 VIRTUAL-SKIN-SUB-7:33753.9 VIRTUAL-SKIN-SUB-8:34126.4 VIRTUAL-SKIN-SUB-9:34158.3 battery:34000 cam_therm:33954 cellular-emergency:34158.3 charge_therm:37560 disp_therm:34666 neutral_therm:35200 north_therm:33197 quiet_therm:35245 soc_therm:38250 usb_pwr_therm:34911 
09-23 16:52:12.517 I/pixel-thermal( 2330): VIRTUAL-SKIN-HINT:34.1583 raw data: VIRTUAL-SKIN:34158.3 VIRTUAL-SKIN-HINT:34158.3 
09-23 16:52:12.517 I/pixel-thermal( 2330): VIRTUAL-SKIN-CPU-LIGHT-ODPM:34.1583 raw data: VIRTUAL-SKIN:34158.3 VIRTUAL-SKIN-CPU-LIGHT-ODPM:34158.3 
09-23 16:52:12.517 I/pixel-thermal( 2330): VIRTUAL-SKIN-CPU-MID:34.1583 raw data: VIRTUAL-SKIN:34158.3 VIRTUAL-SKIN-CPU-MID:34158.3 
09-23 16:52:12.517 I/pixel-thermal( 2330): VIRTUAL-SKIN-CPU-HIGH:34.1583 raw data: VIRTUAL-SKIN:34158.3 VIRTUAL-SKIN-CPU-HIGH:34158.3 
09-23 16:52:12.517 I/pixel-thermal( 2330): VIRTUAL-SKIN-SOC:34.1583 raw data: VIRTUAL-SKIN:34158.3 VIRTUAL-SKIN-SOC:34158.3 
09-23 16:52:12.517 I/pixel-thermal( 2330): VIRTUAL-SKIN-GPU:34.1583 raw data: VIRTUAL-SKIN:34158.3 VIRTUAL-SKIN-GPU:34158.3 
09-23 16:52:12.518 I/pixel-thermal( 2330): VIRTUAL-SKIN-SPEAKER:30.8842 raw data: VIRTUAL-SKIN-SPEAKER:30884.2 VIRTUAL-SKIN-SPEAKER-SUB-0:29653.2 VIRTUAL-SKIN-SPEAKER-SUB-1:30775 VIRTUAL-SKIN-SPEAKER-SUB-2:30884.2 battery:34000 cam_therm:33954 charge_therm:37560 disp_therm:34666 neutral_therm:35200 north_therm:33197 quiet_therm:35245 soc_therm:38250 usb_pwr_therm:34911 
09-23 16:52:12.518 I/pixel-thermal( 2330): VIRTUAL-SKIN-CHARGE-WIRED:34.1264 raw data: NO_WLC:1 VIRTUAL-SKIN-CHARGE:34126.4 VIRTUAL-SKIN-CHARGE-SUB-0:33921.6 VIRTUAL-SKIN-CHARGE-SUB-1:32916.5 VIRTUAL-SKIN-CHARGE-SUB-2:32710.6 VIRTUAL-SKIN-CHARGE-SUB-3:34126.4 VIRTUAL-SKIN-CHARGE-WIRED:34126.4 WLC_CHECK:1 battery:34000 cam_therm:33954 charge_therm:37560 disp_therm:34666 neutral_therm:35200 north_therm:33197 quiet_therm:35245 soc_therm:38250 thb_hda:0 usb_pwr_therm:34911 
09-23 16:52:12.519 I/pixel-thermal( 2330): VIRTUAL-SKIN-CHARGE-WIRED power_budget=4040.13 err=3.87365 s_power=2527 time_elapsed_ms=7018 p=460.964 i=1302 d=0 dt_per_min=nan compensation=0 budget transient=0 control target=2 excluded power budget=249.833 (PARTIAL_SYSTEM_POWER: 2081.94 mW, cdev_weight: 0.120000)
09-23 16:52:12.519 I/pixel-thermal( 2330): VIRTUAL-SKIN:34.1583 raw data: VIRTUAL-SKIN:34158.3 
09-23 16:52:12.519 I/pixel-thermal( 2330): quiet_therm:35.245 raw data: quiet_therm:35245 
09-23 16:52:12.519 I/pixel-thermal( 2330): VIRTUAL-SKIN-CHARGE-PERSIST:34.1264 raw data: VIRTUAL-SKIN-CHARGE:34126.4 VIRTUAL-SKIN-CHARGE-PERSIST:34126.4 
09-23 16:52:12.519 I/pixel-thermal( 2330): VIRTUAL-SKIN-CHARGE-PERSIST power_budget=4792.88 err=6.87365 s_power=2383 time_elapsed_ms=7018 p=1464.09 i=1383 d=0 dt_per_min=nan compensation=0 budget transient=0 control target=2 excluded power budget=437.208 (PARTIAL_SYSTEM_POWER: 2081.94 mW, cdev_weight: 0.210000)
09-23 16:52:12.575 I/WifiHAL ( 1519): Creating message to get link statistics; iface = 48
09-23 16:52:12.669 I/WifiHAL ( 1519): Getting cached scan results, iface handle = 0xb400007cee0138d0
09-23 16:52:12.669 E/WifiHAL ( 1519): Creating message to get cached scan results
09-23 16:52:12.674 I/WifiHAL ( 1519): In GetCachedScanResultsCommand::handleResponse
09-23 16:52:12.694 I/WifiHAL ( 1519): CreateRequest mType = GET_FEATURE
09-23 16:52:13.223 I/pixel-thermal( 2330): disp_therm:34.666 raw data: disp_therm:34666 
09-23 16:52:13.224 I/pixel-thermal( 2330): north_therm:33.197 raw data: north_therm:33197 
09-23 16:52:13.224 I/pixel-thermal( 2330): cam_therm:33.954 raw data: cam_therm:33954 
09-23 16:52:14.024 I/WM-WorkerWrapper(22531): Worker result SUCCESS for Work [ id=086bfe53-b7aa-4325-a5c3-a19bc6ef19b2, tags={ com.whatsapp.infra.networking.xmpp.lifecycle.XmppLifecycleWorker } ]
09-23 16:52:15.038 I/fghg    (12246): (REDACTED) HDM. appOpsListener %s %s
09-23 16:52:15.039 I/fghg    (12246): (REDACTED) HDM. Ignoring irrelevant audio permission changes for package %s
09-23 16:52:15.040 I/RethinkDnsVpn(27710): preflow: returning uid: 2000 for src: (10.111.222.1, 57626), dst: (10.111.222.3, 53), isRethink? false
09-23 16:52:15.042 I/RethinkDnsVpn(27710): flow/inflow: returning mark: Mark{PIDCSV:Base,CID:104d36dfb355727a,UID:2000,IP:,} for connId: 104d36dfb355727a, uid: 2000, cm: null
09-23 16:52:15.043 I/ProxyLogs(27710): no proxy ids found for 2000, , 0, r4---sn-hxa7zn7s.googlevideo.com; returning Preferred
09-23 16:52:15.044 I/ProxyLogs(27710): no proxy ids found for 2000, , 0, r4---sn-hxa7zn7s.googlevideo.com; returning Base
09-23 16:52:15.044 I/RethinkDnsVpn(27710): TunDnsManager onQuery: for 2000, r4---sn-hxa7zn7s.googlevideo.com, returning DNSOpts{UID:2000,IPCSV:,TIDCSV:CachePreferred:Base,TIDSECCSV:,NOBLOCK:false,}
09-23 16:52:15.349 I/bthal.activity( 1461): bt_power: LeAdvStat: 16:52:14:349 - 16:52:15:349, duration: 1000, le_adv_count: 1, total_le_adv_count: 113007, total_event_count: 1
09-23 16:52:15.700 I/WifiHAL ( 1519): Creating message to get link statistics; iface = 48
09-23 16:52:15.742 I/WifiHAL ( 1519): Getting cached scan results, iface handle = 0xb400007cee0138d0
09-23 16:52:15.742 E/WifiHAL ( 1519): Creating message to get cached scan results
09-23 16:52:15.747 I/WifiHAL ( 1519): In GetCachedScanResultsCommand::handleResponse
09-23 16:52:15.774 I/WifiHAL ( 1519): CreateRequest mType = GET_FEATURE
09-23 16:52:17.194 I/pixel-thermal( 2330): VIRTUAL-SKIN:34.2277 raw data: VIRTUAL-SKIN:34227.7 VIRTUAL-SKIN-SUB-0:34023.1 VIRTUAL-SKIN-SUB-1:31537.9 VIRTUAL-SKIN-SUB-10:33551.3 VIRTUAL-SKIN-SUB-2:32304.6 VIRTUAL-SKIN-SUB-3:32506.8 VIRTUAL-SKIN-SUB-4:32841.1 VIRTUAL-SKIN-SUB-5:33309.7 VIRTUAL-SKIN-SUB-6:31761.7 VIRTUAL-SKIN-SUB-7:33764.4 VIRTUAL-SKIN-SUB-8:34126.9 VIRTUAL-SKIN-SUB-9:34227.7 battery:34100 cam_therm:33998 charge_therm:37560 disp_therm:34621 neutral_therm:35178 north_therm:33152 quiet_therm:35133 soc_therm:38450 usb_pwr_therm:34822 
09-23 16:52:18.783 I/WifiHAL ( 1519): Creating message to get link statistics; iface = 48
09-23 16:52:18.862 I/WifiHAL ( 1519): Getting cached scan results, iface handle = 0xb400007cee0138d0
09-23 16:52:18.863 E/WifiHAL ( 1519): Creating message to get cached scan results
09-23 16:52:18.871 I/WifiHAL ( 1519): In GetCachedScanResultsCommand::handleResponse
09-23 16:52:18.914 I/WifiHAL ( 1519): CreateRequest mType = GET_FEATURE
09-23 16:52:19.128 I/RethinkDnsVpn(27710): preflow: returning uid: 2000 for src: (10.111.222.1, 49284), dst: (10.111.222.3, 53), isRethink? false
09-23 16:52:19.130 I/RethinkDnsVpn(27710): flow/inflow: returning mark: Mark{PIDCSV:Base,CID:4e5e4df078f98c4d,UID:2000,IP:,} for connId: 4e5e4df078f98c4d, uid: 2000, cm: null
09-23 16:52:19.131 I/ProxyLogs(27710): no proxy ids found for 2000, , 0, rr1---sn-a5mekn6k.googlevideo.com; returning Preferred
09-23 16:52:19.133 I/ProxyLogs(27710): no proxy ids found for 2000, , 0, rr1---sn-a5mekn6k.googlevideo.com; returning Base
09-23 16:52:19.133 I/RethinkDnsVpn(27710): TunDnsManager onQuery: for 2000, rr1---sn-a5mekn6k.googlevideo.com, returning DNSOpts{UID:2000,IPCSV:,TIDCSV:CachePreferred:Base,TIDSECCSV:,NOBLOCK:false,}
09-23 16:52:19.547 I/pixel-thermal( 2330): cellular-emergency:34.2277 raw data: VIRTUAL-SKIN:34227.7 VIRTUAL-SKIN-SUB-0:34023.1 VIRTUAL-SKIN-SUB-1:31537.9 VIRTUAL-SKIN-SUB-10:33551.3 VIRTUAL-SKIN-SUB-2:32304.6 VIRTUAL-SKIN-SUB-3:32506.8 VIRTUAL-SKIN-SUB-4:32841.1 VIRTUAL-SKIN-SUB-5:33309.7 VIRTUAL-SKIN-SUB-6:31761.7 VIRTUAL-SKIN-SUB-7:33764.4 VIRTUAL-SKIN-SUB-8:34126.9 VIRTUAL-SKIN-SUB-9:34227.7 battery:34100 cam_therm:33998 cellular-emergency:34227.7 charge_therm:37560 disp_therm:34621 neutral_therm:35178 north_therm:33152 quiet_therm:35133 soc_therm:38450 usb_pwr_therm:34822 
09-23 16:52:19.548 I/pixel-thermal( 2330): VIRTUAL-SKIN-HINT:34.2277 raw data: VIRTUAL-SKIN:34227.7 VIRTUAL-SKIN-HINT:34227.7 
09-23 16:52:19.548 I/pixel-thermal( 2330): VIRTUAL-SKIN-CPU-LIGHT-ODPM:34.2277 raw data: VIRTUAL-SKIN:34227.7 VIRTUAL-SKIN-CPU-LIGHT-ODPM:34227.7 
09-23 16:52:19.548 I/pixel-thermal( 2330): VIRTUAL-SKIN-CPU-MID:34.2277 raw data: VIRTUAL-SKIN:34227.7 VIRTUAL-SKIN-CPU-MID:34227.7 
09-23 16:52:19.548 I/pixel-thermal( 2330): VIRTUAL-SKIN-CPU-HIGH:34.2277 raw data: VIRTUAL-SKIN:34227.7 VIRTUAL-SKIN-CPU-HIGH:34227.7 
09-23 16:52:19.548 I/pixel-thermal( 2330): VIRTUAL-SKIN-SOC:34.2277 raw data: VIRTUAL-SKIN:34227.7 VIRTUAL-SKIN-SOC:34227.7 
09-23 16:52:19.548 I/pixel-thermal( 2330): VIRTUAL-SKIN-GPU:34.2277 raw data: VIRTUAL-SKIN:34227.7 VIRTUAL-SKIN-GPU:34227.7 
09-23 16:52:19.548 I/pixel-thermal( 2330): VIRTUAL-SKIN-SPEAKER:30.8792 raw data: VIRTUAL-SKIN-SPEAKER:30879.2 VIRTUAL-SKIN-SPEAKER-SUB-0:29560.8 VIRTUAL-SKIN-SPEAKER-SUB-1:30774.2 VIRTUAL-SKIN-SPEAKER-SUB-2:30879.2 battery:34100 cam_therm:33998 charge_therm:37560 disp_therm:34621 neutral_therm:35178 north_therm:33152 quiet_therm:35133 soc_therm:38450 usb_pwr_therm:34822 
09-23 16:52:19.549 I/pixel-thermal( 2330): VIRTUAL-SKIN-CHARGE-WIRED:34.1269 raw data: NO_WLC:1 VIRTUAL-SKIN-CHARGE:34126.9 VIRTUAL-SKIN-CHARGE-SUB-0:33930.1 VIRTUAL-SKIN-CHARGE-SUB-1:32904.9 VIRTUAL-SKIN-CHARGE-SUB-2:32737.2 VIRTUAL-SKIN-CHARGE-SUB-3:34126.9 VIRTUAL-SKIN-CHARGE-WIRED:34126.9 WLC_CHECK:1 battery:34100 cam_therm:33998 charge_therm:37560 disp_therm:34621 neutral_therm:35178 north_therm:33152 quiet_therm:35133 soc_therm:38450 thb_hda:0 usb_pwr_therm:34822 
09-23 16:52:19.549 I/pixel-thermal( 2330): VIRTUAL-SKIN-CHARGE-WIRED power_budget=4045.35 err=3.87313 s_power=2527 time_elapsed_ms=7021 p=460.903 i=1302 d=-0 dt_per_min=nan compensation=0 budget transient=0 control target=2 excluded power budget=244.55 (PARTIAL_SYSTEM_POWER: 2037.91 mW, cdev_weight: 0.120000)
09-23 16:52:19.549 I/pixel-thermal( 2330): VIRTUAL-SKIN:34.2277 raw data: VIRTUAL-SKIN:34227.7 
09-23 16:52:19.549 I/pixel-thermal( 2330): quiet_therm:35.133 raw data: quiet_therm:35133 
09-23 16:52:19.549 I/pixel-thermal( 2330): VIRTUAL-SKIN-CHARGE-PERSIST:34.1269 raw data: VIRTUAL-SKIN-CHARGE:34126.9 VIRTUAL-SKIN-CHARGE-PERSIST:34126.9 
09-23 16:52:19.549 I/pixel-thermal( 2330): VIRTUAL-SKIN-CHARGE-PERSIST power_budget=4802.01 err=6.87313 s_power=2383 time_elapsed_ms=7021 p=1463.98 i=1383 d=-0 dt_per_min=nan compensation=0 budget transient=0 control target=2 excluded power budget=427.962 (PARTIAL_SYSTEM_POWER: 2037.91 mW, cdev_weight: 0.210000)
09-23 16:52:20.244 I/pixel-thermal( 2330): disp_therm:34.621 raw data: disp_therm:34621 
09-23 16:52:20.244 I/pixel-thermal( 2330): north_therm:33.152 raw data: north_therm:33152 
09-23 16:52:20.245 I/pixel-thermal( 2330): cam_therm:33.998 raw data: cam_therm:33998 
09-23 16:52:20.753 I/NearbyMediums(31664): Found Fast Ble Advertisements :
09-23 16:52:20.753 I/NearbyMediums(31664): BleAdvertisement { version=2, socketVersion=2, isFast=true, serviceIdHash=null, data=[ 0x23 0x51 0x5a 0x37 0x45 0x11 0x32 0x6f 0xd3 0x3d 0x93 0x8d 0xe4 0x24 0x58 0xb3 0xc7 0xe7 0xec 0xe9 0xe0 0x22 0x9a ], deviceToken=[ 0xe1 0xa7 ], rxAdvertisement=[ 0xa0 0x17 0x40 0x77 0xb6 0x4a 0xa2 0xf1 0xb8 0x5e 0x89 0xd0 0xfa 0x3b 0xb9 0x21 0xf4 0xe6 0x35 0x5a 0x51 0x3f 0x27 0x59 0xc1 0xcd 0x0d 0x49 0x08 0x20 0x37 0x65 0xbb 0x5c 0x84 0x15 0x05 0x7f 0x1f 0x00 0x84 0x15 0x06 0x60 0x1f 0x00 0x84 0x15 0x04 0x7f 0x1f 0x00 0x84 0x15 0x07 0x63 0x1f 0x00 0x83 0x15 0x01 0x16 0x71 ] } : 1 times.
09-23 16:52:20.753 I/NearbyMediums(31664): Total 1 fast advertisements from 1 unique advertisers.
09-23 16:52:20.753 I/NearbyMediums(31664): Current Tracked Scanning Clients are : {NearbyConnections.EnvironmentMonitor, NearbySharing}
09-23 16:52:21.919 I/WifiHAL ( 1519): Creating message to get link statistics; iface = 48
09-23 16:52:22.036 I/WifiHAL ( 1519): Getting cached scan results, iface handle = 0xb400007cee0138d0
09-23 16:52:22.036 E/WifiHAL ( 1519): Creating message to get cached scan results
09-23 16:52:22.044 I/WifiHAL ( 1519): In GetCachedScanResultsCommand::handleResponse
09-23 16:52:22.044 E/libbinder.IPCThreadState( 1519): binder thread pool (1 threads) starved for 125 ms
09-23 16:52:22.086 I/WifiHAL ( 1519): CreateRequest mType = GET_FEATURE
09-23 16:52:23.017 I/AHal::Cs35l41Health( 1458): GetImpedances: speaker [0] impedance: 6.5614 Ohms
09-23 16:52:23.017 I/AHal::Cs35l41Health( 1458): GetImpedances: speaker [1] impedance: 7.01685 Ohms
09-23 16:52:23.018 I/AHal::Cs35l41Health( 1458): GetTemperatures: DSP1 Protection cd BDLOG_MAX_TEMP Max temp: 0x169534 ==> 90.3313 C
09-23 16:52:23.018 I/AHal::Cs35l41Health( 1458): GetTemperatures: R DSP1 Protection cd BDLOG_MAX_TEMP Max temp: 0x13e6f4 ==> 79.6086 C
09-23 16:52:23.018 I/AHal::Cs35l41Health( 1458): GetExcursions: DSP1 Protection cd BDLOG_MAX_EXC Max exc: 0x39999 ==> 0.449999 mm
09-23 16:52:23.018 I/AHal::Cs35l41Health( 1458): GetExcursions: R DSP1 Protection cd BDLOG_MAX_EXC Max exc: 0x3ffff ==> 0.499998 mm
09-23 16:52:23.019 I/AHal::Cs35l41Health( 1458): GetHeartBeats: DSP1 Protection 400a4 HALO_HEARTBEAT dsp heartbeat = 0x5435d5
09-23 16:52:23.019 I/AHal::Cs35l41Health( 1458): GetHeartBeats: R DSP1 Protection 400a4 HALO_HEARTBEAT dsp heartbeat = 0x5435d7
09-23 16:52:23.210 I/RethinkDnsVpn(27710): preflow: returning uid: 2000 for src: (10.111.222.1, 35269), dst: (10.111.222.3, 53), isRethink? false
09-23 16:52:23.212 I/RethinkDnsVpn(27710): flow/inflow: returning mark: Mark{PIDCSV:Base,CID:5c9c24d41a6592d7,UID:2000,IP:,} for connId: 5c9c24d41a6592d7, uid: 2000, cm: null
09-23 16:52:23.213 I/ProxyLogs(27710): no proxy ids found for 2000, , 0, www.youtube.com; returning Preferred
09-23 16:52:23.215 I/ProxyLogs(27710): no proxy ids found for 2000, , 0, www.youtube.com; returning Base
09-23 16:52:23.215 I/RethinkDnsVpn(27710): TunDnsManager onQuery: for 2000, www.youtube.com, returning DNSOpts{UID:2000,IPCSV:,TIDCSV:CachePreferred:Base,TIDSECCSV:,NOBLOCK:false,}
09-23 16:52:23.274 I/pixel-thermal( 2330): VIRTUAL-USB-UI:0 raw data: USB-MINUS-NEUTRAL:-289 USB-MINUS-QUIET:-200 USB_QUIET_RFFE:-200 VIRTUAL-USB-UI:0 VIRTUAL-USB-UI-SUB0:0 VSYS_PWR_RFFE:0 neutral_therm:35222 quiet_therm:35133 usb_pwr_therm:34933 
09-23 16:52:23.274 I/pixel-thermal( 2330): VIRTUAL-USB-THROTTLING:0 raw data: USB-MINUS-NEUTRAL:-289 USB-MINUS-QUIET:-200 USB_QUIET_RFFE:-200 VIRTUAL-USB-THROTTLING:0 VIRTUAL-USB-THROTTLING-SUB0:0 usb_pwr_therm:34933 
09-23 16:52:23.664 I/pixel-thermal( 2330): charge_therm:37.582 raw data: charge_therm:37582 
09-23 16:52:23.664 I/pixel-thermal( 2330): usb_pwr_therm:34.933 raw data: usb_pwr_therm:34933 
09-23 16:52:23.665 I/pixel-thermal( 2330): Power rails total power: 2219.07 mW for 60032 ms
09-23 16:52:23.665 I/pixel-thermal( 2330): Power rails [VSYS_PWR_MODEM: 25.91 mW] [S6S_LLDO2: 23.69 mW] [S8M_LLDO2: 35.49 mW] [S7M_VDD_TPU: 0.00 mW] [S6M_LLDO1: 152.50 mW] [S4M_VDD_CPUCL0: 361.99 mW] 
09-23 16:52:23.665 I/pixel-thermal( 2330): Power rails [S2M_VDD_CPUCL2: 18.90 mW] [S1M_VDD_MIF: 79.71 mW] [VSYS_PWR_MMWAVE: 0.26 mW] [S9M_VDD_CPUCL0_M: 18.37 mW] [L21S_VDD2L_MEM: 23.26 mW] [VSYS_PWR_DISPLAY: 665.47 mW] 
09-23 16:52:23.665 I/pixel-thermal( 2330): Power rails [L22M_DISP: 92.28 mW] [VSYS_PWR_RFFE: 0.01 mW] [VSYS_PWR_WLAN_BT: 102.29 mW] [S5M_VDD_INT: 77.24 mW] [S9S_VDD_AOC: 26.94 mW] [S4S_VDD2H_MEM: 81.03 mW] 
09-23 16:52:23.665 I/pixel-thermal( 2330): Power rails [S3M_VDD_CPUCL1: 346.96 mW] [L2S_PLL_MIPI_UFS: 31.89 mW] [S1S_VDD_CAM: 38.69 mW] [S2S_VDD_G3D: 5.76 mW] [S5S_VDDQ_MEM: 9.07 mW] [S8S_VDD_G3D_L2: 1.36 mW] 
09-23 16:52:23.665 I/pixel-thermal( 2330): CDEV log gxp-cooling state:0 tpu_cooling state:0 usbc-port state:0 thermal-cpufreq-1 state:0 chg_mdis state:0 thermal-gpufreq-0 state:0 thermal-cpufreq-2 state:0 thermal-cpufreq-0 state:0 
09-23 16:52:24.080 E/Firestack(27710): retrier: readfrom: Exit: (can? false / optimized? false for *dialers.splitter) done (id:/pinned?false) 10.3.0.213:52690<=57.144.63.33:443; sz: 3724; after: 40.285641s; err: read tcp 57.144.63.33:443: connection reset by peer
09-23 16:52:24.081 E/Firestack(27710): retrier: readfrom: Exit: (can? false / optimized? false for *dialers.splitter) done (id:/pinned?false) 10.3.0.213:58820<=57.145.9.32:443; sz: 2400; after: 39.423408s; err: read tcp 57.145.9.32:443: connection reset by peer
09-23 16:52:25.083 I/bthal.activity( 1461): bt_power: LeAdvStat: 16:52:24:082 - 16:52:25:083, duration: 1000, le_adv_count: 1, total_le_adv_count: 113008, total_event_count: 1
09-23 16:52:25.089 I/WifiHAL ( 1519): Creating message to get link statistics; iface = 48
09-23 16:52:25.167 I/WifiHAL ( 1519): Getting cached scan results, iface handle = 0xb400007cee0138d0
09-23 16:52:25.167 E/WifiHAL ( 1519): Creating message to get cached scan results
09-23 16:52:25.178 I/WifiHAL ( 1519): In GetCachedScanResultsCommand::handleResponse
09-23 16:52:25.218 I/WifiHAL ( 1519): CreateRequest mType = GET_FEATURE
09-23 16:52:25.280 I/adbd    ( 1740): adbd service requested 'sync:'
09-23 16:52:26.004 W/HWUI    (17675): Warning: Reusing an immutable bitmap as an image decoder target.
09-23 16:52:26.549 I/pixel-thermal( 2330): cellular-emergency:34.1941 raw data: VIRTUAL-SKIN:34194.1 VIRTUAL-SKIN-SUB-0:34006.8 VIRTUAL-SKIN-SUB-1:31537.6 VIRTUAL-SKIN-SUB-10:33508.5 VIRTUAL-SKIN-SUB-2:32347.7 VIRTUAL-SKIN-SUB-3:32466 VIRTUAL-SKIN-SUB-4:32872 VIRTUAL-SKIN-SUB-5:33271.2 VIRTUAL-SKIN-SUB-6:31782.6 VIRTUAL-SKIN-SUB-7:33782.9 VIRTUAL-SKIN-SUB-8:34111.3 VIRTUAL-SKIN-SUB-9:34194.1 battery:34100 cam_therm:34020 cellular-emergency:34194.1 charge_therm:37582 disp_therm:34599 neutral_therm:35222 north_therm:33197 quiet_therm:35133 soc_therm:38250 usb_pwr_therm:34933 
09-23 16:52:26.549 I/pixel-thermal( 2330): VIRTUAL-SKIN-HINT:34.1941 raw data: VIRTUAL-SKIN:34194.1 VIRTUAL-SKIN-HINT:34194.1 
09-23 16:52:26.549 I/pixel-thermal( 2330): VIRTUAL-SKIN-CPU-LIGHT-ODPM:34.1941 raw data: VIRTUAL-SKIN:34194.1 VIRTUAL-SKIN-CPU-LIGHT-ODPM:34194.1 
09-23 16:52:26.549 I/pixel-thermal( 2330): VIRTUAL-SKIN-CPU-MID:34.1941 raw data: VIRTUAL-SKIN:34194.1 VIRTUAL-SKIN-CPU-MID:34194.1 
09-23 16:52:26.550 I/pixel-thermal( 2330): VIRTUAL-SKIN-CPU-HIGH:34.1941 raw data: VIRTUAL-SKIN:34194.1 VIRTUAL-SKIN-CPU-HIGH:34194.1 
09-23 16:52:26.550 I/pixel-thermal( 2330): VIRTUAL-SKIN-SOC:34.1941 raw data: VIRTUAL-SKIN:34194.1 VIRTUAL-SKIN-SOC:34194.1 
09-23 16:52:26.550 I/pixel-thermal( 2330): VIRTUAL-SKIN-GPU:34.1941 raw data: VIRTUAL-SKIN:34194.1 VIRTUAL-SKIN-GPU:34194.1 
09-23 16:52:26.550 I/pixel-thermal( 2330): VIRTUAL-SKIN-SPEAKER:30.8914 raw data: VIRTUAL-SKIN-SPEAKER:30891.4 VIRTUAL-SKIN-SPEAKER-SUB-0:29567.1 VIRTUAL-SKIN-SPEAKER-SUB-1:30817.4 VIRTUAL-SKIN-SPEAKER-SUB-2:30891.4 battery:34100 cam_therm:34020 charge_therm:37582 disp_therm:34599 neutral_therm:35222 north_therm:33197 quiet_therm:35133 soc_therm:38250 usb_pwr_therm:34933 
09-23 16:52:26.551 I/pixel-thermal( 2330): VIRTUAL-SKIN-CHARGE-WIRED:34.1114 raw data: NO_WLC:1 VIRTUAL-SKIN-CHARGE:34111.3 VIRTUAL-SKIN-CHARGE-SUB-0:33897.7 VIRTUAL-SKIN-CHARGE-SUB-1:32907.8 VIRTUAL-SKIN-CHARGE-SUB-2:32717.5 VIRTUAL-SKIN-CHARGE-SUB-3:34111.3 VIRTUAL-SKIN-CHARGE-WIRED:34111.3 WLC_CHECK:1 battery:34100 cam_therm:34020 charge_therm:37582 disp_therm:34599 neutral_therm:35222 north_therm:33197 quiet_therm:35133 soc_therm:38250 thb_hda:0 usb_pwr_therm:34933 
09-23 16:52:26.551 I/pixel-thermal( 2330): VIRTUAL-SKIN-CHARGE-WIRED power_budget=4049.38 err=3.88865 s_power=2527 time_elapsed_ms=7015 p=462.749 i=1302 d=0 dt_per_min=nan compensation=0 budget transient=0 control target=2 excluded power budget=242.372 (PARTIAL_SYSTEM_POWER: 2019.77 mW, cdev_weight: 0.120000)
09-23 16:52:26.551 I/pixel-thermal( 2330): VIRTUAL-SKIN:34.1941 raw data: VIRTUAL-SKIN:34194.1 
09-23 16:52:26.551 I/pixel-thermal( 2330): quiet_therm:35.133 raw data: quiet_therm:35133 
09-23 16:52:26.551 I/pixel-thermal( 2330): VIRTUAL-SKIN-CHARGE-PERSIST:34.1114 raw data: VIRTUAL-SKIN-CHARGE:34111.3 VIRTUAL-SKIN-CHARGE-PERSIST:34111.3 
09-23 16:52:26.551 I/pixel-thermal( 2330): VIRTUAL-SKIN-CHARGE-PERSIST power_budget=4809.13 err=6.88865 s_power=2383 time_elapsed_ms=7015 p=1467.28 i=1383 d=0 dt_per_min=nan compensation=0 budget transient=0 control target=2 excluded power budget=424.151 (PARTIAL_SYSTEM_POWER: 2019.77 mW, cdev_weight: 0.210000)
09-23 16:52:27.197 I/pixel-thermal( 2330): VIRTUAL-SKIN:34.1941 raw data: VIRTUAL-SKIN:34194.1 
09-23 16:52:27.294 I/pixel-thermal( 2330): disp_therm:34.599 raw data: disp_therm:34599 
09-23 16:52:27.294 I/pixel-thermal( 2330): north_therm:33.197 raw data: north_therm:33197 
09-23 16:52:27.294 I/pixel-thermal( 2330): cam_therm:34.02 raw data: cam_therm:34020 
09-23 16:52:27.450 W/TracingMuxer( 1709): type=1400 audit(0.0:634206): avc:  denied  { write } for  name="traced_producer" dev="tmpfs" ino=1541 scontext=u:r:gxp_logging:s0 tcontext=u:object_r:traced_producer_socket:s0 tclass=sock_file permissive=0
09-23 16:52:27.946 I/SHANNON_IMS( 3290): 8568 [PROX] Received onSignalStrengthsChanged [CellSignalStrengthLte: rssi=-85 rsrp=-101 rsrq=-8 rssnr=18 cqiTableIndex=1 cqi=14 ta=4 level=2 parametersUseForLevel=0] [SLID:0 APM:false] (ImsConnectivityProxyListener$ImsPhoneStateListener%onSignalStrengthsChanged:413)
09-23 16:52:27.965 I/bthal.activity( 1461): bt_power: LeAdvStat: 16:52:26:965 - 16:52:27:965, duration: 1000, le_adv_count: 1, total_le_adv_count: 113009, total_event_count: 1
09-23 16:52:28.224 I/WifiHAL ( 1519): Creating message to get link statistics; iface = 48
09-23 16:52:28.302 I/WifiHAL ( 1519): Getting cached scan results, iface handle = 0xb400007cee0138d0
09-23 16:52:28.302 E/WifiHAL ( 1519): Creating message to get cached scan results
09-23 16:52:28.310 I/WifiHAL ( 1519): In GetCachedScanResultsCommand::handleResponse
09-23 16:52:28.349 I/WifiHAL ( 1519): CreateRequest mType = GET_FEATURE
09-23 16:52:30.756 I/NearbyMediums(31664): Found Fast Ble Advertisements :
09-23 16:52:30.756 I/NearbyMediums(31664): BleAdvertisement { version=2, socketVersion=2, isFast=true, serviceIdHash=null, data=[ 0x23 0x51 0x5a 0x37 0x45 0x11 0x32 0x6f 0xd3 0x3d 0x93 0x8d 0xe4 0x24 0x58 0xb3 0xc7 0xe7 0xec 0xe9 0xe0 0x22 0x9a ], deviceToken=[ 0xe1 0xa7 ], rxAdvertisement=[ 0xa0 0x17 0x40 0x77 0xb6 0x4a 0xa2 0xf1 0xb8 0x5e 0x89 0xd0 0xfa 0x3b 0xb9 0x21 0xf4 0xe6 0x35 0x5a 0x51 0x3f 0x27 0x59 0xc1 0xcd 0x0d 0x49 0x08 0x20 0x37 0x65 0xbb 0x5c 0x84 0x15 0x05 0x7f 0x1f 0x00 0x84 0x15 0x06 0x60 0x1f 0x00 0x84 0x15 0x04 0x7f 0x1f 0x00 0x84 0x15 0x07 0x63 0x1f 0x00 0x83 0x15 0x01 0x16 0x71 ] } : 2 times.
09-23 16:52:30.756 I/NearbyMediums(31664): Total 2 fast advertisements from 1 unique advertisers.
09-23 16:52:30.756 I/NearbyMediums(31664): Current Tracked Scanning Clients are : {NearbyConnections.EnvironmentMonitor, NearbySharing}
09-23 16:52:31.351 I/WifiHAL ( 1519): Creating message to get link statistics; iface = 48
09-23 16:52:31.433 I/WifiHAL ( 1519): Getting cached scan results, iface handle = 0xb400007cee0138d0
09-23 16:52:31.433 E/WifiHAL ( 1519): Creating message to get cached scan results
09-23 16:52:31.441 I/WifiHAL ( 1519): In GetCachedScanResultsCommand::handleResponse
09-23 16:52:31.483 I/WifiHAL ( 1519): CreateRequest mType = GET_FEATURE
09-23 16:52:31.759 I/WifiHAL ( 1519): Creating message to get link statistics; iface = 48
09-23 16:52:31.800 I/WifiHAL ( 1519): Getting cached scan results, iface handle = 0xb400007cee0138d0
09-23 16:52:31.800 E/WifiHAL ( 1519): Creating message to get cached scan results
09-23 16:52:31.804 I/WifiHAL ( 1519): In GetCachedScanResultsCommand::handleResponse
09-23 16:52:33.501 I/bthal.activity( 1461): bt_power: LeAdvStat: 16:52:32:501 - 16:52:33:501, duration: 1000, le_adv_count: 1, total_le_adv_count: 113010, total_event_count: 1
09-23 16:52:33.607 I/pixel-thermal( 2330): cellular-emergency:34.1589 raw data: VIRTUAL-SKIN:34158.9 VIRTUAL-SKIN-SUB-0:33950.8 VIRTUAL-SKIN-SUB-1:31675.7 VIRTUAL-SKIN-SUB-10:33469.8 VIRTUAL-SKIN-SUB-2:32157.2 VIRTUAL-SKIN-SUB-3:32490.3 VIRTUAL-SKIN-SUB-4:33109.4 VIRTUAL-SKIN-SUB-5:33245.9 VIRTUAL-SKIN-SUB-6:31748.6 VIRTUAL-SKIN-SUB-7:33673.5 VIRTUAL-SKIN-SUB-8:34158.9 VIRTUAL-SKIN-SUB-9:34143.7 battery:34000 cam_therm:34020 cellular-emergency:34158.9 charge_therm:37537 disp_therm:34599 neutral_therm:35044 north_therm:33464 quiet_therm:35423 soc_therm:38227 usb_pwr_therm:34399 
09-23 16:52:33.607 I/pixel-thermal( 2330): VIRTUAL-SKIN-HINT:34.1589 raw data: VIRTUAL-SKIN:34158.9 VIRTUAL-SKIN-HINT:34158.9 
09-23 16:52:33.607 I/pixel-thermal( 2330): VIRTUAL-SKIN-CPU-LIGHT-ODPM:34.1589 raw data: VIRTUAL-SKIN:34158.9 VIRTUAL-SKIN-CPU-LIGHT-ODPM:34158.9 
09-23 16:52:33.607 I/pixel-thermal( 2330): VIRTUAL-SKIN-CPU-MID:34.1589 raw data: VIRTUAL-SKIN:34158.9 VIRTUAL-SKIN-CPU-MID:34158.9 
09-23 16:52:33.607 I/pixel-thermal( 2330): VIRTUAL-SKIN-CPU-HIGH:34.1589 raw data: VIRTUAL-SKIN:34158.9 VIRTUAL-SKIN-CPU-HIGH:34158.9 
09-23 16:52:33.608 I/pixel-thermal( 2330): VIRTUAL-SKIN-SOC:34.1589 raw data: VIRTUAL-SKIN:34158.9 VIRTUAL-SKIN-SOC:34158.9 
09-23 16:52:33.608 I/pixel-thermal( 2330): VIRTUAL-SKIN-GPU:34.1589 raw data: VIRTUAL-SKIN:34158.9 VIRTUAL-SKIN-GPU:34158.9 
09-23 16:52:33.608 I/pixel-thermal( 2330): VIRTUAL-SKIN-SPEAKER:30.845 raw data: VIRTUAL-SKIN-SPEAKER:30845 VIRTUAL-SKIN-SPEAKER-SUB-0:29815.6 VIRTUAL-SKIN-SPEAKER-SUB-1:30612.1 VIRTUAL-SKIN-SPEAKER-SUB-2:30845 battery:34000 cam_therm:34020 charge_therm:37537 disp_therm:34599 neutral_therm:35044 north_therm:33464 quiet_therm:35423 soc_therm:38227 usb_pwr_therm:34399 
09-23 16:52:33.608 I/pixel-thermal( 2330): VIRTUAL-SKIN-CHARGE-WIRED:34.1589 raw data: NO_WLC:1 VIRTUAL-SKIN-CHARGE:34158.9 VIRTUAL-SKIN-CHARGE-SUB-0:33964.6 VIRTUAL-SKIN-CHARGE-SUB-1:32820.4 VIRTUAL-SKIN-CHARGE-SUB-2:32742.9 VIRTUAL-SKIN-CHARGE-SUB-3:34158.9 VIRTUAL-SKIN-CHARGE-WIRED:34158.9 WLC_CHECK:1 battery:34000 cam_therm:34020 charge_therm:37537 disp_therm:34599 neutral_therm:35044 north_therm:33464 quiet_therm:35423 soc_therm:38227 thb_hda:0 usb_pwr_therm:34399 
09-23 16:52:33.609 I/pixel-thermal( 2330): VIRTUAL-SKIN-CHARGE-WIRED power_budget=4039.96 err=3.84113 s_power=2527 time_elapsed_ms=7048 p=457.094 i=1302 d=-0 dt_per_min=nan compensation=0 budget transient=0 control target=2 excluded power budget=246.136 (PARTIAL_SYSTEM_POWER: 2051.13 mW, cdev_weight: 0.120000)
09-23 16:52:33.609 I/pixel-thermal( 2330): VIRTUAL-SKIN:34.1589 raw data: VIRTUAL-SKIN:34158.9 
09-23 16:52:33.609 I/pixel-thermal( 2330): quiet_therm:35.423 raw data: quiet_therm:35423 
09-23 16:52:33.609 I/pixel-thermal( 2330): VIRTUAL-SKIN-CHARGE-PERSIST:34.1589 raw data: VIRTUAL-SKIN-CHARGE:34158.9 VIRTUAL-SKIN-CHARGE-PERSIST:34158.9 
09-23 16:52:33.609 I/pixel-thermal( 2330): VIRTUAL-SKIN-CHARGE-PERSIST power_budget=4792.42 err=6.84113 s_power=2383 time_elapsed_ms=7048 p=1457.16 i=1383 d=-0 dt_per_min=nan compensation=0 budget transient=0 control target=2 excluded power budget=430.737 (PARTIAL_SYSTEM_POWER: 2051.13 mW, cdev_weight: 0.210000)
09-23 16:52:34.149 I/AHal::Cs35l41Health( 1458): GetImpedances: speaker [0] impedance: 6.53495 Ohms
09-23 16:52:34.149 I/AHal::Cs35l41Health( 1458): GetImpedances: speaker [1] impedance: 7.00398 Ohms
09-23 16:52:34.149 I/AHal::Cs35l41Health( 1458): GetTemperatures: DSP1 Protection cd BDLOG_MAX_TEMP Max temp: 0x169534 ==> 90.3313 C
09-23 16:52:34.149 I/AHal::Cs35l41Health( 1458): GetTemperatures: R DSP1 Protection cd BDLOG_MAX_TEMP Max temp: 0x13e6f4 ==> 79.6086 C
09-23 16:52:34.150 I/AHal::Cs35l41Health( 1458): GetExcursions: DSP1 Protection cd BDLOG_MAX_EXC Max exc: 0x39999 ==> 0.449999 mm
09-23 16:52:34.150 I/AHal::Cs35l41Health( 1458): GetExcursions: R DSP1 Protection cd BDLOG_MAX_EXC Max exc: 0x3ffff ==> 0.499998 mm
09-23 16:52:34.150 I/AHal::Cs35l41Health( 1458): GetHeartBeats: DSP1 Protection 400a4 HALO_HEARTBEAT dsp heartbeat = 0x54770e
09-23 16:52:34.150 I/AHal::Cs35l41Health( 1458): GetHeartBeats: R DSP1 Protection 400a4 HALO_HEARTBEAT dsp heartbeat = 0x547710
09-23 16:52:34.285 I/pixel-thermal( 2330): disp_therm:34.599 raw data: disp_therm:34599 
09-23 16:52:34.286 I/pixel-thermal( 2330): north_therm:33.464 raw data: north_therm:33464 
09-23 16:52:34.286 I/pixel-thermal( 2330): cam_therm:34.02 raw data: cam_therm:34020 
09-23 16:52:34.489 I/WifiHAL ( 1519): Creating message to get link statistics; iface = 48
09-23 16:52:34.571 I/WifiHAL ( 1519): Getting cached scan results, iface handle = 0xb400007cee0138d0
09-23 16:52:34.571 E/WifiHAL ( 1519): Creating message to get cached scan results
09-23 16:52:34.579 I/WifiHAL ( 1519): In GetCachedScanResultsCommand::handleResponse
09-23 16:52:34.618 I/WifiHAL ( 1519): CreateRequest mType = GET_FEATURE
09-23 16:52:36.225 I/system_server( 1948): Background young concurrent mark compact GC freed 28MB AllocSpace bytes, 391(14MB) LOS objects, 70% free, 150MB/512MB, paused 1.657ms,22.178ms total 170.566ms
09-23 16:52:36.359 I/bthal.activity( 1461): bt_power: LeAdvStat: 16:52:35:281 - 16:52:36:359, duration: 1077, le_adv_count: 2, total_le_adv_count: 113012, total_event_count: 2
09-23 16:52:37.208 I/pixel-thermal( 2330): VIRTUAL-SKIN:34.2109 raw data: VIRTUAL-SKIN:34210.9 VIRTUAL-SKIN-SUB-0:33991.7 VIRTUAL-SKIN-SUB-1:31572.1 VIRTUAL-SKIN-SUB-10:33544.8 VIRTUAL-SKIN-SUB-2:32322.1 VIRTUAL-SKIN-SUB-3:32502.7 VIRTUAL-SKIN-SUB-4:32937 VIRTUAL-SKIN-SUB-5:33291.8 VIRTUAL-SKIN-SUB-6:31769.8 VIRTUAL-SKIN-SUB-7:33781.9 VIRTUAL-SKIN-SUB-8:34122.4 VIRTUAL-SKIN-SUB-9:34210.9 battery:34100 cam_therm:33954 charge_therm:37560 disp_therm:34644 neutral_therm:35245 north_therm:33264 quiet_therm:35111 soc_therm:38339 usb_pwr_therm:34822 
09-23 16:52:37.623 I/WifiHAL ( 1519): Creating message to get link statistics; iface = 48
09-23 16:52:37.700 I/WifiHAL ( 1519): Getting cached scan results, iface handle = 0xb400007cee0138d0
09-23 16:52:37.700 E/WifiHAL ( 1519): Creating message to get cached scan results
09-23 16:52:37.709 I/WifiHAL ( 1519): In GetCachedScanResultsCommand::handleResponse
09-23 16:52:37.710 I/bthal.activity( 1461): bt_power: LeAdvStat: 16:52:36:710 - 16:52:37:710, duration: 1000, le_adv_count: 1, total_le_adv_count: 113013, total_event_count: 1
09-23 16:52:37.747 I/WifiHAL ( 1519): CreateRequest mType = GET_FEATURE
09-23 16:52:40.567 I/bthal.activity( 1461): bt_power: LeAdvStat: 16:52:39:567 - 16:52:40:567, duration: 1000, le_adv_count: 1, total_le_adv_count: 113014, total_event_count: 1
09-23 16:52:40.622 I/pixel-thermal( 2330): cellular-emergency:34.2109 raw data: VIRTUAL-SKIN:34210.9 VIRTUAL-SKIN-SUB-0:33991.7 VIRTUAL-SKIN-SUB-1:31572.1 VIRTUAL-SKIN-SUB-10:33544.8 VIRTUAL-SKIN-SUB-2:32322.1 VIRTUAL-SKIN-SUB-3:32502.7 VIRTUAL-SKIN-SUB-4:32937 VIRTUAL-SKIN-SUB-5:33291.8 VIRTUAL-SKIN-SUB-6:31769.8 VIRTUAL-SKIN-SUB-7:33781.9 VIRTUAL-SKIN-SUB-8:34122.4 VIRTUAL-SKIN-SUB-9:34210.9 battery:34100 cam_therm:33954 cellular-emergency:34210.9 charge_therm:37560 disp_therm:34644 neutral_therm:35245 north_therm:33264 quiet_therm:35111 soc_therm:38339 usb_pwr_therm:34822 
09-23 16:52:40.622 I/pixel-thermal( 2330): VIRTUAL-SKIN-HINT:34.2109 raw data: VIRTUAL-SKIN:34210.9 VIRTUAL-SKIN-HINT:34210.9 
09-23 16:52:40.622 I/pixel-thermal( 2330): VIRTUAL-SKIN-CPU-LIGHT-ODPM:34.2109 raw data: VIRTUAL-SKIN:34210.9 VIRTUAL-SKIN-CPU-LIGHT-ODPM:34210.9 
09-23 16:52:40.622 I/pixel-thermal( 2330): VIRTUAL-SKIN-CPU-MID:34.2109 raw data: VIRTUAL-SKIN:34210.9 VIRTUAL-SKIN-CPU-MID:34210.9 
09-23 16:52:40.623 I/pixel-thermal( 2330): VIRTUAL-SKIN-CPU-HIGH:34.2109 raw data: VIRTUAL-SKIN:34210.9 VIRTUAL-SKIN-CPU-HIGH:34210.9 
09-23 16:52:40.623 I/pixel-thermal( 2330): VIRTUAL-SKIN-SOC:34.2109 raw data: VIRTUAL-SKIN:34210.9 VIRTUAL-SKIN-SOC:34210.9 
09-23 16:52:40.623 I/pixel-thermal( 2330): VIRTUAL-SKIN-GPU:34.2109 raw data: VIRTUAL-SKIN:34210.9 VIRTUAL-SKIN-GPU:34210.9 
09-23 16:52:40.623 I/pixel-thermal( 2330): VIRTUAL-SKIN-SPEAKER:30.8852 raw data: VIRTUAL-SKIN-SPEAKER:30885.2 VIRTUAL-SKIN-SPEAKER-SUB-0:29535.2 VIRTUAL-SKIN-SPEAKER-SUB-1:30767.2 VIRTUAL-SKIN-SPEAKER-SUB-2:30885.2 battery:34100 cam_therm:33954 charge_therm:37560 disp_therm:34644 neutral_therm:35245 north_therm:33264 quiet_therm:35111 soc_therm:38339 usb_pwr_therm:34822 
09-23 16:52:40.623 I/pixel-thermal( 2330): VIRTUAL-SKIN-CHARGE-WIRED:34.1224 raw data: NO_WLC:1 VIRTUAL-SKIN-CHARGE:34122.4 VIRTUAL-SKIN-CHARGE-SUB-0:33905.8 VIRTUAL-SKIN-CHARGE-SUB-1:32917.7 VIRTUAL-SKIN-CHARGE-SUB-2:32741.8 VIRTUAL-SKIN-CHARGE-SUB-3:34122.4 VIRTUAL-SKIN-CHARGE-WIRED:34122.4 WLC_CHECK:1 battery:34100 cam_therm:33954 charge_therm:37560 disp_therm:34644 neutral_therm:35245 north_therm:33264 quiet_therm:35111 soc_therm:38339 thb_hda:0 usb_pwr_therm:34822 
09-23 16:52:40.623 I/pixel-thermal( 2330): VIRTUAL-SKIN-CHARGE-WIRED power_budget=4043.38 err=3.87762 s_power=2527 time_elapsed_ms=7016 p=461.437 i=1302 d=0 dt_per_min=nan compensation=0 budget transient=0 control target=2 excluded power budget=247.057 (PARTIAL_SYSTEM_POWER: 2058.81 mW, cdev_weight: 0.120000)
09-23 16:52:40.624 I/pixel-thermal( 2330): VIRTUAL-SKIN:34.2109 raw data: VIRTUAL-SKIN:34210.9 
09-23 16:52:40.624 I/pixel-thermal( 2330): quiet_therm:35.111 raw data: quiet_therm:35111 
09-23 16:52:40.624 I/pixel-thermal( 2330): VIRTUAL-SKIN-CHARGE-PERSIST:34.1224 raw data: VIRTUAL-SKIN-CHARGE:34122.4 VIRTUAL-SKIN-CHARGE-PERSIST:34122.4 
09-23 16:52:40.624 I/pixel-thermal( 2330): VIRTUAL-SKIN-CHARGE-PERSIST power_budget=4798.58 err=6.87762 s_power=2383 time_elapsed_ms=7016 p=1464.93 i=1383 d=0 dt_per_min=nan compensation=0 budget transient=0 control target=2 excluded power budget=432.349 (PARTIAL_SYSTEM_POWER: 2058.81 mW, cdev_weight: 0.210000)
09-23 16:52:40.754 I/WifiHAL ( 1519): Creating message to get link statistics; iface = 48
09-23 16:52:40.764 I/NearbyMediums(31664): Found Fast Ble Advertisements :
09-23 16:52:40.764 I/NearbyMediums(31664): BleAdvertisement { version=2, socketVersion=2, isFast=true, serviceIdHash=null, data=[ 0x23 0x51 0x5a 0x37 0x45 0x11 0x32 0x6f 0xd3 0x3d 0x93 0x8d 0xe4 0x24 0x58 0xb3 0xc7 0xe7 0xec 0xe9 0xe0 0x22 0x9a ], deviceToken=[ 0xe1 0xa7 ], rxAdvertisement=[ 0xa0 0x17 0x40 0x77 0xb6 0x4a 0xa2 0xf1 0xb8 0x5e 0x89 0xd0 0xfa 0x3b 0xb9 0x21 0xf4 0xe6 0x35 0x5a 0x51 0x3f 0x27 0x59 0xc1 0xcd 0x0d 0x49 0x08 0x20 0x37 0x65 0xbb 0x5c 0x84 0x15 0x05 0x7f 0x1f 0x00 0x84 0x15 0x06 0x60 0x1f 0x00 0x84 0x15 0x04 0x7f 0x1f 0x00 0x84 0x15 0x07 0x63 0x1f 0x00 0x83 0x15 0x01 0x16 0x71 ] } : 5 times.
09-23 16:52:40.764 I/NearbyMediums(31664): Total 5 fast advertisements from 1 unique advertisers.
09-23 16:52:40.764 I/NearbyMediums(31664): Current Tracked Scanning Clients are : {NearbyConnections.EnvironmentMonitor, NearbySharing}
09-23 16:52:40.836 I/WifiHAL ( 1519): Getting cached scan results, iface handle = 0xb400007cee0138d0
09-23 16:52:40.836 E/WifiHAL ( 1519): Creating message to get cached scan results
09-23 16:52:40.844 I/WifiHAL ( 1519): In GetCachedScanResultsCommand::handleResponse
09-23 16:52:40.884 I/WifiHAL ( 1519): CreateRequest mType = GET_FEATURE
09-23 16:52:41.307 I/pixel-thermal( 2330): disp_therm:34.644 raw data: disp_therm:34644 
09-23 16:52:41.307 I/pixel-thermal( 2330): north_therm:33.264 raw data: north_therm:33264 
09-23 16:52:41.307 I/pixel-thermal( 2330): cam_therm:33.954 raw data: cam_therm:33954 
09-23 16:52:42.025 W/HWUI    (17675): Warning: Reusing an immutable bitmap as an image decoder target.
09-23 16:52:43.891 I/WifiHAL ( 1519): Creating message to get link statistics; iface = 48
09-23 16:52:43.969 I/WifiHAL ( 1519): Getting cached scan results, iface handle = 0xb400007cee0138d0
09-23 16:52:43.969 E/WifiHAL ( 1519): Creating message to get cached scan results
09-23 16:52:43.978 I/WifiHAL ( 1519): In GetCachedScanResultsCommand::handleResponse
09-23 16:52:44.015 I/WifiHAL ( 1519): CreateRequest mType = GET_FEATURE
09-23 16:52:45.285 I/AHal::Cs35l41Health( 1458): GetImpedances: speaker [0] impedance: 6.54639 Ohms
09-23 16:52:45.285 I/AHal::Cs35l41Health( 1458): GetImpedances: speaker [1] impedance: 7.04187 Ohms
09-23 16:52:45.285 I/AHal::Cs35l41Health( 1458): GetTemperatures: DSP1 Protection cd BDLOG_MAX_TEMP Max temp: 0x169534 ==> 90.3313 C
09-23 16:52:45.285 I/AHal::Cs35l41Health( 1458): GetTemperatures: R DSP1 Protection cd BDLOG_MAX_TEMP Max temp: 0x13e6f4 ==> 79.6086 C
09-23 16:52:45.285 I/AHal::Cs35l41Health( 1458): GetExcursions: DSP1 Protection cd BDLOG_MAX_EXC Max exc: 0x39999 ==> 0.449999 mm
09-23 16:52:45.285 I/AHal::Cs35l41Health( 1458): GetExcursions: R DSP1 Protection cd BDLOG_MAX_EXC Max exc: 0x3ffff ==> 0.499998 mm
09-23 16:52:45.286 I/AHal::Cs35l41Health( 1458): GetHeartBeats: DSP1 Protection 400a4 HALO_HEARTBEAT dsp heartbeat = 0x54b84e
09-23 16:52:45.286 I/AHal::Cs35l41Health( 1458): GetHeartBeats: R DSP1 Protection 400a4 HALO_HEARTBEAT dsp heartbeat = 0x54b850
09-23 16:52:46.110 I/bthal.activity( 1461): bt_power: LeAdvStat: 16:52:45:109 - 16:52:46:110, duration: 1000, le_adv_count: 1, total_le_adv_count: 113015, total_event_count: 0
09-23 16:52:47.019 I/WifiHAL ( 1519): Creating message to get link statistics; iface = 48
09-23 16:52:47.100 I/WifiHAL ( 1519): Getting cached scan results, iface handle = 0xb400007cee0138d0
09-23 16:52:47.100 E/WifiHAL ( 1519): Creating message to get cached scan results
09-23 16:52:47.109 I/WifiHAL ( 1519): In GetCachedScanResultsCommand::handleResponse
09-23 16:52:47.151 I/WifiHAL ( 1519): CreateRequest mType = GET_FEATURE
09-23 16:52:47.215 I/pixel-thermal( 2330): VIRTUAL-SKIN:34.1582 raw data: VIRTUAL-SKIN:34158.2 VIRTUAL-SKIN-SUB-0:33948.9 VIRTUAL-SKIN-SUB-1:31573.1 VIRTUAL-SKIN-SUB-10:33472.8 VIRTUAL-SKIN-SUB-2:32268.6 VIRTUAL-SKIN-SUB-3:32459.3 VIRTUAL-SKIN-SUB-4:33044 VIRTUAL-SKIN-SUB-5:33239.7 VIRTUAL-SKIN-SUB-6:31680.3 VIRTUAL-SKIN-SUB-7:33749.9 VIRTUAL-SKIN-SUB-8:34086.5 VIRTUAL-SKIN-SUB-9:34158.2 battery:34100 cam_therm:34043 charge_therm:37537 disp_therm:34577 neutral_therm:35200 north_therm:33397 quiet_therm:34978 soc_therm:38094 usb_pwr_therm:34644 
09-23 16:52:47.625 I/pixel-thermal( 2330): cellular-emergency:34.1582 raw data: VIRTUAL-SKIN:34158.2 cellular-emergency:34158.2 
09-23 16:52:47.625 I/pixel-thermal( 2330): VIRTUAL-SKIN-HINT:34.1582 raw data: VIRTUAL-SKIN:34158.2 VIRTUAL-SKIN-HINT:34158.2 
09-23 16:52:47.625 I/pixel-thermal( 2330): VIRTUAL-SKIN-CPU-LIGHT-ODPM:34.1582 raw data: VIRTUAL-SKIN:34158.2 VIRTUAL-SKIN-CPU-LIGHT-ODPM:34158.2 
09-23 16:52:47.625 I/pixel-thermal( 2330): VIRTUAL-SKIN-CPU-MID:34.1582 raw data: VIRTUAL-SKIN:34158.2 VIRTUAL-SKIN-CPU-MID:34158.2 
09-23 16:52:47.625 I/pixel-thermal( 2330): VIRTUAL-SKIN-CPU-HIGH:34.1582 raw data: VIRTUAL-SKIN:34158.2 VIRTUAL-SKIN-CPU-HIGH:34158.2 
09-23 16:52:47.625 I/pixel-thermal( 2330): VIRTUAL-SKIN-SOC:34.1582 raw data: VIRTUAL-SKIN:34158.2 VIRTUAL-SKIN-SOC:34158.2 
09-23 16:52:47.626 I/pixel-thermal( 2330): VIRTUAL-SKIN-GPU:34.1582 raw data: VIRTUAL-SKIN:34158.2 VIRTUAL-SKIN-GPU:34158.2 
09-23 16:52:47.626 I/pixel-thermal( 2330): VIRTUAL-SKIN-SPEAKER:30.8324 raw data: VIRTUAL-SKIN-SPEAKER:30832.4 VIRTUAL-SKIN-SPEAKER-SUB-0:29427.2 VIRTUAL-SKIN-SPEAKER-SUB-1:30720.9 VIRTUAL-SKIN-SPEAKER-SUB-2:30832.4 battery:34100 cam_therm:34043 charge_therm:37537 disp_therm:34577 neutral_therm:35200 north_therm:33397 quiet_therm:34978 soc_therm:38094 usb_pwr_therm:34644 
09-23 16:52:47.627 I/pixel-thermal( 2330): VIRTUAL-SKIN-CHARGE-WIRED:34.0865 raw data: NO_WLC:1 VIRTUAL-SKIN-CHARGE:34086.5 VIRTUAL-SKIN-CHARGE-SUB-0:33831.3 VIRTUAL-SKIN-CHARGE-SUB-1:32855.2 VIRTUAL-SKIN-CHARGE-SUB-2:32712.2 VIRTUAL-SKIN-CHARGE-SUB-3:34086.5 VIRTUAL-SKIN-CHARGE-WIRED:34086.5 WLC_CHECK:1 battery:34100 cam_therm:34043 charge_therm:37537 disp_therm:34577 neutral_therm:35200 north_therm:33397 quiet_therm:34978 soc_therm:38094 thb_hda:0 usb_pwr_therm:34644 
09-23 16:52:47.627 I/pixel-thermal( 2330): VIRTUAL-SKIN-CHARGE-WIRED power_budget=4046.45 err=3.91345 s_power=2527 time_elapsed_ms=7015 p=465.701 i=1302 d=0 dt_per_min=nan compensation=0 budget transient=0 control target=2 excluded power budget=248.249 (PARTIAL_SYSTEM_POWER: 2068.74 mW, cdev_weight: 0.120000)
09-23 16:52:47.627 I/pixel-thermal( 2330): VIRTUAL-SKIN:34.1582 raw data: VIRTUAL-SKIN:34158.2 
09-23 16:52:47.627 I/pixel-thermal( 2330): quiet_therm:34.978 raw data: quiet_therm:34978 
09-23 16:52:47.627 I/pixel-thermal( 2330): VIRTUAL-SKIN-CHARGE-PERSIST:34.0865 raw data: VIRTUAL-SKIN-CHARGE:34086.5 VIRTUAL-SKIN-CHARGE-PERSIST:34086.5 
09-23 16:52:47.627 I/pixel-thermal( 2330): VIRTUAL-SKIN-CHARGE-PERSIST power_budget=4804.13 err=6.91345 s_power=2383 time_elapsed_ms=7015 p=1472.57 i=1383 d=0 dt_per_min=nan compensation=0 budget transient=0 control target=2 excluded power budget=434.436 (PARTIAL_SYSTEM_POWER: 2068.74 mW, cdev_weight: 0.210000)
09-23 16:52:48.320 I/pixel-thermal( 2330): disp_therm:34.577 raw data: disp_therm:34577 
09-23 16:52:48.320 I/pixel-thermal( 2330): north_therm:33.397 raw data: north_therm:33397 
09-23 16:52:48.320 I/pixel-thermal( 2330): cam_therm:34.043 raw data: cam_therm:34043 
09-23 16:52:48.394 I/ComposerWrapperImpl( 4002): Deleting composer, current voice = en-us-x-iog-seanet-embedded
09-23 16:52:48.873 I/bthal.activity( 1461): bt_power: LeAdvStat: 16:52:47:873 - 16:52:48:873, duration: 1000, le_adv_count: 1, total_le_adv_count: 113016, total_event_count: 1
09-23 16:52:49.391 W/hwc-display(  680): FBManager: cached buffers size 33 exceeds limitation(32) while adding fbId 462
09-23 16:52:50.155 I/WifiHAL ( 1519): Creating message to get link statistics; iface = 48
09-23 16:52:50.238 I/WifiHAL ( 1519): Getting cached scan results, iface handle = 0xb400007cee0138d0
09-23 16:52:50.238 E/WifiHAL ( 1519): Creating message to get cached scan results
09-23 16:52:50.246 I/WifiHAL ( 1519): In GetCachedScanResultsCommand::handleResponse
09-23 16:52:50.286 I/WifiHAL ( 1519): CreateRequest mType = GET_FEATURE
09-23 16:52:50.766 I/NearbyMediums(31664): Found Fast Ble Advertisements :
09-23 16:52:50.766 I/NearbyMediums(31664): BleAdvertisement { version=2, socketVersion=2, isFast=true, serviceIdHash=null, data=[ 0x23 0x51 0x5a 0x37 0x45 0x11 0x32 0x6f 0xd3 0x3d 0x93 0x8d 0xe4 0x24 0x58 0xb3 0xc7 0xe7 0xec 0xe9 0xe0 0x22 0x9a ], deviceToken=[ 0xe1 0xa7 ], rxAdvertisement=[ 0xa0 0x17 0x40 0x77 0xb6 0x4a 0xa2 0xf1 0xb8 0x5e 0x89 0xd0 0xfa 0x3b 0xb9 0x21 0xf4 0xe6 0x35 0x5a 0x51 0x3f 0x27 0x59 0xc1 0xcd 0x0d 0x49 0x08 0x20 0x37 0x65 0xbb 0x5c 0x84 0x15 0x05 0x7f 0x1f 0x00 0x84 0x15 0x06 0x60 0x1f 0x00 0x84 0x15 0x04 0x7f 0x1f 0x00 0x84 0x15 0x07 0x63 0x1f 0x00 0x83 0x15 0x01 0x16 0x71 ] } : 2 times.
09-23 16:52:50.766 I/NearbyMediums(31664): Total 2 fast advertisements from 1 unique advertisers.
09-23 16:52:50.766 I/NearbyMediums(31664): Current Tracked Scanning Clients are : {NearbyConnections.EnvironmentMonitor, NearbySharing}
09-23 16:52:53.291 I/WifiHAL ( 1519): Creating message to get link statistics; iface = 48
09-23 16:52:53.372 I/WifiHAL ( 1519): Getting cached scan results, iface handle = 0xb400007cee0138d0
09-23 16:52:53.372 E/WifiHAL ( 1519): Creating message to get cached scan results
09-23 16:52:53.381 I/WifiHAL ( 1519): In GetCachedScanResultsCommand::handleResponse
09-23 16:52:53.422 I/WifiHAL ( 1519): CreateRequest mType = GET_FEATURE
09-23 16:52:54.654 I/pixel-thermal( 2330): cellular-emergency:34.176 raw data: VIRTUAL-SKIN:34176 VIRTUAL-SKIN-SUB-0:33999.2 VIRTUAL-SKIN-SUB-1:31677.1 VIRTUAL-SKIN-SUB-10:33476.2 VIRTUAL-SKIN-SUB-2:32285.9 VIRTUAL-SKIN-SUB-3:32505 VIRTUAL-SKIN-SUB-4:33068.5 VIRTUAL-SKIN-SUB-5:33258 VIRTUAL-SKIN-SUB-6:31865.2 VIRTUAL-SKIN-SUB-7:33766.3 VIRTUAL-SKIN-SUB-8:34157.2 VIRTUAL-SKIN-SUB-9:34176 battery:34100 cam_therm:34043 cellular-emergency:34176 charge_therm:37515 disp_therm:34555 neutral_therm:35222 north_therm:33419 quiet_therm:35601 soc_therm:38183 usb_pwr_therm:34644 
09-23 16:52:54.654 I/pixel-thermal( 2330): VIRTUAL-SKIN-HINT:34.176 raw data: VIRTUAL-SKIN:34176 VIRTUAL-SKIN-HINT:34176 
09-23 16:52:54.654 I/pixel-thermal( 2330): VIRTUAL-SKIN-CPU-LIGHT-ODPM:34.176 raw data: VIRTUAL-SKIN:34176 VIRTUAL-SKIN-CPU-LIGHT-ODPM:34176 
09-23 16:52:54.654 I/pixel-thermal( 2330): VIRTUAL-SKIN-CPU-MID:34.176 raw data: VIRTUAL-SKIN:34176 VIRTUAL-SKIN-CPU-MID:34176 
09-23 16:52:54.654 I/pixel-thermal( 2330): VIRTUAL-SKIN-CPU-HIGH:34.176 raw data: VIRTUAL-SKIN:34176 VIRTUAL-SKIN-CPU-HIGH:34176 
09-23 16:52:54.654 I/pixel-thermal( 2330): VIRTUAL-SKIN-SOC:34.176 raw data: VIRTUAL-SKIN:34176 VIRTUAL-SKIN-SOC:34176 
09-23 16:52:54.655 I/pixel-thermal( 2330): VIRTUAL-SKIN-GPU:34.176 raw data: VIRTUAL-SKIN:34176 VIRTUAL-SKIN-GPU:34176 
09-23 16:52:54.655 I/pixel-thermal( 2330): VIRTUAL-SKIN-SPEAKER:30.9441 raw data: VIRTUAL-SKIN-SPEAKER:30944.1 VIRTUAL-SKIN-SPEAKER-SUB-0:29972.1 VIRTUAL-SKIN-SPEAKER-SUB-1:30727.3 VIRTUAL-SKIN-SPEAKER-SUB-2:30944.1 battery:34100 cam_therm:34043 charge_therm:37515 disp_therm:34555 neutral_therm:35222 north_therm:33419 quiet_therm:35601 soc_therm:38183 usb_pwr_therm:34644 
09-23 16:52:54.655 I/pixel-thermal( 2330): VIRTUAL-SKIN-CHARGE-WIRED:34.1572 raw data: NO_WLC:1 VIRTUAL-SKIN-CHARGE:34157.2 VIRTUAL-SKIN-CHARGE-SUB-0:33991.6 VIRTUAL-SKIN-CHARGE-SUB-1:32864.2 VIRTUAL-SKIN-CHARGE-SUB-2:32747.1 VIRTUAL-SKIN-CHARGE-SUB-3:34157.2 VIRTUAL-SKIN-CHARGE-WIRED:34157.2 WLC_CHECK:1 battery:34100 cam_therm:34043 charge_therm:37515 disp_therm:34555 neutral_therm:35222 north_therm:33419 quiet_therm:35601 soc_therm:38183 thb_hda:0 usb_pwr_therm:34644 
09-23 16:52:54.655 I/pixel-thermal( 2330): VIRTUAL-SKIN-CHARGE-WIRED power_budget=4038.13 err=3.84283 s_power=2527 time_elapsed_ms=7016 p=457.297 i=1302 d=-0 dt_per_min=nan compensation=0 budget transient=0 control target=2 excluded power budget=248.165 (PARTIAL_SYSTEM_POWER: 2068.04 mW, cdev_weight: 0.120000)
09-23 16:52:54.655 I/pixel-thermal( 2330): VIRTUAL-SKIN:34.176 raw data: VIRTUAL-SKIN:34176 
09-23 16:52:54.655 I/pixel-thermal( 2330): quiet_therm:35.601 raw data: quiet_therm:35601 
09-23 16:52:54.655 I/pixel-thermal( 2330): VIRTUAL-SKIN-CHARGE-PERSIST:34.1572 raw data: VIRTUAL-SKIN-CHARGE:34157.2 VIRTUAL-SKIN-CHARGE-PERSIST:34157.2 
09-23 16:52:54.655 I/pixel-thermal( 2330): VIRTUAL-SKIN-CHARGE-PERSIST power_budget=4789.23 err=6.84283 s_power=2383 time_elapsed_ms=7016 p=1457.52 i=1383 d=-0 dt_per_min=nan compensation=0 budget transient=0 control target=2 excluded power budget=434.289 (PARTIAL_SYSTEM_POWER: 2068.04 mW, cdev_weight: 0.210000)
09-23 16:52:55.346 I/pixel-thermal( 2330): disp_therm:34.555 raw data: disp_therm:34555 
09-23 16:52:55.346 I/pixel-thermal( 2330): north_therm:33.419 raw data: north_therm:33419 
09-23 16:52:55.346 I/pixel-thermal( 2330): cam_therm:34.043 raw data: cam_therm:34043 
09-23 16:52:56.399 I/AHal::Cs35l41Health( 1458): GetImpedances: speaker [0] impedance: 6.59143 Ohms
09-23 16:52:56.400 I/AHal::Cs35l41Health( 1458): GetImpedances: speaker [1] impedance: 7.06761 Ohms
09-23 16:52:56.400 I/AHal::Cs35l41Health( 1458): GetTemperatures: DSP1 Protection cd BDLOG_MAX_TEMP Max temp: 0x169534 ==> 90.3313 C
09-23 16:52:56.401 I/AHal::Cs35l41Health( 1458): GetTemperatures: R DSP1 Protection cd BDLOG_MAX_TEMP Max temp: 0x13e6f4 ==> 79.6086 C
09-23 16:52:56.401 I/AHal::Cs35l41Health( 1458): GetExcursions: DSP1 Protection cd BDLOG_MAX_EXC Max exc: 0x39999 ==> 0.449999 mm
09-23 16:52:56.401 I/AHal::Cs35l41Health( 1458): GetExcursions: R DSP1 Protection cd BDLOG_MAX_EXC Max exc: 0x3ffff ==> 0.499998 mm
09-23 16:52:56.402 I/AHal::Cs35l41Health( 1458): GetHeartBeats: DSP1 Protection 400a4 HALO_HEARTBEAT dsp heartbeat = 0x54f970
09-23 16:52:56.402 I/AHal::Cs35l41Health( 1458): GetHeartBeats: R DSP1 Protection 400a4 HALO_HEARTBEAT dsp heartbeat = 0x54f972
09-23 16:52:56.427 I/WifiHAL ( 1519): Creating message to get link statistics; iface = 48
09-23 16:52:56.507 I/WifiHAL ( 1519): Getting cached scan results, iface handle = 0xb400007cee0138d0
09-23 16:52:56.507 E/WifiHAL ( 1519): Creating message to get cached scan results
09-23 16:52:56.516 I/WifiHAL ( 1519): In GetCachedScanResultsCommand::handleResponse
09-23 16:52:56.563 I/WifiHAL ( 1519): CreateRequest mType = GET_FEATURE
09-23 16:52:57.224 I/pixel-thermal( 2330): VIRTUAL-SKIN:34.2129 raw data: VIRTUAL-SKIN:34212.9 VIRTUAL-SKIN-SUB-0:33994.6 VIRTUAL-SKIN-SUB-1:31693.6 VIRTUAL-SKIN-SUB-10:33514.8 VIRTUAL-SKIN-SUB-2:32213.9 VIRTUAL-SKIN-SUB-3:32523.2 VIRTUAL-SKIN-SUB-4:33090.3 VIRTUAL-SKIN-SUB-5:33299.1 VIRTUAL-SKIN-SUB-6:31799.6 VIRTUAL-SKIN-SUB-7:33766.3 VIRTUAL-SKIN-SUB-8:34158.7 VIRTUAL-SKIN-SUB-9:34212.9 battery:34200 cam_therm:34043 charge_therm:37537 disp_therm:34555 neutral_therm:35222 north_therm:33442 quiet_therm:35534 soc_therm:38205 usb_pwr_therm:34310 
09-23 16:52:57.319 I/RethinkDnsVpn(27710): preflow: returning uid: 2000 for src: (10.111.222.1, 40723), dst: (10.111.222.3, 53), isRethink? false
09-23 16:52:57.321 I/RethinkDnsVpn(27710): flow/inflow: returning mark: Mark{PIDCSV:Base,CID:4f8d8558b468e718,UID:2000,IP:,} for connId: 4f8d8558b468e718, uid: 2000, cm: null
09-23 16:52:57.322 I/ProxyLogs(27710): no proxy ids found for 2000, , 0, r4---sn-hxa7zn7s.googlevideo.com; returning Preferred
09-23 16:52:57.324 I/ProxyLogs(27710): no proxy ids found for 2000, , 0, r4---sn-hxa7zn7s.googlevideo.com; returning Base
09-23 16:52:57.324 I/RethinkDnsVpn(27710): TunDnsManager onQuery: for 2000, r4---sn-hxa7zn7s.googlevideo.com, returning DNSOpts{UID:2000,IPCSV:,TIDCSV:CachePreferred:Base,TIDSECCSV:,NOBLOCK:false,}
09-23 16:52:57.478 W/TracingMuxer( 1709): type=1400 audit(0.0:634207): avc:  denied  { write } for  name="traced_producer" dev="tmpfs" ino=1541 scontext=u:r:gxp_logging:s0 tcontext=u:object_r:traced_producer_socket:s0 tclass=sock_file permissive=0
09-23 16:52:58.546 W/HWUI    (17675): Warning: Reusing an immutable bitmap as an image decoder target.
09-23 16:52:59.567 I/WifiHAL ( 1519): Creating message to get link statistics; iface = 48
09-23 16:52:59.649 I/WifiHAL ( 1519): Getting cached scan results, iface handle = 0xb400007cee0138d0
09-23 16:52:59.649 E/WifiHAL ( 1519): Creating message to get cached scan results
09-23 16:52:59.653 I/WifiHAL ( 1519): In GetCachedScanResultsCommand::handleResponse
09-23 16:52:59.675 I/WifiHAL ( 1519): CreateRequest mType = GET_FEATURE
09-23 16:52:59.940 I/SHANNON_IMS( 3290): 8570 [PROX] Received onSignalStrengthsChanged [CellSignalStrengthLte: rssi=-85 rsrp=-100 rsrq=-8 rssnr=19 cqiTableIndex=1 cqi=14 ta=4 level=3 parametersUseForLevel=0] [SLID:0 APM:false] (ImsConnectivityProxyListener$ImsPhoneStateListener%onSignalStrengthsChanged:413)
09-23 16:53:00.708 W/System  ( 4672): A resource failed to call AbstractCursor.close. 
09-23 16:53:00.708 W/System  ( 4672): A resource failed to call AbstractCursor.close. 
09-23 16:53:00.770 I/NearbyMediums(31664): Found Fast Ble Advertisements :
09-23 16:53:00.770 I/NearbyMediums(31664): BleAdvertisement { version=2, socketVersion=2, isFast=true, serviceIdHash=null, data=[ 0x23 0x51 0x5a 0x37 0x45 0x11 0x32 0x6f 0xd3 0x3d 0x93 0x8d 0xe4 0x24 0x58 0xb3 0xc7 0xe7 0xec 0xe9 0xe0 0x22 0x9a ], deviceToken=[ 0xe1 0xa7 ], rxAdvertisement=[ 0xa0 0x17 0x40 0x77 0xb6 0x4a 0xa2 0xf1 0xb8 0x5e 0x89 0xd0 0xfa 0x3b 0xb9 0x21 0xf4 0xe6 0x35 0x5a 0x51 0x3f 0x27 0x59 0xc1 0xcd 0x0d 0x49 0x08 0x20 0x37 0x65 0xbb 0x5c 0x84 0x15 0x05 0x7f 0x1f 0x00 0x84 0x15 0x06 0x60 0x1f 0x00 0x84 0x15 0x04 0x7f 0x1f 0x00 0x84 0x15 0x07 0x63 0x1f 0x00 0x83 0x15 0x01 0x16 0x71 ] } : 2 times.
09-23 16:53:00.770 I/NearbyMediums(31664): Total 2 fast advertisements from 1 unique advertisers.
09-23 16:53:00.771 I/NearbyMediums(31664): Current Tracked Scanning Clients are : {NearbyConnections.EnvironmentMonitor, NearbySharing}
09-23 16:53:01.005 I/AiAiEcho(14091): (REDACTED) Predicting[%d]: %s
09-23 16:53:01.008 I/AiAiEcho(14091): (REDACTED) EchoTargets: %s
09-23 16:53:01.008 I/AiAiEcho(14091): Filtered by AiAi flag check: %s
09-23 16:53:01.010 I/AiAiEcho(14091): (REDACTED) #weatherSubItemsTwiddler: Weather removes SubtitleSupplementalItem in surface: %s
09-23 16:53:01.011 I/AiAiEcho(14091): #remoteViewsTwiddler: feature disabled.
09-23 16:53:01.011 I/AiAiEcho(14091): (REDACTED) Predicting[%d]: %s
09-23 16:53:01.012 I/AiAiEcho(14091): (REDACTED) EchoTargets: %s
09-23 16:53:01.012 I/AiAiEcho(14091): Filtered by AiAi flag check: %s
09-23 16:53:01.013 I/AiAiEcho(14091): #remoteViewsTwiddler: feature disabled.
09-23 16:53:01.013 I/AiAiEcho(14091): (REDACTED) Predicting[%d]: %s
09-23 16:53:01.013 I/AiAiEcho(14091): (REDACTED) EchoTargets: %s
09-23 16:53:01.013 I/AiAiEcho(14091): Filtered by AiAi flag check: %s
09-23 16:53:01.014 I/AiAiEcho(14091): (REDACTED) #weatherSubItemsTwiddler: Weather removes SubtitleSupplementalItem in surface: %s
09-23 16:53:01.014 I/AiAiEcho(14091): #remoteViewsTwiddler: feature disabled.
09-23 16:53:01.017 I/AiAiEcho(14091): (REDACTED) #postPredictionTargets: Sending updates to UISurface %s with targets# %s (types=[%s])
09-23 16:53:01.018 I/AiAiEcho(14091): (REDACTED) #postPredictionTargets: Sending updates to UISurface %s with targets# %s (types=[%s])
09-23 16:53:01.019 I/AmbientCueRepository( 3031): Receiving SmartSpace targets # 0
09-23 16:53:01.020 I/WeatherSmartspaceView( 3031): setFormattedContentDescription: text=20°C, iconDescription=Mostly clear day, contentDescription=Mostly clear day, 20°C
09-23 16:53:01.020 I/AiAiEcho(14091): (REDACTED) #postPredictionTargets: Sending updates to UISurface %s with targets# %s (types=[%s])
09-23 16:53:01.020 I/WeatherSmartspaceView( 3031): setFormattedContentDescription: text=20°C, iconDescription=Mostly clear day, contentDescription=Mostly clear day, 20°C
09-23 16:53:01.021 I/WeatherData( 3031): Weather data parsed MOSTLY_SUNNY ("Mostly clear day") 20°C from Bundle[{description=Mostly clear day, feedback_intent=null, explanation_intent=Supplier{VAL_PARCELABLE@160+1920}, is_gaia_linked_data=true, use_celsius=true, state=3, temperature=20}]
09-23 16:53:01.393 I/RethinkDnsVpn(27710): preflow: returning uid: 2000 for src: (10.111.222.1, 59546), dst: (10.111.222.3, 53), isRethink? false
09-23 16:53:01.395 I/RethinkDnsVpn(27710): flow/inflow: returning mark: Mark{PIDCSV:Base,CID:108c26264c873e5b,UID:2000,IP:,} for connId: 108c26264c873e5b, uid: 2000, cm: null
09-23 16:53:01.397 I/ProxyLogs(27710): no proxy ids found for 2000, , 0, rr1---sn-a5mekn6k.googlevideo.com; returning Preferred
09-23 16:53:01.399 I/ProxyLogs(27710): no proxy ids found for 2000, , 0, rr1---sn-a5mekn6k.googlevideo.com; returning Base
09-23 16:53:01.399 I/RethinkDnsVpn(27710): TunDnsManager onQuery: for 2000, rr1---sn-a5mekn6k.googlevideo.com, returning DNSOpts{UID:2000,IPCSV:,TIDCSV:CachePreferred:Base,TIDSECCSV:,NOBLOCK:false,}
09-23 16:53:01.588 I/bthal.activity( 1461): bt_power: LeAdvStat: 16:53:00:471 - 16:53:01:587, duration: 1116, le_adv_count: 2, total_le_adv_count: 113018, total_event_count: 2
09-23 16:53:01.673 I/pixel-thermal( 2330): cellular-emergency:34.1577 raw data: VIRTUAL-SKIN:34157.7 VIRTUAL-SKIN-SUB-0:33977.1 VIRTUAL-SKIN-SUB-1:31577.1 VIRTUAL-SKIN-SUB-10:33457.8 VIRTUAL-SKIN-SUB-2:32263.3 VIRTUAL-SKIN-SUB-3:32441 VIRTUAL-SKIN-SUB-4:32906.2 VIRTUAL-SKIN-SUB-5:33222.6 VIRTUAL-SKIN-SUB-6:31855.1 VIRTUAL-SKIN-SUB-7:33766.6 VIRTUAL-SKIN-SUB-8:34116.4 VIRTUAL-SKIN-SUB-9:34157.7 battery:34100 cam_therm:34020 cellular-emergency:34157.7 charge_therm:37471 disp_therm:34532 neutral_therm:35245 north_therm:33241 quiet_therm:35601 soc_therm:38138 usb_pwr_therm:34599 
09-23 16:53:01.673 I/pixel-thermal( 2330): VIRTUAL-SKIN-HINT:34.1577 raw data: VIRTUAL-SKIN:34157.7 VIRTUAL-SKIN-HINT:34157.7 
09-23 16:53:01.673 I/pixel-thermal( 2330): VIRTUAL-SKIN-CPU-LIGHT-ODPM:34.1577 raw data: VIRTUAL-SKIN:34157.7 VIRTUAL-SKIN-CPU-LIGHT-ODPM:34157.7 
09-23 16:53:01.673 I/pixel-thermal( 2330): VIRTUAL-SKIN-CPU-MID:34.1577 raw data: VIRTUAL-SKIN:34157.7 VIRTUAL-SKIN-CPU-MID:34157.7 
09-23 16:53:01.673 I/pixel-thermal( 2330): VIRTUAL-SKIN-CPU-HIGH:34.1577 raw data: VIRTUAL-SKIN:34157.7 VIRTUAL-SKIN-CPU-HIGH:34157.7 
09-23 16:53:01.673 I/pixel-thermal( 2330): VIRTUAL-SKIN-SOC:34.1577 raw data: VIRTUAL-SKIN:34157.7 VIRTUAL-SKIN-SOC:34157.7 
09-23 16:53:01.673 I/pixel-thermal( 2330): VIRTUAL-SKIN-GPU:34.1577 raw data: VIRTUAL-SKIN:34157.7 VIRTUAL-SKIN-GPU:34157.7 
09-23 16:53:01.673 I/pixel-thermal( 2330): VIRTUAL-SKIN-SPEAKER:30.9394 raw data: VIRTUAL-SKIN-SPEAKER:30939.4 VIRTUAL-SKIN-SPEAKER-SUB-0:29962.3 VIRTUAL-SKIN-SPEAKER-SUB-1:30705.7 VIRTUAL-SKIN-SPEAKER-SUB-2:30939.4 battery:34100 cam_therm:34020 charge_therm:37471 disp_therm:34532 neutral_therm:35245 north_therm:33241 quiet_therm:35601 soc_therm:38138 usb_pwr_therm:34599 
09-23 16:53:01.674 I/pixel-thermal( 2330): VIRTUAL-SKIN-CHARGE-WIRED:34.1164 raw data: NO_WLC:1 VIRTUAL-SKIN-CHARGE:34116.4 VIRTUAL-SKIN-CHARGE-SUB-0:33961.5 VIRTUAL-SKIN-CHARGE-SUB-1:32844.6 VIRTUAL-SKIN-CHARGE-SUB-2:32695.3 VIRTUAL-SKIN-CHARGE-SUB-3:34116.4 VIRTUAL-SKIN-CHARGE-WIRED:34116.4 WLC_CHECK:1 battery:34100 cam_therm:34020 charge_therm:37471 disp_therm:34532 neutral_therm:35245 north_therm:33241 quiet_therm:35601 soc_therm:38138 thb_hda:0 usb_pwr_therm:34599 
09-23 16:53:01.674 I/pixel-thermal( 2330): VIRTUAL-SKIN-CHARGE-WIRED power_budget=4038.49 err=3.8836 s_power=2527 time_elapsed_ms=7019 p=462.148 i=1302 d=0 dt_per_min=nan compensation=0 budget transient=0 control target=2 excluded power budget=252.66 (PARTIAL_SYSTEM_POWER: 2105.50 mW, cdev_weight: 0.120000)
09-23 16:53:01.674 I/pixel-thermal( 2330): VIRTUAL-SKIN:34.1577 raw data: VIRTUAL-SKIN:34157.7 
09-23 16:53:01.674 I/pixel-thermal( 2330): quiet_therm:35.601 raw data: quiet_therm:35601 
09-23 16:53:01.674 I/pixel-thermal( 2330): VIRTUAL-SKIN-CHARGE-PERSIST:34.1164 raw data: VIRTUAL-SKIN-CHARGE:34116.4 VIRTUAL-SKIN-CHARGE-PERSIST:34116.4 
09-23 16:53:01.674 I/pixel-thermal( 2330): VIRTUAL-SKIN-CHARGE-PERSIST power_budget=4790.05 err=6.8836 s_power=2383 time_elapsed_ms=7019 p=1466.21 i=1383 d=0 dt_per_min=nan compensation=0 budget transient=0 control target=2 excluded power budget=442.155 (PARTIAL_SYSTEM_POWER: 2105.50 mW, cdev_weight: 0.210000)
09-23 16:53:02.121 I/pixel-thermal( 2330): soc_therm:38.138 raw data: soc_therm:38138 
09-23 16:53:02.360 I/pixel-thermal( 2330): disp_therm:34.532 raw data: disp_therm:34532 
09-23 16:53:02.360 I/pixel-thermal( 2330): north_therm:33.241 raw data: north_therm:33241 
09-23 16:53:02.360 I/pixel-thermal( 2330): cam_therm:34.02 raw data: cam_therm:34020 
09-23 16:53:02.679 I/WifiHAL ( 1519): Creating message to get link statistics; iface = 48
09-23 16:53:02.782 I/WifiHAL ( 1519): Getting cached scan results, iface handle = 0xb400007cee0138d0
09-23 16:53:02.782 E/WifiHAL ( 1519): Creating message to get cached scan results
09-23 16:53:02.786 I/WifiHAL ( 1519): In GetCachedScanResultsCommand::handleResponse
09-23 16:53:02.786 E/libbinder.IPCThreadState( 1519): binder thread pool (1 threads) starved for 106 ms
09-23 16:53:02.808 I/WifiHAL ( 1519): CreateRequest mType = GET_FEATURE
09-23 16:53:02.915 I/bthal.activity( 1461): bt_power: LeAdvStat: 16:53:01:911 - 16:53:02:915, duration: 1003, le_adv_count: 1, total_le_adv_count: 113019, total_event_count: 0
09-23 16:53:03.375 W/ActivityManager( 1948): Stopping service due to app idle: u0a279 -12m21s432ms com.whatsapp/.messageservice.messaging.MessageService
09-23 16:53:03.784 I/SHANNON_IMS( 3290): 8572 [PROX] Received onSignalStrengthsChanged [CellSignalStrengthLte: rssi=-87 rsrp=-103 rsrq=-8 rssnr=15 cqiTableIndex=1 cqi=14 ta=4 level=2 parametersUseForLevel=0] [SLID:0 APM:false] (ImsConnectivityProxyListener$ImsPhoneStateListener%onSignalStrengthsChanged:413)
09-23 16:53:05.454 I/RethinkDnsVpn(27710): preflow: returning uid: 2000 for src: (10.111.222.1, 50547), dst: (10.111.222.3, 53), isRethink? false
09-23 16:53:05.456 I/RethinkDnsVpn(27710): flow/inflow: returning mark: Mark{PIDCSV:Base,CID:4bab608b50b0dcc6,UID:2000,IP:,} for connId: 4bab608b50b0dcc6, uid: 2000, cm: null
09-23 16:53:05.457 I/ProxyLogs(27710): no proxy ids found for 2000, , 0, www.youtube.com; returning Preferred
09-23 16:53:05.457 I/ProxyLogs(27710): no proxy ids found for 2000, , 0, www.youtube.com; returning Base
09-23 16:53:05.457 I/RethinkDnsVpn(27710): TunDnsManager onQuery: for 2000, www.youtube.com, returning DNSOpts{UID:2000,IPCSV:,TIDCSV:CachePreferred:Base,TIDSECCSV:,NOBLOCK:false,}
09-23 16:53:05.768 I/bthal.activity( 1461): bt_power: LeAdvStat: 16:53:04:768 - 16:53:05:768, duration: 1000, le_adv_count: 1, total_le_adv_count: 113020, total_event_count: 1
09-23 16:53:05.812 I/WifiHAL ( 1519): Creating message to get link statistics; iface = 48
09-23 16:53:05.934 I/WifiHAL ( 1519): Getting cached scan results, iface handle = 0xb400007cee0138d0
09-23 16:53:05.934 E/WifiHAL ( 1519): Creating message to get cached scan results
09-23 16:53:05.944 I/WifiHAL ( 1519): In GetCachedScanResultsCommand::handleResponse
09-23 16:53:05.944 E/libbinder.IPCThreadState( 1519): binder thread pool (1 threads) starved for 131 ms
09-23 16:53:05.988 I/WifiHAL ( 1519): CreateRequest mType = GET_FEATURE
09-23 16:53:07.233 I/pixel-thermal( 2330): VIRTUAL-SKIN:34.1867 raw data: VIRTUAL-SKIN:34186.7 VIRTUAL-SKIN-SUB-0:33997.1 VIRTUAL-SKIN-SUB-1:31583.1 VIRTUAL-SKIN-SUB-10:33492.8 VIRTUAL-SKIN-SUB-2:32291.3 VIRTUAL-SKIN-SUB-3:32461 VIRTUAL-SKIN-SUB-4:32906.2 VIRTUAL-SKIN-SUB-5:33251.6 VIRTUAL-SKIN-SUB-6:31862.1 VIRTUAL-SKIN-SUB-7:33794.6 VIRTUAL-SKIN-SUB-8:34116.4 VIRTUAL-SKIN-SUB-9:34186.7 battery:34200 cam_therm:34020 charge_therm:37471 disp_therm:34532 neutral_therm:35245 north_therm:33241 quiet_therm:35601 soc_therm:38138 usb_pwr_therm:34599 
09-23 16:53:07.525 I/AHal::Cs35l41Health( 1458): GetImpedances: speaker [0] impedance: 6.58214 Ohms
09-23 16:53:07.526 I/AHal::Cs35l41Health( 1458): GetImpedances: speaker [1] impedance: 7.03973 Ohms
09-23 16:53:07.526 I/AHal::Cs35l41Health( 1458): GetTemperatures: DSP1 Protection cd BDLOG_MAX_TEMP Max temp: 0x169534 ==> 90.3313 C
09-23 16:53:07.526 I/AHal::Cs35l41Health( 1458): GetTemperatures: R DSP1 Protection cd BDLOG_MAX_TEMP Max temp: 0x13e6f4 ==> 79.6086 C
09-23 16:53:07.526 I/AHal::Cs35l41Health( 1458): GetExcursions: DSP1 Protection cd BDLOG_MAX_EXC Max exc: 0x39999 ==> 0.449999 mm
09-23 16:53:07.526 I/AHal::Cs35l41Health( 1458): GetExcursions: R DSP1 Protection cd BDLOG_MAX_EXC Max exc: 0x3ffff ==> 0.499998 mm
09-23 16:53:07.526 I/AHal::Cs35l41Health( 1458): GetHeartBeats: DSP1 Protection 400a4 HALO_HEARTBEAT dsp heartbeat = 0x553a9f
09-23 16:53:07.526 I/AHal::Cs35l41Health( 1458): GetHeartBeats: R DSP1 Protection 400a4 HALO_HEARTBEAT dsp heartbeat = 0x553aa1
09-23 16:53:08.684 I/pixel-thermal( 2330): cellular-emergency:34.1867 raw data: VIRTUAL-SKIN:34186.7 cellular-emergency:34186.7 
09-23 16:53:08.684 I/pixel-thermal( 2330): VIRTUAL-SKIN-HINT:34.1867 raw data: VIRTUAL-SKIN:34186.7 VIRTUAL-SKIN-HINT:34186.7 
09-23 16:53:08.684 I/pixel-thermal( 2330): VIRTUAL-SKIN-CPU-LIGHT-ODPM:34.1867 raw data: VIRTUAL-SKIN:34186.7 VIRTUAL-SKIN-CPU-LIGHT-ODPM:34186.7 
09-23 16:53:08.684 I/pixel-thermal( 2330): VIRTUAL-SKIN-CPU-MID:34.1867 raw data: VIRTUAL-SKIN:34186.7 VIRTUAL-SKIN-CPU-MID:34186.7 
09-23 16:53:08.685 I/pixel-thermal( 2330): VIRTUAL-SKIN-CPU-HIGH:34.1867 raw data: VIRTUAL-SKIN:34186.7 VIRTUAL-SKIN-CPU-HIGH:34186.7 
09-23 16:53:08.685 I/pixel-thermal( 2330): VIRTUAL-SKIN-SOC:34.1867 raw data: VIRTUAL-SKIN:34186.7 VIRTUAL-SKIN-SOC:34186.7 
09-23 16:53:08.685 I/pixel-thermal( 2330): VIRTUAL-SKIN-GPU:34.1867 raw data: VIRTUAL-SKIN:34186.7 VIRTUAL-SKIN-GPU:34186.7 
09-23 16:53:08.685 I/pixel-thermal( 2330): VIRTUAL-SKIN-SPEAKER:30.9704 raw data: VIRTUAL-SKIN-SPEAKER:30970.4 VIRTUAL-SKIN-SPEAKER-SUB-0:29962.3 VIRTUAL-SKIN-SPEAKER-SUB-1:30729.7 VIRTUAL-SKIN-SPEAKER-SUB-2:30970.4 battery:34200 cam_therm:34020 charge_therm:37471 disp_therm:34532 neutral_therm:35245 north_therm:33241 quiet_therm:35601 soc_therm:38138 usb_pwr_therm:34599 
09-23 16:53:08.686 I/pixel-thermal( 2330): VIRTUAL-SKIN-CHARGE-WIRED:34.1164 raw data: NO_WLC:1 VIRTUAL-SKIN-CHARGE:34116.4 VIRTUAL-SKIN-CHARGE-SUB-0:33961.5 VIRTUAL-SKIN-CHARGE-SUB-1:32858.6 VIRTUAL-SKIN-CHARGE-SUB-2:32711.3 VIRTUAL-SKIN-CHARGE-SUB-3:34116.4 VIRTUAL-SKIN-CHARGE-WIRED:34116.4 WLC_CHECK:1 battery:34200 cam_therm:34020 charge_therm:37471 disp_therm:34532 neutral_therm:35245 north_therm:33241 quiet_therm:35601 soc_therm:38138 thb_hda:0 usb_pwr_therm:34599 
09-23 16:53:08.686 I/pixel-thermal( 2330): VIRTUAL-SKIN-CHARGE-WIRED power_budget=4036.25 err=3.8836 s_power=2527 time_elapsed_ms=7019 p=462.148 i=1302 d=0 dt_per_min=nan compensation=0 budget transient=0 control target=2 excluded power budget=254.902 (PARTIAL_SYSTEM_POWER: 2124.18 mW, cdev_weight: 0.120000)
09-23 16:53:08.686 I/pixel-thermal( 2330): VIRTUAL-SKIN:34.1867 raw data: VIRTUAL-SKIN:34186.7 
09-23 16:53:08.687 I/pixel-thermal( 2330): quiet_therm:35.601 raw data: quiet_therm:35601 
09-23 16:53:08.687 I/pixel-thermal( 2330): VIRTUAL-SKIN-CHARGE-PERSIST:34.1164 raw data: VIRTUAL-SKIN-CHARGE:34116.4 VIRTUAL-SKIN-CHARGE-PERSIST:34116.4 
09-23 16:53:08.687 I/pixel-thermal( 2330): VIRTUAL-SKIN-CHARGE-PERSIST power_budget=4786.13 err=6.8836 s_power=2383 time_elapsed_ms=7019 p=1466.21 i=1383 d=0 dt_per_min=nan compensation=0 budget transient=0 control target=2 excluded power budget=446.078 (PARTIAL_SYSTEM_POWER: 2124.18 mW, cdev_weight: 0.210000)
09-23 16:53:08.992 I/WifiHAL ( 1519): Creating message to get link statistics; iface = 48
09-23 16:53:09.111 E/libbinder.IPCThreadState( 1519): binder thread pool (1 threads) starved for 119 ms
09-23 16:53:09.111 I/WifiHAL ( 1519): Getting cached scan results, iface handle = 0xb400007cee0138d0
09-23 16:53:09.111 E/WifiHAL ( 1519): Creating message to get cached scan results
09-23 16:53:09.119 I/WifiHAL ( 1519): In GetCachedScanResultsCommand::handleResponse
09-23 16:53:09.163 I/WifiHAL ( 1519): CreateRequest mType = GET_FEATURE
09-23 16:53:09.372 I/pixel-thermal( 2330): disp_therm:34.51 raw data: disp_therm:34510 
09-23 16:53:09.373 I/pixel-thermal( 2330): north_therm:33.197 raw data: north_therm:33197 
09-23 16:53:09.373 I/pixel-thermal( 2330): cam_therm:34.065 raw data: cam_therm:34065 
09-23 16:53:10.773 I/NearbyMediums(31664): Found Fast Ble Advertisements :
09-23 16:53:10.773 I/NearbyMediums(31664): BleAdvertisement { version=2, socketVersion=2, isFast=true, serviceIdHash=null, data=[ 0x23 0x51 0x5a 0x37 0x45 0x11 0x32 0x6f 0xd3 0x3d 0x93 0x8d 0xe4 0x24 0x58 0xb3 0xc7 0xe7 0xec 0xe9 0xe0 0x22 0x9a ], deviceToken=[ 0xe1 0xa7 ], rxAdvertisement=[ 0xa0 0x17 0x40 0x77 0xb6 0x4a 0xa2 0xf1 0xb8 0x5e 0x89 0xd0 0xfa 0x3b 0xb9 0x21 0xf4 0xe6 0x35 0x5a 0x51 0x3f 0x27 0x59 0xc1 0xcd 0x0d 0x49 0x08 0x20 0x37 0x65 0xbb 0x5c 0x84 0x15 0x05 0x7f 0x1f 0x00 0x84 0x15 0x06 0x60 0x1f 0x00 0x84 0x15 0x04 0x7f 0x1f 0x00 0x84 0x15 0x07 0x63 0x1f 0x00 0x83 0x15 0x01 0x16 0x71 ] } : 3 times.
09-23 16:53:10.773 I/NearbyMediums(31664): Total 3 fast advertisements from 1 unique advertisers.
09-23 16:53:10.774 I/NearbyMediums(31664): Current Tracked Scanning Clients are : {NearbyConnections.EnvironmentMonitor, NearbySharing}
09-23 16:53:11.306 I/bthal.activity( 1461): bt_power: LeAdvStat: 16:53:10:305 - 16:53:11:306, duration: 1000, le_adv_count: 1, total_le_adv_count: 113021, total_event_count: 1
09-23 16:53:12.170 I/WifiHAL ( 1519): Creating message to get link statistics; iface = 48
09-23 16:53:12.290 I/WifiHAL ( 1519): Getting cached scan results, iface handle = 0xb400007cee0138d0
09-23 16:53:12.290 E/WifiHAL ( 1519): Creating message to get cached scan results
09-23 16:53:12.298 I/WifiHAL ( 1519): In GetCachedScanResultsCommand::handleResponse
09-23 16:53:12.299 E/libbinder.IPCThreadState( 1519): binder thread pool (1 threads) starved for 128 ms
09-23 16:53:12.348 I/WifiHAL ( 1519): CreateRequest mType = GET_FEATURE
09-23 16:53:14.015 W/HWUI    (17675): Warning: Reusing an immutable bitmap as an image decoder target.
09-23 16:53:15.354 I/WifiHAL ( 1519): Creating message to get link statistics; iface = 48
09-23 16:53:15.473 I/WifiHAL ( 1519): Getting cached scan results, iface handle = 0xb400007cee0138d0
09-23 16:53:15.473 E/WifiHAL ( 1519): Creating message to get cached scan results
09-23 16:53:15.481 I/bthal.activity( 1461): bt_power: LeAdvStat: 16:53:14:480 - 16:53:15:480, duration: 1000, le_adv_count: 1, total_le_adv_count: 113022, total_event_count: 1
09-23 16:53:15.481 I/WifiHAL ( 1519): In GetCachedScanResultsCommand::handleResponse
09-23 16:53:15.482 E/libbinder.IPCThreadState( 1519): binder thread pool (1 threads) starved for 127 ms
09-23 16:53:15.526 I/WifiHAL ( 1519): CreateRequest mType = GET_FEATURE
09-23 16:53:15.711 I/pixel-thermal( 2330): cellular-emergency:34.1464 raw data: VIRTUAL-SKIN:34146.4 VIRTUAL-SKIN-SUB-0:33990 VIRTUAL-SKIN-SUB-1:31597.3 VIRTUAL-SKIN-SUB-10:33399.9 VIRTUAL-SKIN-SUB-2:32380.4 VIRTUAL-SKIN-SUB-3:32456.6 VIRTUAL-SKIN-SUB-4:33002.6 VIRTUAL-SKIN-SUB-5:33220.8 VIRTUAL-SKIN-SUB-6:31832.8 VIRTUAL-SKIN-SUB-7:33786.5 VIRTUAL-SKIN-SUB-8:34082.2 VIRTUAL-SKIN-SUB-9:34146.4 battery:34100 cam_therm:34043 cellular-emergency:34146.4 charge_therm:37515 disp_therm:34443 neutral_therm:35245 north_therm:33353 quiet_therm:35378 soc_therm:38049 usb_pwr_therm:34978 
09-23 16:53:15.711 I/pixel-thermal( 2330): VIRTUAL-SKIN-HINT:34.1464 raw data: VIRTUAL-SKIN:34146.4 VIRTUAL-SKIN-HINT:34146.4 
09-23 16:53:15.711 I/pixel-thermal( 2330): VIRTUAL-SKIN-CPU-LIGHT-ODPM:34.1464 raw data: VIRTUAL-SKIN:34146.4 VIRTUAL-SKIN-CPU-LIGHT-ODPM:34146.4 
09-23 16:53:15.711 I/pixel-thermal( 2330): VIRTUAL-SKIN-CPU-MID:34.1464 raw data: VIRTUAL-SKIN:34146.4 VIRTUAL-SKIN-CPU-MID:34146.4 
09-23 16:53:15.711 I/pixel-thermal( 2330): VIRTUAL-SKIN-CPU-HIGH:34.1464 raw data: VIRTUAL-SKIN:34146.4 VIRTUAL-SKIN-CPU-HIGH:34146.4 
09-23 16:53:15.711 I/pixel-thermal( 2330): VIRTUAL-SKIN-SOC:34.1464 raw data: VIRTUAL-SKIN:34146.4 VIRTUAL-SKIN-SOC:34146.4 
09-23 16:53:15.712 I/pixel-thermal( 2330): VIRTUAL-SKIN-GPU:34.1464 raw data: VIRTUAL-SKIN:34146.4 VIRTUAL-SKIN-GPU:34146.4 
09-23 16:53:15.712 I/pixel-thermal( 2330): VIRTUAL-SKIN-SPEAKER:30.922 raw data: VIRTUAL-SKIN-SPEAKER:30922 VIRTUAL-SKIN-SPEAKER-SUB-0:29775.9 VIRTUAL-SKIN-SPEAKER-SUB-1:30841.3 VIRTUAL-SKIN-SPEAKER-SUB-2:30922 battery:34100 cam_therm:34043 charge_therm:37515 disp_therm:34443 neutral_therm:35245 north_therm:33353 quiet_therm:35378 soc_therm:38049 usb_pwr_therm:34978 
09-23 16:53:15.712 I/pixel-thermal( 2330): VIRTUAL-SKIN-CHARGE-WIRED:34.0822 raw data: NO_WLC:1 VIRTUAL-SKIN-CHARGE:34082.2 VIRTUAL-SKIN-CHARGE-SUB-0:33891.2 VIRTUAL-SKIN-CHARGE-SUB-1:32850.7 VIRTUAL-SKIN-CHARGE-SUB-2:32685.4 VIRTUAL-SKIN-CHARGE-SUB-3:34082.2 VIRTUAL-SKIN-CHARGE-WIRED:34082.2 WLC_CHECK:1 battery:34100 cam_therm:34043 charge_therm:37515 disp_therm:34443 neutral_therm:35245 north_therm:33353 quiet_therm:35378 soc_therm:38049 thb_hda:0 usb_pwr_therm:34978 
09-23 16:53:15.712 I/pixel-thermal( 2330): VIRTUAL-SKIN-CHARGE-WIRED power_budget=4041.32 err=3.91782 s_power=2527 time_elapsed_ms=7020 p=466.221 i=1302 d=0 dt_per_min=nan compensation=0 budget transient=0 control target=2 excluded power budget=253.899 (PARTIAL_SYSTEM_POWER: 2115.82 mW, cdev_weight: 0.120000)
09-23 16:53:15.712 I/pixel-thermal( 2330): VIRTUAL-SKIN:34.1464 raw data: VIRTUAL-SKIN:34146.4 
09-23 16:53:15.712 I/pixel-thermal( 2330): quiet_therm:35.378 raw data: quiet_therm:35378 
09-23 16:53:15.712 I/pixel-thermal( 2330): VIRTUAL-SKIN-CHARGE-PERSIST:34.0822 raw data: VIRTUAL-SKIN-CHARGE:34082.2 VIRTUAL-SKIN-CHARGE-PERSIST:34082.2 
09-23 16:53:15.712 I/pixel-thermal( 2330): VIRTUAL-SKIN-CHARGE-PERSIST power_budget=4795.17 err=6.91782 s_power=2383 time_elapsed_ms=7020 p=1473.5 i=1383 d=0 dt_per_min=nan compensation=0 budget transient=0 control target=2 excluded power budget=444.322 (PARTIAL_SYSTEM_POWER: 2115.82 mW, cdev_weight: 0.210000)
09-23 16:53:16.394 I/pixel-thermal( 2330): disp_therm:34.443 raw data: disp_therm:34443 
09-23 16:53:16.394 I/pixel-thermal( 2330): north_therm:33.353 raw data: north_therm:33353 
09-23 16:53:16.394 I/pixel-thermal( 2330): cam_therm:34.043 raw data: cam_therm:34043 
09-23 16:53:17.236 I/pixel-thermal( 2330): VIRTUAL-SKIN:34.1464 raw data: VIRTUAL-SKIN:34146.4 
09-23 16:53:18.347 I/bthal.activity( 1461): bt_power: LeAdvStat: 16:53:17:343 - 16:53:18:347, duration: 1003, le_adv_count: 1, total_le_adv_count: 113023, total_event_count: 0
09-23 16:53:18.535 I/WifiHAL ( 1519): Creating message to get link statistics; iface = 48
09-23 16:53:18.616 I/WifiHAL ( 1519): Getting cached scan results, iface handle = 0xb400007cee0138d0
09-23 16:53:18.616 E/WifiHAL ( 1519): Creating message to get cached scan results
09-23 16:53:18.624 I/WifiHAL ( 1519): In GetCachedScanResultsCommand::handleResponse
09-23 16:53:18.645 I/AHal::Cs35l41Health( 1458): GetImpedances: speaker [0] impedance: 6.55783 Ohms
09-23 16:53:18.645 I/AHal::Cs35l41Health( 1458): GetImpedances: speaker [1] impedance: 6.99826 Ohms
09-23 16:53:18.646 I/AHal::Cs35l41Health( 1458): GetTemperatures: DSP1 Protection cd BDLOG_MAX_TEMP Max temp: 0x169534 ==> 90.3313 C
09-23 16:53:18.646 I/AHal::Cs35l41Health( 1458): GetTemperatures: R DSP1 Protection cd BDLOG_MAX_TEMP Max temp: 0x13e6f4 ==> 79.6086 C
09-23 16:53:18.649 I/AHal::Cs35l41Health( 1458): GetExcursions: DSP1 Protection cd BDLOG_MAX_EXC Max exc: 0x39999 ==> 0.449999 mm
09-23 16:53:18.650 I/AHal::Cs35l41Health( 1458): GetExcursions: R DSP1 Protection cd BDLOG_MAX_EXC Max exc: 0x3ffff ==> 0.499998 mm
09-23 16:53:18.650 I/AHal::Cs35l41Health( 1458): GetHeartBeats: DSP1 Protection 400a4 HALO_HEARTBEAT dsp heartbeat = 0x557bcc
09-23 16:53:18.650 I/AHal::Cs35l41Health( 1458): GetHeartBeats: R DSP1 Protection 400a4 HALO_HEARTBEAT dsp heartbeat = 0x557bce
09-23 16:53:18.664 I/WifiHAL ( 1519): CreateRequest mType = GET_FEATURE
09-23 16:53:19.772 I/bthal.activity( 1461): bt_power: LeAdvStat: 16:53:18:771 - 16:53:19:772, duration: 1000, le_adv_count: 1, total_le_adv_count: 113024, total_event_count: 1
09-23 16:53:20.777 I/NearbyMediums(31664): Found Fast Ble Advertisements :
09-23 16:53:20.777 I/NearbyMediums(31664): BleAdvertisement { version=2, socketVersion=2, isFast=true, serviceIdHash=null, data=[ 0x23 0x51 0x5a 0x37 0x45 0x11 0x32 0x6f 0xd3 0x3d 0x93 0x8d 0xe4 0x24 0x58 0xb3 0xc7 0xe7 0xec 0xe9 0xe0 0x22 0x9a ], deviceToken=[ 0xe1 0xa7 ], rxAdvertisement=[ 0xa0 0x17 0x40 0x77 0xb6 0x4a 0xa2 0xf1 0xb8 0x5e 0x89 0xd0 0xfa 0x3b 0xb9 0x21 0xf4 0xe6 0x35 0x5a 0x51 0x3f 0x27 0x59 0xc1 0xcd 0x0d 0x49 0x08 0x20 0x37 0x65 0xbb 0x5c 0x84 0x15 0x05 0x7f 0x1f 0x00 0x84 0x15 0x06 0x60 0x1f 0x00 0x84 0x15 0x04 0x7f 0x1f 0x00 0x84 0x15 0x07 0x63 0x1f 0x00 0x83 0x15 0x01 0x16 0x71 ] } : 3 times.
09-23 16:53:20.777 I/NearbyMediums(31664): Total 3 fast advertisements from 1 unique advertisers.
09-23 16:53:20.778 I/NearbyMediums(31664): Current Tracked Scanning Clients are : {NearbyConnections.EnvironmentMonitor, NearbySharing}
09-23 16:53:21.670 I/WifiHAL ( 1519): Creating message to get link statistics; iface = 48
09-23 16:53:21.789 I/WifiHAL ( 1519): Getting cached scan results, iface handle = 0xb400007cee0138d0
09-23 16:53:21.789 E/WifiHAL ( 1519): Creating message to get cached scan results
09-23 16:53:21.798 I/WifiHAL ( 1519): In GetCachedScanResultsCommand::handleResponse
09-23 16:53:21.798 E/libbinder.IPCThreadState( 1519): binder thread pool (1 threads) starved for 128 ms
09-23 16:53:21.837 I/WifiHAL ( 1519): CreateRequest mType = GET_FEATURE
09-23 16:53:22.737 I/pixel-thermal( 2330): cellular-emergency:34.1537 raw data: VIRTUAL-SKIN:34153.7 VIRTUAL-SKIN-SUB-0:33993.3 VIRTUAL-SKIN-SUB-1:31591.5 VIRTUAL-SKIN-SUB-10:33399.9 VIRTUAL-SKIN-SUB-2:32363.2 VIRTUAL-SKIN-SUB-3:32479.7 VIRTUAL-SKIN-SUB-4:33025.5 VIRTUAL-SKIN-SUB-5:33228.7 VIRTUAL-SKIN-SUB-6:31789.3 VIRTUAL-SKIN-SUB-7:33774 VIRTUAL-SKIN-SUB-8:34071.4 VIRTUAL-SKIN-SUB-9:34153.7 battery:34100 cam_therm:34065 cellular-emergency:34153.7 charge_therm:37471 disp_therm:34421 neutral_therm:35222 north_therm:33375 quiet_therm:35289 soc_therm:38116 usb_pwr_therm:34933 
09-23 16:53:22.738 I/pixel-thermal( 2330): VIRTUAL-SKIN-HINT:34.1537 raw data: VIRTUAL-SKIN:34153.7 VIRTUAL-SKIN-HINT:34153.7 
09-23 16:53:22.738 I/pixel-thermal( 2330): VIRTUAL-SKIN-CPU-LIGHT-ODPM:34.1537 raw data: VIRTUAL-SKIN:34153.7 VIRTUAL-SKIN-CPU-LIGHT-ODPM:34153.7 
09-23 16:53:22.738 I/pixel-thermal( 2330): VIRTUAL-SKIN-CPU-MID:34.1537 raw data: VIRTUAL-SKIN:34153.7 VIRTUAL-SKIN-CPU-MID:34153.7 
09-23 16:53:22.738 I/pixel-thermal( 2330): VIRTUAL-SKIN-CPU-HIGH:34.1537 raw data: VIRTUAL-SKIN:34153.7 VIRTUAL-SKIN-CPU-HIGH:34153.7 
09-23 16:53:22.738 I/pixel-thermal( 2330): VIRTUAL-SKIN-SOC:34.1537 raw data: VIRTUAL-SKIN:34153.7 VIRTUAL-SKIN-SOC:34153.7 
09-23 16:53:22.738 I/pixel-thermal( 2330): VIRTUAL-SKIN-GPU:34.1537 raw data: VIRTUAL-SKIN:34153.7 VIRTUAL-SKIN-GPU:34153.7 
09-23 16:53:22.738 I/pixel-thermal( 2330): VIRTUAL-SKIN-SPEAKER:30.8968 raw data: VIRTUAL-SKIN-SPEAKER:30896.8 VIRTUAL-SKIN-SPEAKER-SUB-0:29694.1 VIRTUAL-SKIN-SPEAKER-SUB-1:30828.9 VIRTUAL-SKIN-SPEAKER-SUB-2:30896.8 battery:34100 cam_therm:34065 charge_therm:37471 disp_therm:34421 neutral_therm:35222 north_therm:33375 quiet_therm:35289 soc_therm:38116 usb_pwr_therm:34933 
09-23 16:53:22.739 I/pixel-thermal( 2330): VIRTUAL-SKIN-CHARGE-WIRED:34.0714 raw data: NO_WLC:1 VIRTUAL-SKIN-CHARGE:34071.4 VIRTUAL-SKIN-CHARGE-SUB-0:33875.9 VIRTUAL-SKIN-CHARGE-SUB-1:32834 VIRTUAL-SKIN-CHARGE-SUB-2:32686.6 VIRTUAL-SKIN-CHARGE-SUB-3:34071.4 VIRTUAL-SKIN-CHARGE-WIRED:34071.4 WLC_CHECK:1 battery:34100 cam_therm:34065 charge_therm:37471 disp_therm:34421 neutral_therm:35222 north_therm:33375 quiet_therm:35289 soc_therm:38116 thb_hda:0 usb_pwr_therm:34933 
09-23 16:53:22.739 I/pixel-thermal( 2330): VIRTUAL-SKIN-CHARGE-WIRED power_budget=4044.26 err=3.9286 s_power=2527 time_elapsed_ms=7019 p=467.503 i=1302 d=0 dt_per_min=nan compensation=0 budget transient=0 control target=2 excluded power budget=252.242 (PARTIAL_SYSTEM_POWER: 2102.01 mW, cdev_weight: 0.120000)
09-23 16:53:22.739 I/pixel-thermal( 2330): VIRTUAL-SKIN:34.1537 raw data: VIRTUAL-SKIN:34153.7 
09-23 16:53:22.739 I/pixel-thermal( 2330): quiet_therm:35.289 raw data: quiet_therm:35289 
09-23 16:53:22.739 I/pixel-thermal( 2330): VIRTUAL-SKIN-CHARGE-PERSIST:34.0714 raw data: VIRTUAL-SKIN-CHARGE:34071.4 VIRTUAL-SKIN-CHARGE-PERSIST:34071.4 
09-23 16:53:22.739 I/pixel-thermal( 2330): VIRTUAL-SKIN-CHARGE-PERSIST power_budget=4800.37 err=6.9286 s_power=2383 time_elapsed_ms=7019 p=1475.79 i=1383 d=0 dt_per_min=nan compensation=0 budget transient=0 control target=2 excluded power budget=441.423 (PARTIAL_SYSTEM_POWER: 2102.01 mW, cdev_weight: 0.210000)
09-23 16:53:23.414 I/pixel-thermal( 2330): disp_therm:34.421 raw data: disp_therm:34421 
09-23 16:53:23.414 I/pixel-thermal( 2330): north_therm:33.375 raw data: north_therm:33375 
09-23 16:53:23.415 I/pixel-thermal( 2330): cam_therm:34.065 raw data: cam_therm:34065 
09-23 16:53:23.670 I/pixel-thermal( 2330): charge_therm:37.471 raw data: charge_therm:37471 
09-23 16:53:23.670 I/pixel-thermal( 2330): usb_pwr_therm:34.933 raw data: usb_pwr_therm:34933 
09-23 16:53:23.671 I/pixel-thermal( 2330): Power rails total power: 2223.20 mW for 60011 ms
09-23 16:53:23.671 I/pixel-thermal( 2330): Power rails [VSYS_PWR_MODEM: 23.50 mW] [S6S_LLDO2: 22.15 mW] [S8M_LLDO2: 35.28 mW] [S7M_VDD_TPU: 0.00 mW] [S6M_LLDO1: 151.56 mW] [S4M_VDD_CPUCL0: 351.40 mW] 
09-23 16:53:23.671 I/pixel-thermal( 2330): Power rails [S2M_VDD_CPUCL2: 15.25 mW] [S1M_VDD_MIF: 73.90 mW] [VSYS_PWR_MMWAVE: 0.24 mW] [S9M_VDD_CPUCL0_M: 18.11 mW] [L21S_VDD2L_MEM: 24.12 mW] [VSYS_PWR_DISPLAY: 719.29 mW] 
09-23 16:53:23.671 I/pixel-thermal( 2330): Power rails [L22M_DISP: 92.36 mW] [VSYS_PWR_RFFE: 0.00 mW] [VSYS_PWR_WLAN_BT: 97.73 mW] [S5M_VDD_INT: 77.31 mW] [S9S_VDD_AOC: 26.96 mW] [S4S_VDD2H_MEM: 76.50 mW] 
09-23 16:53:23.671 I/pixel-thermal( 2330): Power rails [S3M_VDD_CPUCL1: 333.73 mW] [L2S_PLL_MIPI_UFS: 28.64 mW] [S1S_VDD_CAM: 38.82 mW] [S2S_VDD_G3D: 6.41 mW] [S5S_VDDQ_MEM: 8.55 mW] [S8S_VDD_G3D_L2: 1.36 mW] 
09-23 16:53:23.671 I/pixel-thermal( 2330): CDEV log gxp-cooling state:0 tpu_cooling state:0 usbc-port state:0 thermal-cpufreq-1 state:0 chg_mdis state:0 thermal-gpufreq-0 state:0 thermal-cpufreq-2 state:0 thermal-cpufreq-0 state:0 
09-23 16:53:23.901 I/bthal.activity( 1461): bt_power: LeAdvStat: 16:53:22:901 - 16:53:23:901, duration: 1000, le_adv_count: 1, total_le_adv_count: 113025, total_event_count: 1
09-23 16:53:24.843 I/WifiHAL ( 1519): Creating message to get link statistics; iface = 48
09-23 16:53:24.964 I/WifiHAL ( 1519): Getting cached scan results, iface handle = 0xb400007cee0138d0
09-23 16:53:24.964 E/WifiHAL ( 1519): Creating message to get cached scan results
09-23 16:53:24.973 I/WifiHAL ( 1519): In GetCachedScanResultsCommand::handleResponse
09-23 16:53:24.973 E/libbinder.IPCThreadState( 1519): binder thread pool (1 threads) starved for 129 ms
09-23 16:53:25.014 I/WifiHAL ( 1519): CreateRequest mType = GET_FEATURE
09-23 16:53:25.773 W/snetworkmonitor( 3325): Reducing the number of considered missed Gc histogram windows from 194 to 100
09-23 16:53:25.980 I/android.youtube(17675): NativeAlloc concurrent mark compact GC freed 20MB AllocSpace bytes, 24(1556KB) LOS objects, 79% free, 103MB/512MB, paused 547us,3.796ms total 169.846ms
09-23 16:53:25.992 W/System  (17675): A resource failed to call destroy. 
09-23 16:53:25.992 W/System  (17675): A resource failed to call destroy. 
09-23 16:53:25.993 W/System  (17675): A resource failed to call destroy. 
09-23 16:53:25.993 W/System  (17675): A resource failed to call destroy. 
09-23 16:53:25.994 W/System  (17675): A resource failed to call destroy. 
09-23 16:53:25.994 W/System  (17675): A resource failed to call destroy. 
09-23 16:53:25.999 W/System  (17675): A resource failed to call destroy. 
09-23 16:53:25.999 W/System  (17675): A resource failed to call destroy. 
09-23 16:53:26.381 W/hwc-display(  680): FBManager: cached buffers size 33 exceeds limitation(32) while adding fbId 460
09-23 16:53:26.663 I/CastDatabase(31664): Saving the database
09-23 16:53:26.667 I/SQLiteCastStore(31664): [CastNetworkInfo] saved: 1, skipped: 0, [CastDeviceInfo]: saved 1, skipped 0, [ProbedNetworks]: saved 0, skipped: 0, [ProbedSocketAddress]: saved 1, skipped: 0, [Network-Device pairs]: saved: 1
09-23 16:53:27.245 I/pixel-thermal( 2330): VIRTUAL-SKIN:34.1454 raw data: VIRTUAL-SKIN:34145.4 VIRTUAL-SKIN-SUB-0:33939.4 VIRTUAL-SKIN-SUB-1:31568.4 VIRTUAL-SKIN-SUB-10:33425.4 VIRTUAL-SKIN-SUB-2:32267.3 VIRTUAL-SKIN-SUB-3:32480.6 VIRTUAL-SKIN-SUB-4:33066.4 VIRTUAL-SKIN-SUB-5:33211.1 VIRTUAL-SKIN-SUB-6:31710.6 VIRTUAL-SKIN-SUB-7:33753.6 VIRTUAL-SKIN-SUB-8:34049.2 VIRTUAL-SKIN-SUB-9:34145.4 battery:34100 cam_therm:34020 charge_therm:37359 disp_therm:34466 neutral_therm:35245 north_therm:33419 quiet_therm:35178 soc_therm:38138 usb_pwr_therm:34599 
09-23 16:53:27.306 I/SpoofUtils(21730): package name of app.morphe.android.youtube spoofed to com.google.android.youtube
09-23 16:53:27.313 I/SpoofUtils(21730): package name of app.morphe.android.youtube spoofed to com.google.android.youtube
09-23 16:53:27.325 I/RethinkDnsVpn(27710): preflow: returning uid: 10576 for src: (10.111.222.1, 50914), dst: (142.251.153.6, 443), isRethink? false
09-23 16:53:27.334 I/ProxyLogs(27710): no proxy ids found for 10576, 142.251.153.6, 443, s.youtube.com; returning Exit
09-23 16:53:27.335 I/RethinkDnsVpn(27710): flow/inflow: returning mark: Mark{PIDCSV:Exit,CID:d7b63b301c184dbd,UID:10576,IP:,} for src(10.111.222.1: 50914), dest(142.251.153.6:443, s.youtube.com)
09-23 16:53:27.342 I/Firestack(27710): proxy: Exit: dial(udp)  => 142.251.153.6:443, ka? false, sz? 524288 (<nil>); err? <nil>
09-23 16:53:27.342 I/Firestack(27710): udp: connect: d7b63b301c184dbd [10576] (proxy? Exit@10.3.0.213:56202) 10.3.0.213:56202 => 142.251.153.6:443/142.251.153.6:443; fallback? false / mux? false / fwd? false
09-23 16:53:27.343 W/RethinkDnsVpn(27710): postFlow: no connection metadata found for mark: Mark{PIDCSV:Exit,CID:d7b63b301c184dbd,UID:10576,IP:142.251.153.6,}
09-23 16:53:27.344 I/Firestack(27710): com: udp: forward: new conn udp:Exit::d7b63b301c184dbd rwext? true (intra.rwext), optset? false (120s); a(10.111.222.1:50914->142.251.153.6:443) => b(10.3.0.213:56202<-142.251.153.6:443) for 10576
09-23 16:53:27.510 W/TracingMuxer( 1709): type=1400 audit(0.0:634208): avc:  denied  { write } for  name="traced_producer" dev="tmpfs" ino=1541 scontext=u:r:gxp_logging:s0 tcontext=u:object_r:traced_producer_socket:s0 tclass=sock_file permissive=0
09-23 16:53:27.591 I/system_server( 1948): Background young concurrent mark compact GC freed 20MB AllocSpace bytes, 254(11MB) LOS objects, 70% free, 151MB/512MB, paused 1.781ms,28.222ms total 130.437ms
09-23 16:53:28.020 I/WifiHAL ( 1519): Creating message to get link statistics; iface = 48
09-23 16:53:28.085 I/bthal.activity( 1461): bt_power: LeAdvStat: 16:53:27:085 - 16:53:28:085, duration: 1000, le_adv_count: 1, total_le_adv_count: 113026, total_event_count: 1
09-23 16:53:28.112 I/WifiHAL ( 1519): Getting cached scan results, iface handle = 0xb400007cee0138d0
09-23 16:53:28.112 E/WifiHAL ( 1519): Creating message to get cached scan results
09-23 16:53:28.121 I/WifiHAL ( 1519): In GetCachedScanResultsCommand::handleResponse
09-23 16:53:28.167 I/WifiHAL ( 1519): CreateRequest mType = GET_FEATURE
09-23 16:53:29.767 I/AHal::Cs35l41Health( 1458): GetImpedances: speaker [0] impedance: 6.50849 Ohms
09-23 16:53:29.767 I/AHal::Cs35l41Health( 1458): GetImpedances: speaker [1] impedance: 6.97109 Ohms
09-23 16:53:29.768 I/pixel-thermal( 2330): cellular-emergency:34.1454 raw data: VIRTUAL-SKIN:34145.4 VIRTUAL-SKIN-SUB-0:33939.4 VIRTUAL-SKIN-SUB-1:31568.4 VIRTUAL-SKIN-SUB-10:33425.4 VIRTUAL-SKIN-SUB-2:32267.3 VIRTUAL-SKIN-SUB-3:32480.6 VIRTUAL-SKIN-SUB-4:33066.4 VIRTUAL-SKIN-SUB-5:33211.1 VIRTUAL-SKIN-SUB-6:31710.6 VIRTUAL-SKIN-SUB-7:33753.6 VIRTUAL-SKIN-SUB-8:34049.2 VIRTUAL-SKIN-SUB-9:34145.4 battery:34100 cam_therm:34020 cellular-emergency:34145.4 charge_therm:37359 disp_therm:34466 neutral_therm:35245 north_therm:33419 quiet_therm:35178 soc_therm:38138 usb_pwr_therm:34599 
09-23 16:53:29.768 I/AHal::Cs35l41Health( 1458): GetTemperatures: DSP1 Protection cd BDLOG_MAX_TEMP Max temp: 0x169534 ==> 90.3313 C
09-23 16:53:29.768 I/pixel-thermal( 2330): VIRTUAL-SKIN-HINT:34.1454 raw data: VIRTUAL-SKIN:34145.4 VIRTUAL-SKIN-HINT:34145.4 
09-23 16:53:29.768 I/pixel-thermal( 2330): VIRTUAL-SKIN-CPU-LIGHT-ODPM:34.1454 raw data: VIRTUAL-SKIN:34145.4 VIRTUAL-SKIN-CPU-LIGHT-ODPM:34145.4 
09-23 16:53:29.768 I/AHal::Cs35l41Health( 1458): GetTemperatures: R DSP1 Protection cd BDLOG_MAX_TEMP Max temp: 0x13e6f4 ==> 79.6086 C
09-23 16:53:29.768 I/pixel-thermal( 2330): VIRTUAL-SKIN-CPU-MID:34.1454 raw data: VIRTUAL-SKIN:34145.4 VIRTUAL-SKIN-CPU-MID:34145.4 
09-23 16:53:29.768 I/pixel-thermal( 2330): VIRTUAL-SKIN-CPU-HIGH:34.1454 raw data: VIRTUAL-SKIN:34145.4 VIRTUAL-SKIN-CPU-HIGH:34145.4 
09-23 16:53:29.769 I/pixel-thermal( 2330): VIRTUAL-SKIN-SOC:34.1454 raw data: VIRTUAL-SKIN:34145.4 VIRTUAL-SKIN-SOC:34145.4 
09-23 16:53:29.769 I/pixel-thermal( 2330): VIRTUAL-SKIN-GPU:34.1454 raw data: VIRTUAL-SKIN:34145.4 VIRTUAL-SKIN-GPU:34145.4 
09-23 16:53:29.769 I/AHal::Cs35l41Health( 1458): GetExcursions: DSP1 Protection cd BDLOG_MAX_EXC Max exc: 0x39999 ==> 0.449999 mm
09-23 16:53:29.769 I/AHal::Cs35l41Health( 1458): GetExcursions: R DSP1 Protection cd BDLOG_MAX_EXC Max exc: 0x3ffff ==> 0.499998 mm
09-23 16:53:29.769 I/AHal::Cs35l41Health( 1458): GetHeartBeats: DSP1 Protection 400a4 HALO_HEARTBEAT dsp heartbeat = 0x55bcf4
09-23 16:53:29.770 I/AHal::Cs35l41Health( 1458): GetHeartBeats: R DSP1 Protection 400a4 HALO_HEARTBEAT dsp heartbeat = 0x55bcf6
09-23 16:53:29.770 I/pixel-thermal( 2330): VIRTUAL-SKIN-SPEAKER:30.8547 raw data: VIRTUAL-SKIN-SPEAKER:30854.7 VIRTUAL-SKIN-SPEAKER-SUB-0:29573.3 VIRTUAL-SKIN-SPEAKER-SUB-1:30703.2 VIRTUAL-SKIN-SPEAKER-SUB-2:30854.7 battery:34100 cam_therm:34020 charge_therm:37359 disp_therm:34466 neutral_therm:35245 north_therm:33419 quiet_therm:35178 soc_therm:38138 usb_pwr_therm:34599 
09-23 16:53:29.771 I/pixel-thermal( 2330): VIRTUAL-SKIN-CHARGE-WIRED:34.0492 raw data: NO_WLC:1 VIRTUAL-SKIN-CHARGE:34049.2 VIRTUAL-SKIN-CHARGE-SUB-0:33838 VIRTUAL-SKIN-CHARGE-SUB-1:32808.8 VIRTUAL-SKIN-CHARGE-SUB-2:32681.3 VIRTUAL-SKIN-CHARGE-SUB-3:34049.2 VIRTUAL-SKIN-CHARGE-WIRED:34049.2 WLC_CHECK:1 battery:34100 cam_therm:34020 charge_therm:37359 disp_therm:34466 neutral_therm:35245 north_therm:33419 quiet_therm:35178 soc_therm:38138 thb_hda:0 usb_pwr_therm:34599 
09-23 16:53:29.771 I/pixel-thermal( 2330): VIRTUAL-SKIN-CHARGE-WIRED power_budget=4046.8 err=3.95077 s_power=2527 time_elapsed_ms=7011 p=470.142 i=1302 d=0 dt_per_min=nan compensation=0 budget transient=0 control target=2 excluded power budget=252.337 (PARTIAL_SYSTEM_POWER: 2102.81 mW, cdev_weight: 0.120000)
09-23 16:53:29.771 I/pixel-thermal( 2330): VIRTUAL-SKIN:34.1454 raw data: VIRTUAL-SKIN:34145.4 
09-23 16:53:29.771 I/pixel-thermal( 2330): quiet_therm:35.178 raw data: quiet_therm:35178 
09-23 16:53:29.771 I/pixel-thermal( 2330): VIRTUAL-SKIN-CHARGE-PERSIST:34.0492 raw data: VIRTUAL-SKIN-CHARGE:34049.2 VIRTUAL-SKIN-CHARGE-PERSIST:34049.2 
09-23 16:53:29.772 I/pixel-thermal( 2330): VIRTUAL-SKIN-CHARGE-PERSIST power_budget=4804.92 err=6.95077 s_power=2383 time_elapsed_ms=7011 p=1480.51 i=1383 d=0 dt_per_min=nan compensation=0 budget transient=0 control target=2 excluded power budget=441.59 (PARTIAL_SYSTEM_POWER: 2102.81 mW, cdev_weight: 0.210000)
09-23 16:53:30.027 W/HWUI    (17675): Warning: Reusing an immutable bitmap as an image decoder target.
09-23 16:53:30.465 I/pixel-thermal( 2330): disp_therm:34.466 raw data: disp_therm:34466 
09-23 16:53:30.465 I/pixel-thermal( 2330): north_therm:33.419 raw data: north_therm:33419 
09-23 16:53:30.465 I/pixel-thermal( 2330): cam_therm:34.02 raw data: cam_therm:34020 
09-23 16:53:30.782 I/NearbyMediums(31664): Found Fast Ble Advertisements :
09-23 16:53:30.782 I/NearbyMediums(31664): BleAdvertisement { version=2, socketVersion=2, isFast=true, serviceIdHash=null, data=[ 0x23 0x51 0x5a 0x37 0x45 0x11 0x32 0x6f 0xd3 0x3d 0x93 0x8d 0xe4 0x24 0x58 0xb3 0xc7 0xe7 0xec 0xe9 0xe0 0x22 0x9a ], deviceToken=[ 0xe1 0xa7 ], rxAdvertisement=[ 0xa0 0x17 0x40 0x77 0xb6 0x4a 0xa2 0xf1 0xb8 0x5e 0x89 0xd0 0xfa 0x3b 0xb9 0x21 0xf4 0xe6 0x35 0x5a 0x51 0x3f 0x27 0x59 0xc1 0xcd 0x0d 0x49 0x08 0x20 0x37 0x65 0xbb 0x5c 0x84 0x15 0x05 0x7f 0x1f 0x00 0x84 0x15 0x06 0x60 0x1f 0x00 0x84 0x15 0x04 0x7f 0x1f 0x00 0x84 0x15 0x07 0x63 0x1f 0x00 0x83 0x15 0x01 0x16 0x71 ] } : 3 times.
09-23 16:53:30.782 I/NearbyMediums(31664): Total 3 fast advertisements from 1 unique advertisers.
09-23 16:53:30.783 I/NearbyMediums(31664): Current Tracked Scanning Clients are : {NearbyConnections.EnvironmentMonitor, NearbySharing}
09-23 16:53:30.947 I/bthal.activity( 1461): bt_power: LeAdvStat: 16:53:29:944 - 16:53:30:947, duration: 1003, le_adv_count: 1, total_le_adv_count: 113027, total_event_count: 0
09-23 16:53:31.172 I/WifiHAL ( 1519): Creating message to get link statistics; iface = 48
09-23 16:53:31.291 I/WifiHAL ( 1519): Getting cached scan results, iface handle = 0xb400007cee0138d0
09-23 16:53:31.291 E/WifiHAL ( 1519): Creating message to get cached scan results
09-23 16:53:31.299 I/WifiHAL ( 1519): In GetCachedScanResultsCommand::handleResponse
09-23 16:53:31.299 E/libbinder.IPCThreadState( 1519): binder thread pool (1 threads) starved for 127 ms
09-23 16:53:31.338 I/WifiHAL ( 1519): CreateRequest mType = GET_FEATURE
09-23 16:53:31.781 W/Turbo.OnDeviceBatteryHistory(16587): addEvents: loaded 1 battery events.
09-23 16:53:31.781 W/Turbo.OnDeviceBatteryHistory(16587): addEvents: loaded battery events completed.
09-23 16:53:31.785 W/Turbo.EstimatedTimeRemainingProvider(16587): queryTimeToDischarge: 8018762
09-23 16:53:32.374 I/bthal.activity( 1461): bt_power: LeAdvStat: 16:53:31:373 - 16:53:32:373, duration: 1000, le_adv_count: 1, total_le_adv_count: 113028, total_event_count: 1
09-23 16:53:33.798 W/GC2GrallocAllocator( 1495): Either video is paused or out of graphic buffers, continue waiting
09-23 16:53:34.342 I/WifiHAL ( 1519): Creating message to get link statistics; iface = 48
09-23 16:53:34.463 I/WifiHAL ( 1519): Getting cached scan results, iface handle = 0xb400007cee0138d0
09-23 16:53:34.463 E/WifiHAL ( 1519): Creating message to get cached scan results
09-23 16:53:34.471 I/WifiHAL ( 1519): In GetCachedScanResultsCommand::handleResponse
09-23 16:53:34.472 E/libbinder.IPCThreadState( 1519): binder thread pool (1 threads) starved for 129 ms
09-23 16:53:34.518 I/WifiHAL ( 1519): CreateRequest mType = GET_FEATURE
09-23 16:53:36.499 I/bthal.activity( 1461): bt_power: LeAdvStat: 16:53:35:498 - 16:53:36:499, duration: 1000, le_adv_count: 1, total_le_adv_count: 113029, total_event_count: 1
09-23 16:53:36.732 I/AlarmManager(31664): setExactAndAllowWhileIdle [name: FcmRetry type: 2 triggerAtMillis: 2955630498]
09-23 16:53:36.757 I/fghg    (12246): (REDACTED) HDM. appOpsListener %s %s
09-23 16:53:36.757 I/fghg    (12246): (REDACTED) HDM. Ignoring irrelevant audio permission changes for package %s
09-23 16:53:36.760 I/pixel-thermal( 2330): cellular-emergency:34.1721 raw data: VIRTUAL-SKIN:34172.1 VIRTUAL-SKIN-SUB-0:33993.8 VIRTUAL-SKIN-SUB-1:31719.9 VIRTUAL-SKIN-SUB-10:33429.1 VIRTUAL-SKIN-SUB-2:32277 VIRTUAL-SKIN-SUB-3:32528 VIRTUAL-SKIN-SUB-4:33168.4 VIRTUAL-SKIN-SUB-5:33257.3 VIRTUAL-SKIN-SUB-6:31839.3 VIRTUAL-SKIN-SUB-7:33760.7 VIRTUAL-SKIN-SUB-8:34142.1 VIRTUAL-SKIN-SUB-9:34172.1 battery:34100 cam_therm:34065 cellular-emergency:34172.1 charge_therm:37493 disp_therm:34466 neutral_therm:35245 north_therm:33531 quiet_therm:35601 soc_therm:38161 usb_pwr_therm:34577 
09-23 16:53:36.761 I/pixel-thermal( 2330): VIRTUAL-SKIN-HINT:34.1721 raw data: VIRTUAL-SKIN:34172.1 VIRTUAL-SKIN-HINT:34172.1 
09-23 16:53:36.761 I/pixel-thermal( 2330): VIRTUAL-SKIN-CPU-LIGHT-ODPM:34.1721 raw data: VIRTUAL-SKIN:34172.1 VIRTUAL-SKIN-CPU-LIGHT-ODPM:34172.1 
09-23 16:53:36.761 I/pixel-thermal( 2330): VIRTUAL-SKIN-CPU-MID:34.1721 raw data: VIRTUAL-SKIN:34172.1 VIRTUAL-SKIN-CPU-MID:34172.1 
09-23 16:53:36.761 I/pixel-thermal( 2330): VIRTUAL-SKIN-CPU-HIGH:34.1721 raw data: VIRTUAL-SKIN:34172.1 VIRTUAL-SKIN-CPU-HIGH:34172.1 
09-23 16:53:36.761 I/pixel-thermal( 2330): VIRTUAL-SKIN-SOC:34.1721 raw data: VIRTUAL-SKIN:34172.1 VIRTUAL-SKIN-SOC:34172.1 
09-23 16:53:36.761 I/pixel-thermal( 2330): VIRTUAL-SKIN-GPU:34.1721 raw data: VIRTUAL-SKIN:34172.1 VIRTUAL-SKIN-GPU:34172.1 
09-23 16:53:36.761 I/pixel-thermal( 2330): VIRTUAL-SKIN-SPEAKER:30.9293 raw data: VIRTUAL-SKIN-SPEAKER:30929.3 VIRTUAL-SKIN-SPEAKER-SUB-0:29971.9 VIRTUAL-SKIN-SPEAKER-SUB-1:30709 VIRTUAL-SKIN-SPEAKER-SUB-2:30929.3 battery:34100 cam_therm:34065 charge_therm:37493 disp_therm:34466 neutral_therm:35245 north_therm:33531 quiet_therm:35601 soc_therm:38161 usb_pwr_therm:34577 
09-23 16:53:36.762 I/pixel-thermal( 2330): VIRTUAL-SKIN-CHARGE-WIRED:34.1422 raw data: NO_WLC:1 VIRTUAL-SKIN-CHARGE:34142.1 VIRTUAL-SKIN-CHARGE-SUB-0:33977 VIRTUAL-SKIN-CHARGE-SUB-1:32823.6 VIRTUAL-SKIN-CHARGE-SUB-2:32743.5 VIRTUAL-SKIN-CHARGE-SUB-3:34142.1 VIRTUAL-SKIN-CHARGE-WIRED:34142.1 WLC_CHECK:1 battery:34100 cam_therm:34065 charge_therm:37493 disp_therm:34466 neutral_therm:35245 north_therm:33531 quiet_therm:35601 soc_therm:38161 thb_hda:0 usb_pwr_therm:34577 
09-23 16:53:36.762 I/pixel-thermal( 2330): VIRTUAL-SKIN-CHARGE-WIRED power_budget=4035.75 err=3.85785 s_power=2527 time_elapsed_ms=7020 p=459.084 i=1302 d=-0 dt_per_min=nan compensation=0 budget transient=0 control target=2 excluded power budget=252.337 (PARTIAL_SYSTEM_POWER: 2102.81 mW, cdev_weight: 0.120000)
09-23 16:53:36.762 I/pixel-thermal( 2330): VIRTUAL-SKIN:34.1721 raw data: VIRTUAL-SKIN:34172.1 
09-23 16:53:36.762 I/pixel-thermal( 2330): quiet_therm:35.601 raw data: quiet_therm:35601 
09-23 16:53:36.762 I/pixel-thermal( 2330): VIRTUAL-SKIN-CHARGE-PERSIST:34.1422 raw data: VIRTUAL-SKIN-CHARGE:34142.1 VIRTUAL-SKIN-CHARGE-PERSIST:34142.1 
09-23 16:53:36.762 I/pixel-thermal( 2330): VIRTUAL-SKIN-CHARGE-PERSIST power_budget=4785.13 err=6.85785 s_power=2383 time_elapsed_ms=7020 p=1460.72 i=1383 d=-0 dt_per_min=nan compensation=0 budget transient=0 control target=2 excluded power budget=441.59 (PARTIAL_SYSTEM_POWER: 2102.81 mW, cdev_weight: 0.210000)
09-23 16:53:36.788 E/msys    (22531): E[ADNSUCTIMHO WAJMNSDNSResolver]_MNSDNSResolutionSuccess(45)=>[LogLevel:I] DNS Resolution Successful with 1 IPs, Persistent Cache Hit: 1, secondary resolver used: 0
09-23 16:53:36.789 E/msys    (22531): E[ADNSUCTIMHO WAJMNSDNSResolver]_MNSDNSResolutionSuccess(63)=>[LogLevel:I] Resolved IP Address: 57.144.63.33
09-23 16:53:36.794 E/msys    (22531): E[N mns]_OnResolverSuccess(384)=>Cache refresh succeeded with system DNS resolver. IP count: 1
09-23 16:53:36.800 I/RethinkDnsVpn(27710): preflow: returning uid: 10279 for src: (10.111.222.1, 44040), dst: (57.144.63.33, 5222), isRethink? false
09-23 16:53:36.803 I/ProxyLogs(27710): no proxy ids found for 10279, 57.144.63.33, 5222, g.whatsapp.net; returning Exit
09-23 16:53:36.803 I/RethinkDnsVpn(27710): flow/inflow: returning mark: Mark{PIDCSV:Exit,CID:0556d291ae3c2699,UID:10279,IP:,} for src(10.111.222.1: 44040), dest(57.144.63.33:5222, g.whatsapp.net)
09-23 16:53:36.824 I/fghg    (12246): (REDACTED) HDM. appOpsListener %s %s
09-23 16:53:36.824 I/fghg    (12246): (REDACTED) HDM. Ignoring irrelevant audio permission changes for package %s
09-23 16:53:37.072 I/gle.android.gms(31664): Explicit concurrent mark compact GC freed 7485KB AllocSpace bytes, 19(828KB) LOS objects, 71% free, 73MB/256MB, paused 1.156ms,6.136ms total 440.518ms
09-23 16:53:37.153 I/Firestack(27710): proxy: Exit: dial(tcp)  => 57.144.63.33:5222, ka? false, sz? 524288 (<nil>); err? <nil>
09-23 16:53:37.155 I/Firestack(27710): tcp: 0556d291ae3c2699 dialed Exit proxy(10.111.222.1:44040) 57.144.63.33:5222 => 10.3.0.213:44390 (bind? false / bindaddr? invalid AddrPort) for 10279; rtt? 349ms
09-23 16:53:37.156 W/RethinkDnsVpn(27710): postFlow: no connection metadata found for mark: Mark{PIDCSV:Exit,CID:0556d291ae3c2699,UID:10279,IP:57.144.63.33,}
09-23 16:53:37.156 I/Firestack(27710): com: tcp: forward: new conn tcp:Exit::0556d291ae3c2699 rwext? true (*net.TCPConn), optset? false (0s); a(10.111.222.1:44040->57.144.63.33:5222) => b(10.3.0.213:44390<-57.144.63.33:5222) for 10279
09-23 16:53:37.248 I/pixel-thermal( 2330): VIRTUAL-SKIN:34.1721 raw data: VIRTUAL-SKIN:34172.1 
09-23 16:53:37.471 I/pixel-thermal( 2330): disp_therm:34.466 raw data: disp_therm:34466 
09-23 16:53:37.471 I/pixel-thermal( 2330): north_therm:33.531 raw data: north_therm:33531 
09-23 16:53:37.471 I/pixel-thermal( 2330): cam_therm:34.065 raw data: cam_therm:34065 
09-23 16:53:37.523 I/WifiHAL ( 1519): Creating message to get link statistics; iface = 48
09-23 16:53:37.562 I/WifiHAL ( 1519): Getting cached scan results, iface handle = 0xb400007cee0138d0
09-23 16:53:37.562 E/WifiHAL ( 1519): Creating message to get cached scan results
09-23 16:53:37.566 I/WifiHAL ( 1519): In GetCachedScanResultsCommand::handleResponse
09-23 16:53:37.587 I/WifiHAL ( 1519): CreateRequest mType = GET_FEATURE
09-23 16:53:37.775 E/ActivityThread(22531): Failed to find provider info for com.facebook.stella.assistant.deviceconnectionstate
09-23 16:53:37.778 E/ActivityThread(22531): Failed to find provider info for com.facebook.stella_debug.assistant.deviceconnectionstate
09-23 16:53:37.998 W/JobInfo ( 1948): Job 'com.whatsapp/.infra.push.RegistrationIntentService#4' has a deadline with no functional constraints. The deadline won't improve job execution latency. Consider removing the deadline.
09-23 16:53:39.377 I/bthal.activity( 1461): bt_power: LeAdvStat: 16:53:38:291 - 16:53:39:377, duration: 1085, le_adv_count: 2, total_le_adv_count: 113031, total_event_count: 0
09-23 16:53:39.543 I/RethinkDnsVpn(27710): preflow: returning uid: 2000 for src: (10.111.222.1, 57374), dst: (10.111.222.3, 53), isRethink? false
09-23 16:53:39.544 I/RethinkDnsVpn(27710): flow/inflow: returning mark: Mark{PIDCSV:Base,CID:96755011fc90bddd,UID:2000,IP:,} for connId: 96755011fc90bddd, uid: 2000, cm: null
09-23 16:53:39.545 I/ProxyLogs(27710): no proxy ids found for 2000, , 0, r4---sn-hxa7zn7s.googlevideo.com; returning Preferred
09-23 16:53:39.547 I/ProxyLogs(27710): no proxy ids found for 2000, , 0, r4---sn-hxa7zn7s.googlevideo.com; returning Base
09-23 16:53:39.547 I/RethinkDnsVpn(27710): TunDnsManager onQuery: for 2000, r4---sn-hxa7zn7s.googlevideo.com, returning DNSOpts{UID:2000,IPCSV:,TIDCSV:CachePreferred:Base,TIDSECCSV:,NOBLOCK:false,}
09-23 16:53:40.591 I/WifiHAL ( 1519): Creating message to get link statistics; iface = 48
09-23 16:53:40.673 I/WifiHAL ( 1519): Getting cached scan results, iface handle = 0xb400007cee0138d0
09-23 16:53:40.673 E/WifiHAL ( 1519): Creating message to get cached scan results
09-23 16:53:40.682 I/WifiHAL ( 1519): In GetCachedScanResultsCommand::handleResponse
09-23 16:53:40.721 I/WifiHAL ( 1519): CreateRequest mType = GET_FEATURE
09-23 16:53:40.784 I/NearbyMediums(31664): Found Fast Ble Advertisements :
09-23 16:53:40.784 I/NearbyMediums(31664): BleAdvertisement { version=2, socketVersion=2, isFast=true, serviceIdHash=null, data=[ 0x23 0x51 0x5a 0x37 0x45 0x11 0x32 0x6f 0xd3 0x3d 0x93 0x8d 0xe4 0x24 0x58 0xb3 0xc7 0xe7 0xec 0xe9 0xe0 0x22 0x9a ], deviceToken=[ 0xe1 0xa7 ], rxAdvertisement=[ 0xa0 0x17 0x40 0x77 0xb6 0x4a 0xa2 0xf1 0xb8 0x5e 0x89 0xd0 0xfa 0x3b 0xb9 0x21 0xf4 0xe6 0x35 0x5a 0x51 0x3f 0x27 0x59 0xc1 0xcd 0x0d 0x49 0x08 0x20 0x37 0x65 0xbb 0x5c 0x84 0x15 0x05 0x7f 0x1f 0x00 0x84 0x15 0x06 0x60 0x1f 0x00 0x84 0x15 0x04 0x7f 0x1f 0x00 0x84 0x15 0x07 0x63 0x1f 0x00 0x83 0x15 0x01 0x16 0x71 ] } : 6 times.
09-23 16:53:40.784 I/NearbyMediums(31664): Total 6 fast advertisements from 1 unique advertisers.
09-23 16:53:40.785 I/NearbyMediums(31664): Current Tracked Scanning Clients are : {NearbyConnections.EnvironmentMonitor, NearbySharing}
09-23 16:53:40.794 I/bthal.activity( 1461): bt_power: LeAdvStat: 16:53:39:719 - 16:53:40:794, duration: 1074, le_adv_count: 2, total_le_adv_count: 113033, total_event_count: 2
09-23 16:53:40.883 I/AHal::Cs35l41Health( 1458): GetImpedances: speaker [0] impedance: 6.66293 Ohms
09-23 16:53:40.883 I/AHal::Cs35l41Health( 1458): GetImpedances: speaker [1] impedance: 7.06689 Ohms
09-23 16:53:40.883 I/AHal::Cs35l41Health( 1458): GetTemperatures: DSP1 Protection cd BDLOG_MAX_TEMP Max temp: 0x169534 ==> 90.3313 C
09-23 16:53:40.884 I/AHal::Cs35l41Health( 1458): GetTemperatures: R DSP1 Protection cd BDLOG_MAX_TEMP Max temp: 0x13e6f4 ==> 79.6086 C
09-23 16:53:40.884 I/AHal::Cs35l41Health( 1458): GetExcursions: DSP1 Protection cd BDLOG_MAX_EXC Max exc: 0x39999 ==> 0.449999 mm
09-23 16:53:40.884 I/AHal::Cs35l41Health( 1458): GetExcursions: R DSP1 Protection cd BDLOG_MAX_EXC Max exc: 0x3ffff ==> 0.499998 mm
09-23 16:53:40.885 I/AHal::Cs35l41Health( 1458): GetHeartBeats: DSP1 Protection 400a4 HALO_HEARTBEAT dsp heartbeat = 0x55fe14
09-23 16:53:40.885 I/AHal::Cs35l41Health( 1458): GetHeartBeats: R DSP1 Protection 400a4 HALO_HEARTBEAT dsp heartbeat = 0x55fe16
09-23 16:53:43.587 I/bthal.activity( 1461): bt_power: LeAdvStat: 16:53:42:587 - 16:53:43:587, duration: 1000, le_adv_count: 1, total_le_adv_count: 113034, total_event_count: 1
09-23 16:53:43.604 I/RethinkDnsVpn(27710): preflow: returning uid: 2000 for src: (10.111.222.1, 53053), dst: (10.111.222.3, 53), isRethink? false
09-23 16:53:43.606 I/RethinkDnsVpn(27710): flow/inflow: returning mark: Mark{PIDCSV:Base,CID:88dbda72bb762339,UID:2000,IP:,} for connId: 88dbda72bb762339, uid: 2000, cm: null
09-23 16:53:43.608 I/ProxyLogs(27710): no proxy ids found for 2000, , 0, rr1---sn-a5mekn6k.googlevideo.com; returning Preferred
09-23 16:53:43.608 I/ProxyLogs(27710): no proxy ids found for 2000, , 0, rr1---sn-a5mekn6k.googlevideo.com; returning Base
09-23 16:53:43.609 I/RethinkDnsVpn(27710): TunDnsManager onQuery: for 2000, rr1---sn-a5mekn6k.googlevideo.com, returning DNSOpts{UID:2000,IPCSV:,TIDCSV:CachePreferred:Base,TIDSECCSV:,NOBLOCK:false,}
09-23 16:53:43.726 I/WifiHAL ( 1519): Creating message to get link statistics; iface = 48
09-23 16:53:43.793 I/pixel-thermal( 2330): cellular-emergency:34.2228 raw data: VIRTUAL-SKIN:34222.8 VIRTUAL-SKIN-SUB-0:34014.6 VIRTUAL-SKIN-SUB-1:31592.2 VIRTUAL-SKIN-SUB-10:33539.8 VIRTUAL-SKIN-SUB-2:32238.1 VIRTUAL-SKIN-SUB-3:32504.5 VIRTUAL-SKIN-SUB-4:32934.1 VIRTUAL-SKIN-SUB-5:33301.2 VIRTUAL-SKIN-SUB-6:31768.1 VIRTUAL-SKIN-SUB-7:33765.9 VIRTUAL-SKIN-SUB-8:34136.2 VIRTUAL-SKIN-SUB-9:34222.8 battery:34200 cam_therm:34065 cellular-emergency:34222.8 charge_therm:37515 disp_therm:34577 neutral_therm:35178 north_therm:33264 quiet_therm:35356 soc_therm:38294 usb_pwr_therm:34466 
09-23 16:53:43.793 I/pixel-thermal( 2330): VIRTUAL-SKIN-HINT:34.2228 raw data: VIRTUAL-SKIN:34222.8 VIRTUAL-SKIN-HINT:34222.8 
09-23 16:53:43.793 I/pixel-thermal( 2330): VIRTUAL-SKIN-CPU-LIGHT-ODPM:34.2228 raw data: VIRTUAL-SKIN:34222.8 VIRTUAL-SKIN-CPU-LIGHT-ODPM:34222.8 
09-23 16:53:43.793 I/pixel-thermal( 2330): VIRTUAL-SKIN-CPU-MID:34.2228 raw data: VIRTUAL-SKIN:34222.8 VIRTUAL-SKIN-CPU-MID:34222.8 
09-23 16:53:43.794 I/pixel-thermal( 2330): VIRTUAL-SKIN-CPU-HIGH:34.2228 raw data: VIRTUAL-SKIN:34222.8 VIRTUAL-SKIN-CPU-HIGH:34222.8 
09-23 16:53:43.794 I/pixel-thermal( 2330): VIRTUAL-SKIN-SOC:34.2228 raw data: VIRTUAL-SKIN:34222.8 VIRTUAL-SKIN-SOC:34222.8 
09-23 16:53:43.794 I/pixel-thermal( 2330): VIRTUAL-SKIN-GPU:34.2228 raw data: VIRTUAL-SKIN:34222.8 VIRTUAL-SKIN-GPU:34222.8 
09-23 16:53:43.794 I/pixel-thermal( 2330): VIRTUAL-SKIN-SPEAKER:30.9133 raw data: VIRTUAL-SKIN-SPEAKER:30913.3 VIRTUAL-SKIN-SPEAKER-SUB-0:29759.6 VIRTUAL-SKIN-SPEAKER-SUB-1:30689 VIRTUAL-SKIN-SPEAKER-SUB-2:30913.3 battery:34200 cam_therm:34065 charge_therm:37515 disp_therm:34577 neutral_therm:35178 north_therm:33264 quiet_therm:35356 soc_therm:38294 usb_pwr_therm:34466 
09-23 16:53:43.794 I/pixel-thermal( 2330): VIRTUAL-SKIN-CHARGE-WIRED:34.1362 raw data: NO_WLC:1 VIRTUAL-SKIN-CHARGE:34136.2 VIRTUAL-SKIN-CHARGE-SUB-0:33954.5 VIRTUAL-SKIN-CHARGE-SUB-1:32857.9 VIRTUAL-SKIN-CHARGE-SUB-2:32746.5 VIRTUAL-SKIN-CHARGE-SUB-3:34136.2 VIRTUAL-SKIN-CHARGE-WIRED:34136.2 WLC_CHECK:1 battery:34200 cam_therm:34065 charge_therm:37515 disp_therm:34577 neutral_therm:35178 north_therm:33264 quiet_therm:35356 soc_therm:38294 thb_hda:0 usb_pwr_therm:34466 
09-23 16:53:43.795 I/pixel-thermal( 2330): VIRTUAL-SKIN-CHARGE-WIRED power_budget=4044.01 err=3.86383 s_power=2527 time_elapsed_ms=7008 p=459.796 i=1302 d=0 dt_per_min=nan compensation=0 budget transient=0 control target=2 excluded power budget=244.789 (PARTIAL_SYSTEM_POWER: 2039.91 mW, cdev_weight: 0.120000)
09-23 16:53:43.795 I/pixel-thermal( 2330): VIRTUAL-SKIN:34.2228 raw data: VIRTUAL-SKIN:34222.8 
09-23 16:53:43.795 I/pixel-thermal( 2330): quiet_therm:35.356 raw data: quiet_therm:35356 
09-23 16:53:43.795 I/pixel-thermal( 2330): VIRTUAL-SKIN-CHARGE-PERSIST:34.1362 raw data: VIRTUAL-SKIN-CHARGE:34136.2 VIRTUAL-SKIN-CHARGE-PERSIST:34136.2 
09-23 16:53:43.795 I/pixel-thermal( 2330): VIRTUAL-SKIN-CHARGE-PERSIST power_budget=4799.62 err=6.86383 s_power=2383 time_elapsed_ms=7008 p=1462 i=1383 d=0 dt_per_min=nan compensation=0 budget transient=0 control target=2 excluded power budget=428.38 (PARTIAL_SYSTEM_POWER: 2039.91 mW, cdev_weight: 0.210000)
09-23 16:53:43.803 I/WifiHAL ( 1519): Getting cached scan results, iface handle = 0xb400007cee0138d0
09-23 16:53:43.803 E/WifiHAL ( 1519): Creating message to get cached scan results
09-23 16:53:43.815 I/WifiHAL ( 1519): In GetCachedScanResultsCommand::handleResponse
09-23 16:53:43.856 I/WifiHAL ( 1519): CreateRequest mType = GET_FEATURE
09-23 16:53:44.528 I/pixel-thermal( 2330): disp_therm:34.577 raw data: disp_therm:34577 
09-23 16:53:44.528 I/pixel-thermal( 2330): north_therm:33.264 raw data: north_therm:33264 
09-23 16:53:44.528 I/pixel-thermal( 2330): cam_therm:34.065 raw data: cam_therm:34065 
09-23 16:53:44.974 W/android.youtube(17675): Missing inline cache for java.lang.Object ajbb.apply(java.lang.Object)
09-23 16:53:44.974 W/android.youtube(17675): Missing inline cache for java.lang.Object ajbb.apply(java.lang.Object)
09-23 16:53:44.975 W/android.youtube(17675): Missing inline cache for java.lang.Object ajbb.apply(java.lang.Object)
09-23 16:53:44.975 W/android.youtube(17675): Missing inline cache for java.lang.Object ajbb.apply(java.lang.Object)
09-23 16:53:44.975 W/android.youtube(17675): Missing inline cache for java.lang.Object ajbb.apply(java.lang.Object)
09-23 16:53:45.498 W/AppOps  ( 1948): Noting op not finished: uid 1000 pkg android code 169 startTime of in progress event=1789164585347
09-23 16:53:46.019 W/HWUI    (17675): Warning: Reusing an immutable bitmap as an image decoder target.
09-23 16:53:46.130 I/AiAiAdaptiveAudio(14091): Starting calibration from rescheduling task.
09-23 16:53:46.130 I/AiAiAdaptiveAudio(14091): (REDACTED) Not skipping calibration: %s, %s
09-23 16:53:46.130 I/AiAiAdaptiveAudio(14091): Starting silence-detection
09-23 16:53:46.131 I/AiAiAdaptiveAudio(14091): (REDACTED) Updating calibration state: %s -> %s
09-23 16:53:46.176 I/ASvc::Effect( 1458): command (0xb400007c9a468620): Visualizer Effect receive command START
09-23 16:53:46.176 I/EHal::OffloadEffect( 1458): Start (Visualizer Effect): start
09-23 16:53:46.176 I/ASvc::Effect( 1458): command (0xb400007c9a468620): Visualizer Effect current state = PROCESSING
09-23 16:53:46.177 I/EHal::OffloadEffect( 1458): SetVolumeStereo (Dynamics Processing Effect): volume VolumeStereo{left: 1.000000, right: 1.000000}
09-23 16:53:46.239 I/AiAiAdaptiveAudio(14091): (REDACTED) Starting calibration, EQ: %s
09-23 16:53:46.248 I/AiAiAdaptiveAudio(14091): (REDACTED) Start recording from audio source %d. Sampling Rate: %d
09-23 16:53:46.248 I/AiAiAdaptiveAudio(14091): Starting polling recorders.
09-23 16:53:46.248 I/AiAiAdaptiveAudio(14091): (REDACTED) Updating calibration state: %s -> %s
09-23 16:53:46.248 I/AiAiAdaptiveAudio(14091): startMonitoring
09-23 16:53:46.248 I/AiAiAdaptiveAudio(14091): already monitoring.
09-23 16:53:46.251 I/APM::Devices( 1521): setPreferredConfig, ignore, there is existing preferred configuration
09-23 16:53:46.253 I/AHal::PortRouteManager( 1458): UpdateOrAddPatch: add patch 12848, AudioPatch{id: 12848, source: [101001/101001: microphones], sink: [415393/1001: primary-capture], min frames: 960, latencies: [80]}
09-23 16:53:46.253 I/AHal::Router( 1458): InvalidateLocked: nothing change between graph #115591 and #115592
09-23 16:53:46.258 I/ASvc::StreamIn( 1458): setMicrophoneDirection (primary-capture) : direction = UNSPECIFIED
09-23 16:53:46.258 I/AHal::SpeechEnhancer( 1458): SetDirection: microphone direction = UNSPECIFIED
09-23 16:53:46.259 I/ASvc::StreamIn( 1458): setMicrophoneFieldDimension (primary-capture) : zoom = 0
09-23 16:53:46.261 I/ASvc::StreamInSyncStates( 1458): cw-primary-capture: Command{start: Void{}} in StreamInStandbyState
09-23 16:53:46.261 I/ASvc::CommandWorker( 1458): StartStreamAndActivateRoute: try to start primary-capture, counter 5
09-23 16:53:46.261 I/AHal::Router( 1458): RequestActivateScopedLock: requesting scoped lock for 415393
09-23 16:53:46.261 I/AHal::Router( 1458): Activate: activate 415393
09-23 16:53:46.261 I/AHal::DspModeAdapter( 1458): OnEarlyNotifyRoutingGraphChange: Just return, it's the case from inactive to active.
09-23 16:53:46.261 I/AHal::Router( 1458): InvalidateLocked: new graph #115593 Edges(2):
09-23 16:53:46.261 I/AHal::Router( 1458):   [direction: 0, use case: deep-buffer-playback, id: 0, use case extras: [aec: false, ns: false], use case attributes: [active track: true][sample_rate: 48000][channel layout: AudioChannelLayout{layoutMask: 3}][format: AudioFormatDescription{type: PCM, pcm: FLOAT_32_BIT, encoding: }], device: speaker, handle: 0xb400007b9a45e0b0, device extras: [source: SYS_RESERVED_INVALID, voice call: false, st aec: false, hac: false, sr: 48000, ch: AudioChannelLayout{layoutMask: 3}, f: AudioFormatDescription{type: PCM, pcm: FLOAT_32_BIT, encoding: }, hifi: 0], config id: [u: 400002, d:100001], priority: 0000]
09-23 16:53:46.261 I/AHal::Router( 1458):   [direction: 1, use case: primary-capture, id: 0, use case extras: [aec: false, ns: false], use case attributes: [active track: true][sample_rate: 48000][channel layout: AudioChannelLayout{layoutMask: 1}][format: AudioFormatDescription{type: PCM, pcm: INT_16_BIT, encoding: }], device: microphones, handle: 0xb400007d0a452a50, device extras: [source: VOICE_RECOGNITION, voice call: false, st aec: false, hac: false, sr: 48000, ch: AudioChannelLayout{layoutMask: 1}, f: AudioFormatDescription{type: PCM, pcm: INT_16_BIT, encoding: }, hifi: 0], config id: [u: 415393, d:101001], priority: 0003]
09-23 16:53:46.261 I/AHal::Router( 1458): InvalidateLocked: ============ apply graph #115593 [Wed Sep 23 16:53:46 2026] start ============
09-23 16:53:46.261 I/AHal::Router( 1458): LogTransferring: Transferring (1):
09-23 16:53:46.261 I/AHal::Router( 1458): LogTransferring:   (null) => microphones -> primary-capture-0
09-23 16:53:46.261 I/AHal::Router( 1458): Configure: config device microphones -> primary-capture-0
09-23 16:53:46.261 I/AHal::GsCapture( 1458): UpdateTuning: update mic dynamic info: MicrophoneDynamicInfo{id: builtin_mic_1, channelMapping: [DIRECT]} 
09-23 16:53:46.261 W/AHal::GsCapture( 1458): GetInputTuningId: spatial capture is not enabled
09-23 16:53:46.261 I/AHal::AocDspModeAdapter( 1458): AddRoutes: Active Route:{{use case = deep-buffer-playback, device = speaker, source = SYS_RESERVED_INVALID, channel_count = 2}},{{use case = primary-capture, device = microphones, source = VOICE_RECOGNITION, channel_count = 1}},
09-23 16:53:46.261 I/AHal::VoiceCall( 1458): Update: set echo reference on speaker for deep-buffer-playback
09-23 16:53:46.262 I/AHal::AudioRoutePathController( 1458): ApplyPath: microphones (VOICE_RECOGNITION): true
09-23 16:53:46.262 I/AHal::AudioRoutePathController( 1458): ApplyPath: microphones -> primary-capture-0: true
09-23 16:53:46.262 I/AHal::DeviceInterface( 1458): Connect: connect microphones -> primary-capture-0
09-23 16:53:46.262 I/AHal::Router( 1458): InvalidateLocked: ============ apply graph #115593 end ============
09-23 16:53:46.262 I/ASvc::PeriodicWorker( 1458): SetLinkedConfigIds: update linked configs [101001]
09-23 16:53:46.262 I/AHal::Stream( 1458): Start: start stream primary-capture
09-23 16:53:46.307 I/AHal::Stream( 1458): Start: stream primary-capture started with latency 45 ms.
09-23 16:53:46.307 I/AHal::Router( 1458): ReleaseActivatingConfigId: releasing scoped lock for 415393
09-23 16:53:46.308 I/ASvc::StreamInSyncStates( 1458): cw-primary-capture: Command{burst: 1920} in StreamInIdleState
09-23 16:53:46.308 E/AOC     ( 1710): F1:ERR: audio_capture_pdm.cc, 1787: PDM timestamps more than 3 samples out of sync
09-23 16:53:46.308 E/AOC     ( 1710): F1:ERR: audio_capture_pdm.cc, 1788: pdm_superset_mask_ = 0x7
09-23 16:53:46.309 E/AOC     ( 1710): F1:ERR: audio_capture_pdm.cc, 1789: min_timestamp = 0xaeab3142, max_timestamp = 0xaeab3152
09-23 16:53:46.779 I/AiAiAdaptiveAudio(14091): (REDACTED) Mic avg: %s
09-23 16:53:46.779 I/AiAiAdaptiveAudio(14091): Pb avg: %s
09-23 16:53:46.779 I/AiAiAdaptiveAudio(14091): EQ: %s
09-23 16:53:46.860 I/WifiHAL ( 1519): Creating message to get link statistics; iface = 48
09-23 16:53:46.943 I/WifiHAL ( 1519): Getting cached scan results, iface handle = 0xb400007cee0138d0
09-23 16:53:46.943 E/WifiHAL ( 1519): Creating message to get cached scan results
09-23 16:53:46.952 I/WifiHAL ( 1519): In GetCachedScanResultsCommand::handleResponse
09-23 16:53:46.990 I/WifiHAL ( 1519): CreateRequest mType = GET_FEATURE
09-23 16:53:47.262 I/pixel-thermal( 2330): VIRTUAL-SKIN:34.182 raw data: VIRTUAL-SKIN:34182 VIRTUAL-SKIN-SUB-0:34006.8 VIRTUAL-SKIN-SUB-1:31677.9 VIRTUAL-SKIN-SUB-10:33446.9 VIRTUAL-SKIN-SUB-2:32244.4 VIRTUAL-SKIN-SUB-3:32535 VIRTUAL-SKIN-SUB-4:33093.4 VIRTUAL-SKIN-SUB-5:33261.4 VIRTUAL-SKIN-SUB-6:31825.7 VIRTUAL-SKIN-SUB-7:33744.8 VIRTUAL-SKIN-SUB-8:34138.7 VIRTUAL-SKIN-SUB-9:34182 battery:34100 cam_therm:34087 charge_therm:37426 disp_therm:34466 neutral_therm:35200 north_therm:33442 quiet_therm:35623 soc_therm:38272 usb_pwr_therm:34510 
09-23 16:53:47.678 I/RethinkDnsVpn(27710): preflow: returning uid: 2000 for src: (10.111.222.1, 60411), dst: (10.111.222.3, 53), isRethink? false
09-23 16:53:47.681 I/RethinkDnsVpn(27710): flow/inflow: returning mark: Mark{PIDCSV:Base,CID:190fe7214c0c9316,UID:2000,IP:,} for connId: 190fe7214c0c9316, uid: 2000, cm: null
09-23 16:53:47.683 I/ProxyLogs(27710): no proxy ids found for 2000, , 0, www.youtube.com; returning Preferred
09-23 16:53:47.685 I/ProxyLogs(27710): no proxy ids found for 2000, , 0, www.youtube.com; returning Base
09-23 16:53:47.686 I/RethinkDnsVpn(27710): TunDnsManager onQuery: for 2000, www.youtube.com, returning DNSOpts{UID:2000,IPCSV:,TIDCSV:CachePreferred:Base,TIDSECCSV:,NOBLOCK:false,}
09-23 16:53:47.776 I/AiAiAdaptiveAudio(14091): (REDACTED) Mic avg: %s
09-23 16:53:47.776 I/AiAiAdaptiveAudio(14091): Pb avg: %s
09-23 16:53:47.776 I/AiAiAdaptiveAudio(14091): EQ: %s
09-23 16:53:48.772 I/AiAiAdaptiveAudio(14091): (REDACTED) Mic avg: %s
09-23 16:53:48.772 I/AiAiAdaptiveAudio(14091): Pb avg: %s
09-23 16:53:48.772 I/AiAiAdaptiveAudio(14091): EQ: %s
09-23 16:53:49.100 I/bthal.activity( 1461): bt_power: LeAdvStat: 16:53:48:099 - 16:53:49:099, duration: 1000, le_adv_count: 1, total_le_adv_count: 113035, total_event_count: 1
09-23 16:53:49.773 I/AiAiAdaptiveAudio(14091): (REDACTED) Mic avg: %s
09-23 16:53:49.773 I/AiAiAdaptiveAudio(14091): Pb avg: %s
09-23 16:53:49.773 I/AiAiAdaptiveAudio(14091): EQ: %s
09-23 16:53:49.996 I/WifiHAL ( 1519): Creating message to get link statistics; iface = 48
09-23 16:53:50.078 I/WifiHAL ( 1519): Getting cached scan results, iface handle = 0xb400007cee0138d0
09-23 16:53:50.078 E/WifiHAL ( 1519): Creating message to get cached scan results
09-23 16:53:50.087 I/WifiHAL ( 1519): In GetCachedScanResultsCommand::handleResponse
09-23 16:53:50.130 I/WifiHAL ( 1519): CreateRequest mType = GET_FEATURE
09-23 16:53:50.771 I/AiAiAdaptiveAudio(14091): (REDACTED) Mic avg: %s
09-23 16:53:50.771 I/AiAiAdaptiveAudio(14091): Pb avg: %s
09-23 16:53:50.771 I/AiAiAdaptiveAudio(14091): EQ: %s
09-23 16:53:50.786 I/NearbyMediums(31664): Found Fast Ble Advertisements :
09-23 16:53:50.786 I/NearbyMediums(31664): BleAdvertisement { version=2, socketVersion=2, isFast=true, serviceIdHash=null, data=[ 0x23 0x51 0x5a 0x37 0x45 0x11 0x32 0x6f 0xd3 0x3d 0x93 0x8d 0xe4 0x24 0x58 0xb3 0xc7 0xe7 0xec 0xe9 0xe0 0x22 0x9a ], deviceToken=[ 0xe1 0xa7 ], rxAdvertisement=[ 0xa0 0x17 0x40 0x77 0xb6 0x4a 0xa2 0xf1 0xb8 0x5e 0x89 0xd0 0xfa 0x3b 0xb9 0x21 0xf4 0xe6 0x35 0x5a 0x51 0x3f 0x27 0x59 0xc1 0xcd 0x0d 0x49 0x08 0x20 0x37 0x65 0xbb 0x5c 0x84 0x15 0x05 0x7f 0x1f 0x00 0x84 0x15 0x06 0x60 0x1f 0x00 0x84 0x15 0x04 0x7f 0x1f 0x00 0x84 0x15 0x07 0x63 0x1f 0x00 0x83 0x15 0x01 0x16 0x71 ] } : 2 times.
09-23 16:53:50.786 I/NearbyMediums(31664): Total 2 fast advertisements from 1 unique advertisers.
09-23 16:53:50.786 I/NearbyMediums(31664): Current Tracked Scanning Clients are : {NearbyConnections.EnvironmentMonitor, NearbySharing}
09-23 16:53:50.809 I/pixel-thermal( 2330): cellular-emergency:34.211 raw data: VIRTUAL-SKIN:34211 VIRTUAL-SKIN-SUB-0:34026.8 VIRTUAL-SKIN-SUB-1:31683.9 VIRTUAL-SKIN-SUB-10:33481.9 VIRTUAL-SKIN-SUB-2:32272.4 VIRTUAL-SKIN-SUB-3:32555 VIRTUAL-SKIN-SUB-4:33093.4 VIRTUAL-SKIN-SUB-5:33290.4 VIRTUAL-SKIN-SUB-6:31832.7 VIRTUAL-SKIN-SUB-7:33772.8 VIRTUAL-SKIN-SUB-8:34138.7 VIRTUAL-SKIN-SUB-9:34211 battery:34200 cam_therm:34087 cellular-emergency:34211 charge_therm:37426 disp_therm:34466 neutral_therm:35200 north_therm:33442 quiet_therm:35623 soc_therm:38272 usb_pwr_therm:34510 
09-23 16:53:50.809 I/pixel-thermal( 2330): VIRTUAL-SKIN-HINT:34.211 raw data: VIRTUAL-SKIN:34211 VIRTUAL-SKIN-HINT:34211 
09-23 16:53:50.809 I/pixel-thermal( 2330): VIRTUAL-SKIN-CPU-LIGHT-ODPM:34.211 raw data: VIRTUAL-SKIN:34211 VIRTUAL-SKIN-CPU-LIGHT-ODPM:34211 
09-23 16:53:50.810 I/pixel-thermal( 2330): VIRTUAL-SKIN-CPU-MID:34.211 raw data: VIRTUAL-SKIN:34211 VIRTUAL-SKIN-CPU-MID:34211 
09-23 16:53:50.810 I/pixel-thermal( 2330): VIRTUAL-SKIN-CPU-HIGH:34.211 raw data: VIRTUAL-SKIN:34211 VIRTUAL-SKIN-CPU-HIGH:34211 
09-23 16:53:50.810 I/pixel-thermal( 2330): VIRTUAL-SKIN-SOC:34.211 raw data: VIRTUAL-SKIN:34211 VIRTUAL-SKIN-SOC:34211 
09-23 16:53:50.810 I/pixel-thermal( 2330): VIRTUAL-SKIN-GPU:34.211 raw data: VIRTUAL-SKIN:34211 VIRTUAL-SKIN-GPU:34211 
09-23 16:53:50.810 I/pixel-thermal( 2330): VIRTUAL-SKIN-SPEAKER:30.9535 raw data: VIRTUAL-SKIN-SPEAKER:30953.5 VIRTUAL-SKIN-SPEAKER-SUB-0:29984.3 VIRTUAL-SKIN-SPEAKER-SUB-1:30712.8 VIRTUAL-SKIN-SPEAKER-SUB-2:30953.5 battery:34200 cam_therm:34087 charge_therm:37426 disp_therm:34466 neutral_therm:35200 north_therm:33442 quiet_therm:35623 soc_therm:38272 usb_pwr_therm:34510 
09-23 16:53:50.810 I/pixel-thermal( 2330): VIRTUAL-SKIN-CHARGE-WIRED:34.1387 raw data: NO_WLC:1 VIRTUAL-SKIN-CHARGE:34138.7 VIRTUAL-SKIN-CHARGE-SUB-0:33992.2 VIRTUAL-SKIN-CHARGE-SUB-1:32825.7 VIRTUAL-SKIN-CHARGE-SUB-2:32753 VIRTUAL-SKIN-CHARGE-SUB-3:34138.7 VIRTUAL-SKIN-CHARGE-WIRED:34138.7 WLC_CHECK:1 battery:34200 cam_therm:34087 charge_therm:37426 disp_therm:34466 neutral_therm:35200 north_therm:33442 quiet_therm:35623 soc_therm:38272 thb_hda:0 usb_pwr_therm:34510 
09-23 16:53:50.810 I/pixel-thermal( 2330): VIRTUAL-SKIN-CHARGE-WIRED power_budget=4052.3 err=3.86133 s_power=2527 time_elapsed_ms=7019 p=459.498 i=1302 d=-0 dt_per_min=nan compensation=0 budget transient=0 control target=2 excluded power budget=236.2 (PARTIAL_SYSTEM_POWER: 1968.34 mW, cdev_weight: 0.120000)
09-23 16:53:50.810 I/pixel-thermal( 2330): VIRTUAL-SKIN:34.211 raw data: VIRTUAL-SKIN:34211 
09-23 16:53:50.810 I/pixel-thermal( 2330): quiet_therm:35.623 raw data: quiet_therm:35623 
09-23 16:53:50.810 I/pixel-thermal( 2330): VIRTUAL-SKIN-CHARGE-PERSIST:34.1387 raw data: VIRTUAL-SKIN-CHARGE:34138.7 VIRTUAL-SKIN-CHARGE-PERSIST:34138.7 
09-23 16:53:50.810 I/pixel-thermal( 2330): VIRTUAL-SKIN-CHARGE-PERSIST power_budget=4814.11 err=6.86133 s_power=2383 time_elapsed_ms=7019 p=1461.46 i=1383 d=-0 dt_per_min=nan compensation=0 budget transient=0 control target=2 excluded power budget=413.351 (PARTIAL_SYSTEM_POWER: 1968.34 mW, cdev_weight: 0.210000)
09-23 16:53:51.587 I/pixel-thermal( 2330): disp_therm:34.466 raw data: disp_therm:34466 
09-23 16:53:51.587 I/pixel-thermal( 2330): north_therm:33.442 raw data: north_therm:33442 
09-23 16:53:51.587 I/pixel-thermal( 2330): cam_therm:34.087 raw data: cam_therm:34087 
09-23 16:53:51.781 I/AiAiAdaptiveAudio(14091): (REDACTED) Mic avg: %s
09-23 16:53:51.781 I/AiAiAdaptiveAudio(14091): Pb avg: %s
09-23 16:53:51.781 I/AiAiAdaptiveAudio(14091): EQ: %s
09-23 16:53:51.957 I/bthal.activity( 1461): bt_power: LeAdvStat: 16:53:50:886 - 16:53:51:957, duration: 1071, le_adv_count: 2, total_le_adv_count: 113037, total_event_count: 2
09-23 16:53:52.012 I/AHal::Cs35l41Health( 1458): GetImpedances: speaker [0] impedance: 6.585 Ohms
09-23 16:53:52.012 I/AHal::Cs35l41Health( 1458): GetImpedances: speaker [1] impedance: 7.02328 Ohms
09-23 16:53:52.012 I/AHal::Cs35l41Health( 1458): GetTemperatures: DSP1 Protection cd BDLOG_MAX_TEMP Max temp: 0x169534 ==> 90.3313 C
09-23 16:53:52.012 I/AHal::Cs35l41Health( 1458): GetTemperatures: R DSP1 Protection cd BDLOG_MAX_TEMP Max temp: 0x13e6f4 ==> 79.6086 C
09-23 16:53:52.013 I/AHal::Cs35l41Health( 1458): GetExcursions: DSP1 Protection cd BDLOG_MAX_EXC Max exc: 0x39999 ==> 0.449999 mm
09-23 16:53:52.013 I/AHal::Cs35l41Health( 1458): GetExcursions: R DSP1 Protection cd BDLOG_MAX_EXC Max exc: 0x3ffff ==> 0.499998 mm
09-23 16:53:52.013 I/AHal::Cs35l41Health( 1458): GetHeartBeats: DSP1 Protection 400a4 HALO_HEARTBEAT dsp heartbeat = 0x563f49
09-23 16:53:52.013 I/AHal::Cs35l41Health( 1458): GetHeartBeats: R DSP1 Protection 400a4 HALO_HEARTBEAT dsp heartbeat = 0x563f4b
09-23 16:53:52.770 I/AiAiAdaptiveAudio(14091): (REDACTED) Mic avg: %s
09-23 16:53:52.770 I/AiAiAdaptiveAudio(14091): Pb avg: %s
09-23 16:53:52.770 I/AiAiAdaptiveAudio(14091): EQ: %s
09-23 16:53:53.135 I/WifiHAL ( 1519): Creating message to get link statistics; iface = 48
09-23 16:53:53.211 I/WifiHAL ( 1519): Getting cached scan results, iface handle = 0xb400007cee0138d0
09-23 16:53:53.211 E/WifiHAL ( 1519): Creating message to get cached scan results
09-23 16:53:53.219 I/WifiHAL ( 1519): In GetCachedScanResultsCommand::handleResponse
09-23 16:53:53.262 I/WifiHAL ( 1519): CreateRequest mType = GET_FEATURE
09-23 16:53:53.296 W/JobService(22531): onNetworkChanged() not implemented in androidx.work.impl.background.systemjob.SystemJobService. Must override in a subclass.
09-23 16:53:53.400 I/bthal.activity( 1461): bt_power: LeAdvStat: 16:53:52:396 - 16:53:53:400, duration: 1004, le_adv_count: 1, total_le_adv_count: 113038, total_event_count: 0
09-23 16:53:53.771 I/AiAiAdaptiveAudio(14091): (REDACTED) Mic avg: %s
09-23 16:53:53.771 I/AiAiAdaptiveAudio(14091): Pb avg: %s
09-23 16:53:53.771 I/AiAiAdaptiveAudio(14091): EQ: %s
09-23 16:53:54.777 I/AiAiAdaptiveAudio(14091): (REDACTED) Mic avg: %s
09-23 16:53:54.777 I/AiAiAdaptiveAudio(14091): Pb avg: %s
09-23 16:53:54.777 I/AiAiAdaptiveAudio(14091): EQ: %s
09-23 16:53:55.771 I/AiAiAdaptiveAudio(14091): (REDACTED) Mic avg: %s
09-23 16:53:55.771 I/AiAiAdaptiveAudio(14091): Pb avg: %s
09-23 16:53:55.771 I/AiAiAdaptiveAudio(14091): EQ: %s
09-23 16:53:56.157 I/bthal.activity( 1461): bt_power: LeAdvStat: 16:53:55:157 - 16:53:56:157, duration: 1000, le_adv_count: 1, total_le_adv_count: 113039, total_event_count: 1
09-23 16:53:56.249 I/AiAiAdaptiveAudio(14091): (REDACTED) Extending calibration. Convergence: %.3f, try: %d, scaling: %.3f
09-23 16:53:56.267 I/WifiHAL ( 1519): Creating message to get link statistics; iface = 48
09-23 16:53:56.308 I/WifiHAL ( 1519): Getting cached scan results, iface handle = 0xb400007cee0138d0
09-23 16:53:56.308 E/WifiHAL ( 1519): Creating message to get cached scan results
09-23 16:53:56.317 I/WifiHAL ( 1519): In GetCachedScanResultsCommand::handleResponse
09-23 16:53:56.358 I/WifiHAL ( 1519): CreateRequest mType = GET_FEATURE
09-23 16:53:56.780 I/AiAiAdaptiveAudio(14091): (REDACTED) Mic avg: %s
09-23 16:53:56.780 I/AiAiAdaptiveAudio(14091): Pb avg: %s
09-23 16:53:56.780 I/AiAiAdaptiveAudio(14091): EQ: %s
09-23 16:53:57.306 I/pixel-thermal( 2330): VIRTUAL-SKIN:34.2253 raw data: VIRTUAL-SKIN:34225.2 VIRTUAL-SKIN-SUB-0:34055.3 VIRTUAL-SKIN-SUB-1:31649 VIRTUAL-SKIN-SUB-10:33463.3 VIRTUAL-SKIN-SUB-2:32343.9 VIRTUAL-SKIN-SUB-3:32541.6 VIRTUAL-SKIN-SUB-4:32994.1 VIRTUAL-SKIN-SUB-5:33302.5 VIRTUAL-SKIN-SUB-6:31859.2 VIRTUAL-SKIN-SUB-7:33799.6 VIRTUAL-SKIN-SUB-8:34126.1 VIRTUAL-SKIN-SUB-9:34225.2 battery:34200 cam_therm:34087 charge_therm:37493 disp_therm:34421 neutral_therm:35245 north_therm:33330 quiet_therm:35579 soc_therm:38294 usb_pwr_therm:34755 
09-23 16:53:57.538 W/TracingMuxer( 1709): type=1400 audit(0.0:634209): avc:  denied  { write } for  name="traced_producer" dev="tmpfs" ino=1541 scontext=u:r:gxp_logging:s0 tcontext=u:object_r:traced_producer_socket:s0 tclass=sock_file permissive=0
09-23 16:53:57.590 I/bthal.activity( 1461): bt_power: LeAdvStat: 16:53:56:590 - 16:53:57:590, duration: 1000, le_adv_count: 1, total_le_adv_count: 113040, total_event_count: 1
09-23 16:53:57.783 I/AiAiAdaptiveAudio(14091): (REDACTED) Mic avg: %s
09-23 16:53:57.783 I/AiAiAdaptiveAudio(14091): Pb avg: %s
09-23 16:53:57.783 I/AiAiAdaptiveAudio(14091): EQ: %s
09-23 16:53:57.830 I/pixel-thermal( 2330): cellular-emergency:34.2253 raw data: VIRTUAL-SKIN:34225.2 cellular-emergency:34225.2 
09-23 16:53:57.830 I/pixel-thermal( 2330): VIRTUAL-SKIN-HINT:34.2253 raw data: VIRTUAL-SKIN:34225.2 VIRTUAL-SKIN-HINT:34225.2 
09-23 16:53:57.830 I/pixel-thermal( 2330): VIRTUAL-SKIN-CPU-LIGHT-ODPM:34.2253 raw data: VIRTUAL-SKIN:34225.2 VIRTUAL-SKIN-CPU-LIGHT-ODPM:34225.2 
09-23 16:53:57.830 I/pixel-thermal( 2330): VIRTUAL-SKIN-CPU-MID:34.2253 raw data: VIRTUAL-SKIN:34225.2 VIRTUAL-SKIN-CPU-MID:34225.2 
09-23 16:53:57.830 I/pixel-thermal( 2330): VIRTUAL-SKIN-CPU-HIGH:34.2253 raw data: VIRTUAL-SKIN:34225.2 VIRTUAL-SKIN-CPU-HIGH:34225.2 
09-23 16:53:57.830 I/pixel-thermal( 2330): VIRTUAL-SKIN-SOC:34.2253 raw data: VIRTUAL-SKIN:34225.2 VIRTUAL-SKIN-SOC:34225.2 
09-23 16:53:57.831 I/pixel-thermal( 2330): VIRTUAL-SKIN-GPU:34.2253 raw data: VIRTUAL-SKIN:34225.2 VIRTUAL-SKIN-GPU:34225.2 
09-23 16:53:57.831 I/pixel-thermal( 2330): VIRTUAL-SKIN-SPEAKER:30.9667 raw data: VIRTUAL-SKIN-SPEAKER:30966.7 VIRTUAL-SKIN-SPEAKER-SUB-0:29955.6 VIRTUAL-SKIN-SPEAKER-SUB-1:30797 VIRTUAL-SKIN-SPEAKER-SUB-2:30966.7 battery:34200 cam_therm:34087 charge_therm:37493 disp_therm:34421 neutral_therm:35245 north_therm:33330 quiet_therm:35579 soc_therm:38294 usb_pwr_therm:34755 
09-23 16:53:57.832 I/pixel-thermal( 2330): VIRTUAL-SKIN-CHARGE-WIRED:34.1261 raw data: NO_WLC:1 VIRTUAL-SKIN-CHARGE:34126.1 VIRTUAL-SKIN-CHARGE-SUB-0:33984.8 VIRTUAL-SKIN-CHARGE-SUB-1:32842 VIRTUAL-SKIN-CHARGE-SUB-2:32736.5 VIRTUAL-SKIN-CHARGE-SUB-3:34126.1 VIRTUAL-SKIN-CHARGE-WIRED:34126.1 WLC_CHECK:1 battery:34200 cam_therm:34087 charge_therm:37493 disp_therm:34421 neutral_therm:35245 north_therm:33330 quiet_therm:35579 soc_therm:38294 thb_hda:0 usb_pwr_therm:34755 
09-23 16:53:57.832 I/pixel-thermal( 2330): VIRTUAL-SKIN-CHARGE-WIRED power_budget=4053.47 err=3.87392 s_power=2527 time_elapsed_ms=7043 p=460.996 i=1302 d=0 dt_per_min=nan compensation=0 budget transient=0 control target=2 excluded power budget=236.523 (PARTIAL_SYSTEM_POWER: 1971.03 mW, cdev_weight: 0.120000)
09-23 16:53:57.832 I/pixel-thermal( 2330): VIRTUAL-SKIN:34.2253 raw data: VIRTUAL-SKIN:34225.2 
09-23 16:53:57.832 I/pixel-thermal( 2330): quiet_therm:35.579 raw data: quiet_therm:35579 
09-23 16:53:57.832 I/pixel-thermal( 2330): VIRTUAL-SKIN-CHARGE-PERSIST:34.1261 raw data: VIRTUAL-SKIN-CHARGE:34126.1 VIRTUAL-SKIN-CHARGE-PERSIST:34126.1 
09-23 16:53:57.832 I/pixel-thermal( 2330): VIRTUAL-SKIN-CHARGE-PERSIST power_budget=4816.23 err=6.87392 s_power=2383 time_elapsed_ms=7043 p=1464.14 i=1383 d=0 dt_per_min=nan compensation=0 budget transient=0 control target=2 excluded power budget=413.915 (PARTIAL_SYSTEM_POWER: 1971.03 mW, cdev_weight: 0.210000)
09-23 16:53:58.600 I/pixel-thermal( 2330): disp_therm:34.421 raw data: disp_therm:34421 
09-23 16:53:58.600 I/pixel-thermal( 2330): north_therm:33.33 raw data: north_therm:33330 
09-23 16:53:58.600 I/pixel-thermal( 2330): cam_therm:34.087 raw data: cam_therm:34087 
09-23 16:53:58.783 I/AiAiAdaptiveAudio(14091): (REDACTED) Mic avg: %s
09-23 16:53:58.783 I/AiAiAdaptiveAudio(14091): Pb avg: %s
09-23 16:53:58.783 I/AiAiAdaptiveAudio(14091): EQ: %s
09-23 16:53:59.364 I/WifiHAL ( 1519): Creating message to get link statistics; iface = 48
09-23 16:53:59.404 I/WifiHAL ( 1519): Getting cached scan results, iface handle = 0xb400007cee0138d0
09-23 16:53:59.404 E/WifiHAL ( 1519): Creating message to get cached scan results
09-23 16:53:59.408 I/WifiHAL ( 1519): In GetCachedScanResultsCommand::handleResponse
09-23 16:53:59.431 I/WifiHAL ( 1519): CreateRequest mType = GET_FEATURE
09-23 16:53:59.779 I/AiAiAdaptiveAudio(14091): (REDACTED) Mic avg: %s
09-23 16:53:59.779 I/AiAiAdaptiveAudio(14091): Pb avg: %s
09-23 16:53:59.779 I/AiAiAdaptiveAudio(14091): EQ: %s
09-23 16:54:00.274 I/AiAiAdaptiveAudio(14091): (REDACTED) Stopping calibration from cancelation task. Convergence: %.3f
09-23 16:54:00.274 I/AiAiAdaptiveAudio(14091): (REDACTED) Stopping calibration, EQ: %s
09-23 16:54:00.289 I/AiAiAdaptiveAudio(14091): RecorderController is stopped, stopping recorder
09-23 16:54:00.291 I/ASvc::Effect( 1458): command (0xb400007c9a468620): Visualizer Effect receive command STOP
09-23 16:54:00.291 I/EHal::OffloadEffect( 1458): Stop (Visualizer Effect): stop
09-23 16:54:00.291 I/ASvc::Effect( 1458): command (0xb400007c9a468620): Visualizer Effect current state = IDLE
09-23 16:54:00.310 I/ASvc::StreamInSyncStates( 1458): cw-primary-capture: Command{flush: Void{}} in StreamInPausedState
09-23 16:54:00.310 I/AHal::Stream( 1458): Stop: stop stream primary-capture
09-23 16:54:00.310 I/AHal::TinyalsaDriverOperations( 1458): Stop: pcm_close card_index 0 device 8
09-23 16:54:00.314 I/AiAiAdaptiveAudio(14091): Stopping polling recorders.
09-23 16:54:00.314 I/AiAiAdaptiveAudio(14091): (REDACTED) Updating calibration state: %s -> %s
09-23 16:54:00.327 I/EffectHalAidl( 1521): Visualizer skipping process because it's IDLE
09-23 16:54:00.329 I/ASvc::Effect( 1458): command (0xb400007c9a468620): Visualizer Effect receive command RESET
09-23 16:54:00.329 I/EHal::OffloadEffect( 1458): Stop (Visualizer Effect): stop
09-23 16:54:00.329 W/ASvc::Effect( 1458): Stop: no start time, skip end time
09-23 16:54:00.329 I/ASvc::Effect( 1458): command (0xb400007c9a468620): Visualizer Effect current state = IDLE
09-23 16:54:00.329 I/EHal::OffloadEffect( 1458): SetVolumeStereo (Dynamics Processing Effect): volume VolumeStereo{left: 1.000000, right: 1.000000}
09-23 16:54:00.354 I/AHal::Router( 1458): Deactivate: deactivate 415393
09-23 16:54:00.354 I/AHal::DspModeAdapter( 1458): OnEarlyNotifyRoutingGraphChange: Just return, it's the case from inactive to active.
09-23 16:54:00.355 I/AHal::Router( 1458): InvalidateLocked: new graph #115594 Edges(1):
09-23 16:54:00.355 I/AHal::Router( 1458):   [direction: 0, use case: deep-buffer-playback, id: 0, use case extras: [aec: false, ns: false], use case attributes: [active track: true][sample_rate: 48000][channel layout: AudioChannelLayout{layoutMask: 3}][format: AudioFormatDescription{type: PCM, pcm: FLOAT_32_BIT, encoding: }], device: speaker, handle: 0xb400007b9a45e0b0, device extras: [source: SYS_RESERVED_INVALID, voice call: false, st aec: false, hac: false, sr: 48000, ch: AudioChannelLayout{layoutMask: 3}, f: AudioFormatDescription{type: PCM, pcm: FLOAT_32_BIT, encoding: }, hifi: 0], config id: [u: 400002, d:100001], priority: 0000]
09-23 16:54:00.355 I/AHal::Router( 1458): InvalidateLocked: ============ apply graph #115594 [Wed Sep 23 16:54:00 2026] start ============
09-23 16:54:00.355 I/AHal::DeviceInterface( 1458): Disconnect: disconnect microphones -> primary-capture-0
09-23 16:54:00.355 I/AHal::AudioRoutePathController( 1458): ResetPath: microphones -> primary-capture-0: true
09-23 16:54:00.356 I/AHal::AudioRoutePathController( 1458): ResetPath: microphones (VOICE_RECOGNITION): true
09-23 16:54:00.356 I/AHal::Router( 1458): LogTransferring: Transferring (1):
09-23 16:54:00.356 I/AHal::Router( 1458): LogTransferring:   microphones -> primary-capture-0 => (null)
09-23 16:54:00.356 I/AHal::VoiceCall( 1458): Update: set echo reference on speaker for deep-buffer-playback
09-23 16:54:00.356 I/AHal::Router( 1458): InvalidateLocked: ============ apply graph #115594 end ============
09-23 16:54:00.356 I/AHal::AocDspModeAdapter( 1458): RemoveRoutes: remove Route:{{use case = primary-capture, device = microphones, source = VOICE_RECOGNITION, channel_count = 1}}, current active route: {{use case = deep-buffer-playback, device = speaker, source = SYS_RESERVED_INVALID, channel_count = 2}},
09-23 16:54:00.356 I/ASvc::PeriodicWorker( 1458): SetLinkedConfigIds: update linked configs []
09-23 16:54:00.359 I/ASvc::Module( 1458): resetAudioPatch: patch id = 12848
09-23 16:54:00.360 I/AHal::Router( 1458): InvalidateLocked: nothing change between graph #115594 and #115595
09-23 16:54:00.788 I/NearbyMediums(31664): Found Fast Ble Advertisements :
09-23 16:54:00.788 I/NearbyMediums(31664): BleAdvertisement { version=2, socketVersion=2, isFast=true, serviceIdHash=null, data=[ 0x23 0x51 0x5a 0x37 0x45 0x11 0x32 0x6f 0xd3 0x3d 0x93 0x8d 0xe4 0x24 0x58 0xb3 0xc7 0xe7 0xec 0xe9 0xe0 0x22 0x9a ], deviceToken=[ 0xe1 0xa7 ], rxAdvertisement=[ 0xa0 0x17 0x40 0x77 0xb6 0x4a 0xa2 0xf1 0xb8 0x5e 0x89 0xd0 0xfa 0x3b 0xb9 0x21 0xf4 0xe6 0x35 0x5a 0x51 0x3f 0x27 0x59 0xc1 0xcd 0x0d 0x49 0x08 0x20 0x37 0x65 0xbb 0x5c 0x84 0x15 0x05 0x7f 0x1f 0x00 0x84 0x15 0x06 0x60 0x1f 0x00 0x84 0x15 0x04 0x7f 0x1f 0x00 0x84 0x15 0x07 0x63 0x1f 0x00 0x83 0x15 0x01 0x16 0x71 ] } : 6 times.
09-23 16:54:00.788 I/NearbyMediums(31664): Total 6 fast advertisements from 1 unique advertisers.
09-23 16:54:00.789 I/NearbyMediums(31664): Current Tracked Scanning Clients are : {NearbyConnections.EnvironmentMonitor, NearbySharing}
09-23 16:54:01.004 I/AiAiEcho(14091): (REDACTED) Predicting[%d]: %s
09-23 16:54:01.006 I/AiAiEcho(14091): (REDACTED) EchoTargets: %s
09-23 16:54:01.006 I/AiAiEcho(14091): Filtered by AiAi flag check: %s
09-23 16:54:01.009 I/AiAiEcho(14091): (REDACTED) #weatherSubItemsTwiddler: Weather removes SubtitleSupplementalItem in surface: %s
09-23 16:54:01.009 I/AiAiEcho(14091): #remoteViewsTwiddler: feature disabled.
09-23 16:54:01.010 I/AiAiEcho(14091): (REDACTED) Predicting[%d]: %s
09-23 16:54:01.012 I/AiAiEcho(14091): (REDACTED) EchoTargets: %s
09-23 16:54:01.012 I/AiAiEcho(14091): Filtered by AiAi flag check: %s
09-23 16:54:01.013 I/AiAiEcho(14091): #remoteViewsTwiddler: feature disabled.
09-23 16:54:01.014 I/AiAiEcho(14091): (REDACTED) Predicting[%d]: %s
09-23 16:54:01.015 I/AiAiEcho(14091): (REDACTED) EchoTargets: %s
09-23 16:54:01.015 I/AiAiEcho(14091): Filtered by AiAi flag check: %s
09-23 16:54:01.016 I/AiAiEcho(14091): (REDACTED) #weatherSubItemsTwiddler: Weather removes SubtitleSupplementalItem in surface: %s
09-23 16:54:01.016 I/AiAiEcho(14091): #remoteViewsTwiddler: feature disabled.
09-23 16:54:01.020 I/AiAiEcho(14091): (REDACTED) #postPredictionTargets: Sending updates to UISurface %s with targets# %s (types=[%s])
09-23 16:54:01.022 I/AiAiEcho(14091): (REDACTED) #postPredictionTargets: Sending updates to UISurface %s with targets# %s (types=[%s])
09-23 16:54:01.022 I/AmbientCueRepository( 3031): Receiving SmartSpace targets # 0
09-23 16:54:01.023 I/WeatherSmartspaceView( 3031): setFormattedContentDescription: text=20°C, iconDescription=Mostly clear day, contentDescription=Mostly clear day, 20°C
09-23 16:54:01.024 I/WeatherSmartspaceView( 3031): setFormattedContentDescription: text=20°C, iconDescription=Mostly clear day, contentDescription=Mostly clear day, 20°C
09-23 16:54:01.024 I/WeatherData( 3031): Weather data parsed MOSTLY_SUNNY ("Mostly clear day") 20°C from Bundle[{description=Mostly clear day, feedback_intent=null, explanation_intent=Supplier{VAL_PARCELABLE@160+1920}, is_gaia_linked_data=true, use_celsius=true, state=3, temperature=20}]
09-23 16:54:01.027 I/AiAiEcho(14091): (REDACTED) #postPredictionTargets: Sending updates to UISurface %s with targets# %s (types=[%s])
09-23 16:54:01.668 I/bthal.activity( 1461): bt_power: LeAdvStat: 16:54:00:665 - 16:54:01:668, duration: 1003, le_adv_count: 1, total_le_adv_count: 113041, total_event_count: 0
09-23 16:54:01.979 W/HWUI    (17675): Warning: Reusing an immutable bitmap as an image decoder target.
09-23 16:54:02.164 I/pixel-thermal( 2330): soc_therm:38.45 raw data: soc_therm:38450 
09-23 16:54:02.436 I/WifiHAL ( 1519): Creating message to get link statistics; iface = 48
09-23 16:54:02.541 I/WifiHAL ( 1519): Getting cached scan results, iface handle = 0xb400007cee0138d0
09-23 16:54:02.541 E/WifiHAL ( 1519): Creating message to get cached scan results
09-23 16:54:02.545 I/WifiHAL ( 1519): In GetCachedScanResultsCommand::handleResponse
09-23 16:54:02.545 E/libbinder.IPCThreadState( 1519): binder thread pool (1 threads) starved for 109 ms
09-23 16:54:02.568 I/WifiHAL ( 1519): CreateRequest mType = GET_FEATURE
09-23 16:54:03.139 I/AHal::Cs35l41Health( 1458): GetImpedances: speaker [0] impedance: 6.53852 Ohms
09-23 16:54:03.140 I/AHal::Cs35l41Health( 1458): GetImpedances: speaker [1] impedance: 6.99611 Ohms
09-23 16:54:03.140 I/AHal::Cs35l41Health( 1458): GetTemperatures: DSP1 Protection cd BDLOG_MAX_TEMP Max temp: 0x169534 ==> 90.3313 C
09-23 16:54:03.140 I/AHal::Cs35l41Health( 1458): GetTemperatures: R DSP1 Protection cd BDLOG_MAX_TEMP Max temp: 0x13e6f4 ==> 79.6086 C
09-23 16:54:03.140 I/AHal::Cs35l41Health( 1458): GetExcursions: DSP1 Protection cd BDLOG_MAX_EXC Max exc: 0x39999 ==> 0.449999 mm
09-23 16:54:03.140 I/AHal::Cs35l41Health( 1458): GetExcursions: R DSP1 Protection cd BDLOG_MAX_EXC Max exc: 0x3ffff ==> 0.499998 mm
09-23 16:54:03.141 I/AHal::Cs35l41Health( 1458): GetHeartBeats: DSP1 Protection 400a4 HALO_HEARTBEAT dsp heartbeat = 0x56807c
09-23 16:54:03.141 I/AHal::Cs35l41Health( 1458): GetHeartBeats: R DSP1 Protection 400a4 HALO_HEARTBEAT dsp heartbeat = 0x56807f
09-23 16:54:04.532 I/bthal.activity( 1461): bt_power: LeAdvStat: 16:54:03:467 - 16:54:04:532, duration: 1064, le_adv_count: 2, total_le_adv_count: 113043, total_event_count: 0
09-23 16:54:04.846 I/pixel-thermal( 2330): cellular-emergency:34.2477 raw data: VIRTUAL-SKIN:34247.7 VIRTUAL-SKIN-SUB-0:34042.1 VIRTUAL-SKIN-SUB-1:31678.3 VIRTUAL-SKIN-SUB-10:33475.3 VIRTUAL-SKIN-SUB-2:32239.1 VIRTUAL-SKIN-SUB-3:32560 VIRTUAL-SKIN-SUB-4:33022.6 VIRTUAL-SKIN-SUB-5:33343.4 VIRTUAL-SKIN-SUB-6:31753.8 VIRTUAL-SKIN-SUB-7:33750.2 VIRTUAL-SKIN-SUB-8:34155.6 VIRTUAL-SKIN-SUB-9:34247.7 battery:34100 cam_therm:34087 cellular-emergency:34247.7 charge_therm:37626 disp_therm:34466 neutral_therm:35245 north_therm:33353 quiet_therm:35334 soc_therm:38450 usb_pwr_therm:34510 
09-23 16:54:04.846 I/pixel-thermal( 2330): VIRTUAL-SKIN-HINT:34.2477 raw data: VIRTUAL-SKIN:34247.7 VIRTUAL-SKIN-HINT:34247.7 
09-23 16:54:04.846 I/pixel-thermal( 2330): VIRTUAL-SKIN-CPU-LIGHT-ODPM:34.2477 raw data: VIRTUAL-SKIN:34247.7 VIRTUAL-SKIN-CPU-LIGHT-ODPM:34247.7 
09-23 16:54:04.846 I/pixel-thermal( 2330): VIRTUAL-SKIN-CPU-MID:34.2477 raw data: VIRTUAL-SKIN:34247.7 VIRTUAL-SKIN-CPU-MID:34247.7 
09-23 16:54:04.846 I/pixel-thermal( 2330): VIRTUAL-SKIN-CPU-HIGH:34.2477 raw data: VIRTUAL-SKIN:34247.7 VIRTUAL-SKIN-CPU-HIGH:34247.7 
09-23 16:54:04.846 I/pixel-thermal( 2330): VIRTUAL-SKIN-SOC:34.2477 raw data: VIRTUAL-SKIN:34247.7 VIRTUAL-SKIN-SOC:34247.7 
09-23 16:54:04.846 I/pixel-thermal( 2330): VIRTUAL-SKIN-GPU:34.2477 raw data: VIRTUAL-SKIN:34247.7 VIRTUAL-SKIN-GPU:34247.7 
09-23 16:54:04.846 I/pixel-thermal( 2330): VIRTUAL-SKIN-SPEAKER:30.8754 raw data: VIRTUAL-SKIN-SPEAKER:30875.4 VIRTUAL-SKIN-SPEAKER-SUB-0:29760 VIRTUAL-SKIN-SPEAKER-SUB-1:30685 VIRTUAL-SKIN-SPEAKER-SUB-2:30875.4 battery:34100 cam_therm:34087 charge_therm:37626 disp_therm:34466 neutral_therm:35245 north_therm:33353 quiet_therm:35334 soc_therm:38450 usb_pwr_therm:34510 
09-23 16:54:04.847 I/pixel-thermal( 2330): VIRTUAL-SKIN-CHARGE-WIRED:34.1556 raw data: NO_WLC:1 VIRTUAL-SKIN-CHARGE:34155.6 VIRTUAL-SKIN-CHARGE-SUB-0:33985.5 VIRTUAL-SKIN-CHARGE-SUB-1:32823.8 VIRTUAL-SKIN-CHARGE-SUB-2:32763 VIRTUAL-SKIN-CHARGE-SUB-3:34155.6 VIRTUAL-SKIN-CHARGE-WIRED:34155.6 WLC_CHECK:1 battery:34100 cam_therm:34087 charge_therm:37626 disp_therm:34466 neutral_therm:35245 north_therm:33353 quiet_therm:35334 soc_therm:38450 thb_hda:0 usb_pwr_therm:34510 
09-23 16:54:04.847 I/pixel-thermal( 2330): VIRTUAL-SKIN-CHARGE-WIRED power_budget=4045.45 err=3.84444 s_power=2527 time_elapsed_ms=7016 p=457.488 i=1302 d=-0 dt_per_min=nan compensation=0 budget transient=0 control target=2 excluded power budget=241.039 (PARTIAL_SYSTEM_POWER: 2008.66 mW, cdev_weight: 0.120000)
09-23 16:54:04.847 I/pixel-thermal( 2330): VIRTUAL-SKIN:34.2477 raw data: VIRTUAL-SKIN:34247.7 
09-23 16:54:04.847 I/pixel-thermal( 2330): quiet_therm:35.334 raw data: quiet_therm:35334 
09-23 16:54:04.847 I/pixel-thermal( 2330): VIRTUAL-SKIN-CHARGE-PERSIST:34.1556 raw data: VIRTUAL-SKIN-CHARGE:34155.6 VIRTUAL-SKIN-CHARGE-PERSIST:34155.6 
09-23 16:54:04.847 I/pixel-thermal( 2330): VIRTUAL-SKIN-CHARGE-PERSIST power_budget=4802.05 err=6.84444 s_power=2383 time_elapsed_ms=7016 p=1457.87 i=1383 d=-0 dt_per_min=nan compensation=0 budget transient=0 control target=2 excluded power budget=421.819 (PARTIAL_SYSTEM_POWER: 2008.66 mW, cdev_weight: 0.210000)
09-23 16:54:05.573 I/WifiHAL ( 1519): Creating message to get link statistics; iface = 48
09-23 16:54:05.595 I/pixel-thermal( 2330): disp_therm:34.466 raw data: disp_therm:34466 
09-23 16:54:05.595 I/pixel-thermal( 2330): north_therm:33.353 raw data: north_therm:33353 
09-23 16:54:05.595 I/pixel-thermal( 2330): cam_therm:34.087 raw data: cam_therm:34087 
09-23 16:54:05.651 I/WifiHAL ( 1519): Getting cached scan results, iface handle = 0xb400007cee0138d0
09-23 16:54:05.651 E/WifiHAL ( 1519): Creating message to get cached scan results
09-23 16:54:05.659 I/WifiHAL ( 1519): In GetCachedScanResultsCommand::handleResponse
09-23 16:54:05.701 I/WifiHAL ( 1519): CreateRequest mType = GET_FEATURE
09-23 16:54:05.961 I/bthal.activity( 1461): bt_power: LeAdvStat: 16:54:04:960 - 16:54:05:960, duration: 1000, le_adv_count: 1, total_le_adv_count: 113044, total_event_count: 1
09-23 16:54:06.854 I/WM-WorkerWrapper(22531): Worker result SUCCESS for Work [ id=f0a829d9-c78d-47d2-b4fa-50b44794023e, tags={ com.whatsapp.infra.networking.xmpp.lifecycle.XmppLifecycleWorker } ]
09-23 16:54:07.317 I/pixel-thermal( 2330): VIRTUAL-SKIN:34.3134 raw data: VIRTUAL-SKIN:34313.4 VIRTUAL-SKIN-SUB-0:34085.6 VIRTUAL-SKIN-SUB-1:31792.4 VIRTUAL-SKIN-SUB-10:33499 VIRTUAL-SKIN-SUB-2:32256.1 VIRTUAL-SKIN-SUB-3:32629.1 VIRTUAL-SKIN-SUB-4:33126.3 VIRTUAL-SKIN-SUB-5:33428.6 VIRTUAL-SKIN-SUB-6:31769.3 VIRTUAL-SKIN-SUB-7:33780.3 VIRTUAL-SKIN-SUB-8:34195.1 VIRTUAL-SKIN-SUB-9:34313.4 battery:34200 cam_therm:34087 charge_therm:37760 disp_therm:34421 neutral_therm:35289 north_therm:33464 quiet_therm:35400 soc_therm:38517 usb_pwr_therm:34421 
09-23 16:54:07.320 I/pixel-thermal( 2330): VIRTUAL-SKIN:34.3134 raw data: VIRTUAL-SKIN:34313.4 
09-23 16:54:07.321 I/TemperatureStateSource( 3206): temperature was set
09-23 16:54:07.826 I/system_server( 1948): Background young concurrent mark compact GC freed 22MB AllocSpace bytes, 264(9104KB) LOS objects, 69% free, 155MB/512MB, paused 1.325ms,24.328ms total 127.354ms
09-23 16:54:07.875 I/fghg    (12246): (REDACTED) HDM. appOpsListener %s %s
09-23 16:54:07.875 I/fghg    (12246): (REDACTED) HDM. Ignoring irrelevant audio permission changes for package %s
09-23 16:54:08.703 I/WifiHAL ( 1519): Creating message to get link statistics; iface = 48
09-23 16:54:08.745 I/bthal.activity( 1461): bt_power: LeAdvStat: 16:54:07:744 - 16:54:08:744, duration: 1000, le_adv_count: 1, total_le_adv_count: 113045, total_event_count: 1
09-23 16:54:08.780 I/WifiHAL ( 1519): Getting cached scan results, iface handle = 0xb400007cee0138d0
09-23 16:54:08.780 E/WifiHAL ( 1519): Creating message to get cached scan results
09-23 16:54:08.788 I/WifiHAL ( 1519): In GetCachedScanResultsCommand::handleResponse
09-23 16:54:08.829 I/WifiHAL ( 1519): CreateRequest mType = GET_FEATURE
09-23 16:54:09.474 W/hwc-display(  680): FBManager: cached buffers size 33 exceeds limitation(32) while adding fbId 459
09-23 16:54:10.168 I/bthal.activity( 1461): bt_power: LeAdvStat: 16:54:09:168 - 16:54:10:168, duration: 1000, le_adv_count: 1, total_le_adv_count: 113046, total_event_count: 1
09-23 16:54:10.794 I/NearbyMediums(31664): Found Fast Ble Advertisements :
09-23 16:54:10.794 I/NearbyMediums(31664): BleAdvertisement { version=2, socketVersion=2, isFast=true, serviceIdHash=null, data=[ 0x23 0x51 0x5a 0x37 0x45 0x11 0x32 0x6f 0xd3 0x3d 0x93 0x8d 0xe4 0x24 0x58 0xb3 0xc7 0xe7 0xec 0xe9 0xe0 0x22 0x9a ], deviceToken=[ 0xe1 0xa7 ], rxAdvertisement=[ 0xa0 0x17 0x40 0x77 0xb6 0x4a 0xa2 0xf1 0xb8 0x5e 0x89 0xd0 0xfa 0x3b 0xb9 0x21 0xf4 0xe6 0x35 0x5a 0x51 0x3f 0x27 0x59 0xc1 0xcd 0x0d 0x49 0x08 0x20 0x37 0x65 0xbb 0x5c 0x84 0x15 0x05 0x7f 0x1f 0x00 0x84 0x15 0x06 0x60 0x1f 0x00 0x84 0x15 0x04 0x7f 0x1f 0x00 0x84 0x15 0x07 0x63 0x1f 0x00 0x83 0x15 0x01 0x16 0x71 ] } : 5 times.
09-23 16:54:10.794 I/NearbyMediums(31664): Total 5 fast advertisements from 1 unique advertisers.
09-23 16:54:10.795 I/NearbyMediums(31664): Current Tracked Scanning Clients are : {NearbyConnections.EnvironmentMonitor, NearbySharing}
09-23 16:54:11.835 I/WifiHAL ( 1519): Creating message to get link statistics; iface = 48
09-23 16:54:11.871 I/pixel-thermal( 2330): cellular-emergency:34.3357 raw data: VIRTUAL-SKIN:34335.7 VIRTUAL-SKIN-SUB-0:34132.4 VIRTUAL-SKIN-SUB-1:31846.8 VIRTUAL-SKIN-SUB-10:33545.3 VIRTUAL-SKIN-SUB-2:32382.8 VIRTUAL-SKIN-SUB-3:32674.8 VIRTUAL-SKIN-SUB-4:33223.1 VIRTUAL-SKIN-SUB-5:33451.6 VIRTUAL-SKIN-SUB-6:31848.3 VIRTUAL-SKIN-SUB-7:33841.4 VIRTUAL-SKIN-SUB-8:34222.6 VIRTUAL-SKIN-SUB-9:34335.7 battery:34300 cam_therm:34132 cellular-emergency:34335.7 charge_therm:37760 disp_therm:34466 neutral_therm:35311 north_therm:33575 quiet_therm:35445 soc_therm:38450 usb_pwr_therm:34710 
09-23 16:54:11.872 I/pixel-thermal( 2330): VIRTUAL-SKIN-HINT:34.3357 raw data: VIRTUAL-SKIN:34335.7 VIRTUAL-SKIN-HINT:34335.7 
09-23 16:54:11.872 I/pixel-thermal( 2330): VIRTUAL-SKIN-CPU-LIGHT-ODPM:34.3357 raw data: VIRTUAL-SKIN:34335.7 VIRTUAL-SKIN-CPU-LIGHT-ODPM:34335.7 
09-23 16:54:11.872 I/pixel-thermal( 2330): VIRTUAL-SKIN-CPU-MID:34.3357 raw data: VIRTUAL-SKIN:34335.7 VIRTUAL-SKIN-CPU-MID:34335.7 
09-23 16:54:11.872 I/pixel-thermal( 2330): VIRTUAL-SKIN-CPU-HIGH:34.3357 raw data: VIRTUAL-SKIN:34335.7 VIRTUAL-SKIN-CPU-HIGH:34335.7 
09-23 16:54:11.872 I/pixel-thermal( 2330): VIRTUAL-SKIN-SOC:34.3357 raw data: VIRTUAL-SKIN:34335.7 VIRTUAL-SKIN-SOC:34335.7 
09-23 16:54:11.872 I/pixel-thermal( 2330): VIRTUAL-SKIN-GPU:34.3357 raw data: VIRTUAL-SKIN:34335.7 VIRTUAL-SKIN-GPU:34335.7 
09-23 16:54:11.873 I/pixel-thermal( 2330): VIRTUAL-SKIN-SPEAKER:30.9831 raw data: VIRTUAL-SKIN-SPEAKER:30983.1 VIRTUAL-SKIN-SPEAKER-SUB-0:29884.1 VIRTUAL-SKIN-SPEAKER-SUB-1:30814.5 VIRTUAL-SKIN-SPEAKER-SUB-2:30983.1 battery:34300 cam_therm:34132 charge_therm:37760 disp_therm:34466 neutral_therm:35311 north_therm:33575 quiet_therm:35445 soc_therm:38450 usb_pwr_therm:34710 
09-23 16:54:11.874 I/pixel-thermal( 2330): VIRTUAL-SKIN-CHARGE-WIRED:34.2226 raw data: NO_WLC:1 VIRTUAL-SKIN-CHARGE:34222.6 VIRTUAL-SKIN-CHARGE-SUB-0:34050.4 VIRTUAL-SKIN-CHARGE-SUB-1:32894.8 VIRTUAL-SKIN-CHARGE-SUB-2:32864.6 VIRTUAL-SKIN-CHARGE-SUB-3:34222.6 VIRTUAL-SKIN-CHARGE-WIRED:34222.6 WLC_CHECK:1 battery:34300 cam_therm:34132 charge_therm:37760 disp_therm:34466 neutral_therm:35311 north_therm:33575 quiet_therm:35445 soc_therm:38450 thb_hda:0 usb_pwr_therm:34710 
09-23 16:54:11.874 I/pixel-thermal( 2330): VIRTUAL-SKIN-CHARGE-WIRED power_budget=4034.68 err=3.77737 s_power=2527 time_elapsed_ms=7023 p=449.507 i=1302 d=-0 dt_per_min=nan compensation=0 budget transient=0 control target=2 excluded power budget=243.827 (PARTIAL_SYSTEM_POWER: 2031.89 mW, cdev_weight: 0.120000)
09-23 16:54:11.874 I/pixel-thermal( 2330): VIRTUAL-SKIN:34.3357 raw data: VIRTUAL-SKIN:34335.7 
09-23 16:54:11.874 I/pixel-thermal( 2330): quiet_therm:35.445 raw data: quiet_therm:35445 
09-23 16:54:11.874 I/pixel-thermal( 2330): VIRTUAL-SKIN-CHARGE-PERSIST:34.2226 raw data: VIRTUAL-SKIN-CHARGE:34222.6 VIRTUAL-SKIN-CHARGE-PERSIST:34222.6 
09-23 16:54:11.874 I/pixel-thermal( 2330): VIRTUAL-SKIN-CHARGE-PERSIST power_budget=4782.88 err=6.77737 s_power=2383 time_elapsed_ms=7023 p=1443.58 i=1383 d=-0 dt_per_min=nan compensation=0 budget transient=0 control target=2 excluded power budget=426.697 (PARTIAL_SYSTEM_POWER: 2031.89 mW, cdev_weight: 0.210000)
09-23 16:54:11.931 I/WifiHAL ( 1519): Getting cached scan results, iface handle = 0xb400007cee0138d0
09-23 16:54:11.931 E/WifiHAL ( 1519): Creating message to get cached scan results
09-23 16:54:11.936 I/WifiHAL ( 1519): In GetCachedScanResultsCommand::handleResponse
09-23 16:54:11.959 I/WifiHAL ( 1519): CreateRequest mType = GET_FEATURE
09-23 16:54:12.613 I/pixel-thermal( 2330): disp_therm:34.466 raw data: disp_therm:34466 
09-23 16:54:12.613 I/pixel-thermal( 2330): north_therm:33.575 raw data: north_therm:33575 
09-23 16:54:12.613 I/pixel-thermal( 2330): cam_therm:34.132 raw data: cam_therm:34132 
09-23 16:54:13.139 I/fghg    (12246): (REDACTED) HDM. appOpsListener %s %s
09-23 16:54:13.139 I/fghg    (12246): (REDACTED) HDM. Ignoring irrelevant audio permission changes for package %s
09-23 16:54:14.276 I/bthal.activity( 1461): bt_power: LeAdvStat: 16:54:13:276 - 16:54:14:276, duration: 1000, le_adv_count: 1, total_le_adv_count: 113047, total_event_count: 1
09-23 16:54:14.278 I/AHal::Cs35l41Health( 1458): GetImpedances: speaker [0] impedance: 6.60001 Ohms
09-23 16:54:14.279 I/AHal::Cs35l41Health( 1458): GetImpedances: speaker [1] impedance: 7.03043 Ohms
09-23 16:54:14.279 I/AHal::Cs35l41Health( 1458): GetTemperatures: DSP1 Protection cd BDLOG_MAX_TEMP Max temp: 0x169534 ==> 90.3313 C
09-23 16:54:14.279 I/AHal::Cs35l41Health( 1458): GetTemperatures: R DSP1 Protection cd BDLOG_MAX_TEMP Max temp: 0x13e6f4 ==> 79.6086 C
09-23 16:54:14.279 I/AHal::Cs35l41Health( 1458): GetExcursions: DSP1 Protection cd BDLOG_MAX_EXC Max exc: 0x39999 ==> 0.449999 mm
09-23 16:54:14.279 I/AHal::Cs35l41Health( 1458): GetExcursions: R DSP1 Protection cd BDLOG_MAX_EXC Max exc: 0x3ffff ==> 0.499998 mm
09-23 16:54:14.279 I/AHal::Cs35l41Health( 1458): GetHeartBeats: DSP1 Protection 400a4 HALO_HEARTBEAT dsp heartbeat = 0x56c1c1
09-23 16:54:14.280 I/AHal::Cs35l41Health( 1458): GetHeartBeats: R DSP1 Protection 400a4 HALO_HEARTBEAT dsp heartbeat = 0x56c1c3
09-23 16:54:14.963 I/WifiHAL ( 1519): Creating message to get link statistics; iface = 48
09-23 16:54:15.041 I/WifiHAL ( 1519): Getting cached scan results, iface handle = 0xb400007cee0138d0
09-23 16:54:15.041 E/WifiHAL ( 1519): Creating message to get cached scan results
09-23 16:54:15.050 I/WifiHAL ( 1519): In GetCachedScanResultsCommand::handleResponse
09-23 16:54:15.090 I/WifiHAL ( 1519): CreateRequest mType = GET_FEATURE
09-23 16:54:17.132 I/bthal.activity( 1461): bt_power: LeAdvStat: 16:54:16:131 - 16:54:17:132, duration: 1000, le_adv_count: 1, total_le_adv_count: 113048, total_event_count: 1
09-23 16:54:17.321 I/pixel-thermal( 2330): VIRTUAL-SKIN:34.3067 raw data: VIRTUAL-SKIN:34306.7 VIRTUAL-SKIN-SUB-0:34112.4 VIRTUAL-SKIN-SUB-1:31840.8 VIRTUAL-SKIN-SUB-10:33510.3 VIRTUAL-SKIN-SUB-2:32354.8 VIRTUAL-SKIN-SUB-3:32654.8 VIRTUAL-SKIN-SUB-4:33223.1 VIRTUAL-SKIN-SUB-5:33422.6 VIRTUAL-SKIN-SUB-6:31841.3 VIRTUAL-SKIN-SUB-7:33813.4 VIRTUAL-SKIN-SUB-8:34222.6 VIRTUAL-SKIN-SUB-9:34306.7 battery:34200 cam_therm:34132 charge_therm:37760 disp_therm:34466 neutral_therm:35311 north_therm:33575 quiet_therm:35445 soc_therm:38450 usb_pwr_therm:34710 
09-23 16:54:18.095 I/WifiHAL ( 1519): Creating message to get link statistics; iface = 48
09-23 16:54:18.139 I/WifiHAL ( 1519): Getting cached scan results, iface handle = 0xb400007cee0138d0
09-23 16:54:18.139 E/WifiHAL ( 1519): Creating message to get cached scan results
09-23 16:54:18.143 I/WifiHAL ( 1519): In GetCachedScanResultsCommand::handleResponse
09-23 16:54:18.166 I/WifiHAL ( 1519): CreateRequest mType = GET_FEATURE
09-23 16:54:18.235 W/HWUI    (17675): Warning: Reusing an immutable bitmap as an image decoder target.
09-23 16:54:18.572 I/bthal.activity( 1461): bt_power: LeAdvStat: 16:54:17:469 - 16:54:18:571, duration: 1102, le_adv_count: 2, total_le_adv_count: 113050, total_event_count: 0
09-23 16:54:18.891 I/pixel-thermal( 2330): cellular-emergency:34.3067 raw data: VIRTUAL-SKIN:34306.7 cellular-emergency:34306.7 
09-23 16:54:18.892 I/pixel-thermal( 2330): VIRTUAL-SKIN-HINT:34.3067 raw data: VIRTUAL-SKIN:34306.7 VIRTUAL-SKIN-HINT:34306.7 
09-23 16:54:18.892 I/pixel-thermal( 2330): VIRTUAL-SKIN-CPU-LIGHT-ODPM:34.3067 raw data: VIRTUAL-SKIN:34306.7 VIRTUAL-SKIN-CPU-LIGHT-ODPM:34306.7 
09-23 16:54:18.892 I/pixel-thermal( 2330): VIRTUAL-SKIN-CPU-MID:34.3067 raw data: VIRTUAL-SKIN:34306.7 VIRTUAL-SKIN-CPU-MID:34306.7 
09-23 16:54:18.892 I/pixel-thermal( 2330): VIRTUAL-SKIN-CPU-HIGH:34.3067 raw data: VIRTUAL-SKIN:34306.7 VIRTUAL-SKIN-CPU-HIGH:34306.7 
09-23 16:54:18.892 I/pixel-thermal( 2330): VIRTUAL-SKIN-SOC:34.3067 raw data: VIRTUAL-SKIN:34306.7 VIRTUAL-SKIN-SOC:34306.7 
09-23 16:54:18.893 I/pixel-thermal( 2330): VIRTUAL-SKIN-GPU:34.3067 raw data: VIRTUAL-SKIN:34306.7 VIRTUAL-SKIN-GPU:34306.7 
09-23 16:54:18.893 I/pixel-thermal( 2330): VIRTUAL-SKIN-SPEAKER:30.9521 raw data: VIRTUAL-SKIN-SPEAKER:30952.1 VIRTUAL-SKIN-SPEAKER-SUB-0:29884.1 VIRTUAL-SKIN-SPEAKER-SUB-1:30790.5 VIRTUAL-SKIN-SPEAKER-SUB-2:30952.1 battery:34200 cam_therm:34132 charge_therm:37760 disp_therm:34466 neutral_therm:35311 north_therm:33575 quiet_therm:35445 soc_therm:38450 usb_pwr_therm:34710 
09-23 16:54:18.894 I/pixel-thermal( 2330): VIRTUAL-SKIN-CHARGE-WIRED:34.2226 raw data: NO_WLC:1 VIRTUAL-SKIN-CHARGE:34222.6 VIRTUAL-SKIN-CHARGE-SUB-0:34050.4 VIRTUAL-SKIN-CHARGE-SUB-1:32880.8 VIRTUAL-SKIN-CHARGE-SUB-2:32848.6 VIRTUAL-SKIN-CHARGE-SUB-3:34222.6 VIRTUAL-SKIN-CHARGE-WIRED:34222.6 WLC_CHECK:1 battery:34200 cam_therm:34132 charge_therm:37760 disp_therm:34466 neutral_therm:35311 north_therm:33575 quiet_therm:35445 soc_therm:38450 thb_hda:0 usb_pwr_therm:34710 
09-23 16:54:18.894 I/pixel-thermal( 2330): VIRTUAL-SKIN-CHARGE-WIRED power_budget=4027.08 err=3.77737 s_power=2527 time_elapsed_ms=7024 p=449.507 i=1302 d=0 dt_per_min=nan compensation=0 budget transient=0 control target=2 excluded power budget=251.426 (PARTIAL_SYSTEM_POWER: 2095.22 mW, cdev_weight: 0.120000)
09-23 16:54:18.894 I/pixel-thermal( 2330): VIRTUAL-SKIN:34.3067 raw data: VIRTUAL-SKIN:34306.7 
09-23 16:54:18.894 I/pixel-thermal( 2330): quiet_therm:35.445 raw data: quiet_therm:35445 
09-23 16:54:18.895 I/pixel-thermal( 2330): VIRTUAL-SKIN-CHARGE-PERSIST:34.2226 raw data: VIRTUAL-SKIN-CHARGE:34222.6 VIRTUAL-SKIN-CHARGE-PERSIST:34222.6 
09-23 16:54:18.895 I/pixel-thermal( 2330): VIRTUAL-SKIN-CHARGE-PERSIST power_budget=4769.58 err=6.77737 s_power=2383 time_elapsed_ms=7024 p=1443.58 i=1383 d=0 dt_per_min=nan compensation=0 budget transient=0 control target=2 excluded power budget=439.996 (PARTIAL_SYSTEM_POWER: 2095.22 mW, cdev_weight: 0.210000)
09-23 16:54:19.616 I/pixel-thermal( 2330): disp_therm:34.51 raw data: disp_therm:34510 
09-23 16:54:19.617 I/pixel-thermal( 2330): north_therm:33.575 raw data: north_therm:33575 
09-23 16:54:19.617 I/pixel-thermal( 2330): cam_therm:34.198 raw data: cam_therm:34198 
09-23 16:54:20.797 I/NearbyMediums(31664): Found Fast Ble Advertisements :
09-23 16:54:20.797 I/NearbyMediums(31664): BleAdvertisement { version=2, socketVersion=2, isFast=true, serviceIdHash=null, data=[ 0x23 0x51 0x5a 0x37 0x45 0x11 0x32 0x6f 0xd3 0x3d 0x93 0x8d 0xe4 0x24 0x58 0xb3 0xc7 0xe7 0xec 0xe9 0xe0 0x22 0x9a ], deviceToken=[ 0xe1 0xa7 ], rxAdvertisement=[ 0xa0 0x17 0x40 0x77 0xb6 0x4a 0xa2 0xf1 0xb8 0x5e 0x89 0xd0 0xfa 0x3b 0xb9 0x21 0xf4 0xe6 0x35 0x5a 0x51 0x3f 0x27 0x59 0xc1 0xcd 0x0d 0x49 0x08 0x20 0x37 0x65 0xbb 0x5c 0x84 0x15 0x05 0x7f 0x1f 0x00 0x84 0x15 0x06 0x60 0x1f 0x00 0x84 0x15 0x04 0x7f 0x1f 0x00 0x84 0x15 0x07 0x63 0x1f 0x00 0x83 0x15 0x01 0x16 0x71 ] } : 5 times.
09-23 16:54:20.797 I/NearbyMediums(31664): Total 5 fast advertisements from 1 unique advertisers.
09-23 16:54:20.797 I/NearbyMediums(31664): Current Tracked Scanning Clients are : {NearbyConnections.EnvironmentMonitor, NearbySharing}
09-23 16:54:21.171 I/WifiHAL ( 1519): Creating message to get link statistics; iface = 48
09-23 16:54:21.262 I/WifiHAL ( 1519): Getting cached scan results, iface handle = 0xb400007cee0138d0
09-23 16:54:21.262 E/WifiHAL ( 1519): Creating message to get cached scan results
09-23 16:54:21.270 I/WifiHAL ( 1519): In GetCachedScanResultsCommand::handleResponse
09-23 16:54:21.308 I/WifiHAL ( 1519): CreateRequest mType = GET_FEATURE
09-23 16:54:21.326 I/bthal.activity( 1461): bt_power: LeAdvStat: 16:54:20:325 - 16:54:21:325, duration: 1000, le_adv_count: 1, total_le_adv_count: 113051, total_event_count: 1
09-23 16:54:21.792 I/RethinkDnsVpn(27710): preflow: returning uid: 2000 for src: (10.111.222.1, 52050), dst: (10.111.222.3, 53), isRethink? false
09-23 16:54:21.794 I/RethinkDnsVpn(27710): flow/inflow: returning mark: Mark{PIDCSV:Base,CID:9b56a389a8e7c4f6,UID:2000,IP:,} for connId: 9b56a389a8e7c4f6, uid: 2000, cm: null
09-23 16:54:21.795 I/ProxyLogs(27710): no proxy ids found for 2000, , 0, r4---sn-hxa7zn7s.googlevideo.com; returning Preferred
09-23 16:54:21.796 I/ProxyLogs(27710): no proxy ids found for 2000, , 0, r4---sn-hxa7zn7s.googlevideo.com; returning Base
09-23 16:54:21.796 I/RethinkDnsVpn(27710): TunDnsManager onQuery: for 2000, r4---sn-hxa7zn7s.googlevideo.com, returning DNSOpts{UID:2000,IPCSV:,TIDCSV:CachePreferred:Base,TIDSECCSV:,NOBLOCK:false,}
09-23 16:54:22.756 I/bthal.activity( 1461): bt_power: LeAdvStat: 16:54:21:755 - 16:54:22:755, duration: 1000, le_adv_count: 1, total_le_adv_count: 113052, total_event_count: 1
09-23 16:54:23.184 W/.adservices.api( 8275): Reducing the number of considered missed Gc histogram windows from 287 to 100
09-23 16:54:23.694 I/pixel-thermal( 2330): charge_therm:37.827 raw data: charge_therm:37827 
09-23 16:54:23.695 I/pixel-thermal( 2330): usb_pwr_therm:34.777 raw data: usb_pwr_therm:34777 
09-23 16:54:23.695 I/pixel-thermal( 2330): Power rails total power: 2198.78 mW for 60015 ms
09-23 16:54:23.695 I/pixel-thermal( 2330): Power rails [VSYS_PWR_MODEM: 23.94 mW] [S6S_LLDO2: 22.43 mW] [S8M_LLDO2: 35.72 mW] [S7M_VDD_TPU: 0.00 mW] [S6M_LLDO1: 153.39 mW] [S4M_VDD_CPUCL0: 372.59 mW] 
09-23 16:54:23.695 I/pixel-thermal( 2330): Power rails [S2M_VDD_CPUCL2: 21.05 mW] [S1M_VDD_MIF: 82.18 mW] [VSYS_PWR_MMWAVE: 0.27 mW] [S9M_VDD_CPUCL0_M: 18.40 mW] [L21S_VDD2L_MEM: 22.42 mW] [VSYS_PWR_DISPLAY: 598.92 mW] 
09-23 16:54:23.695 I/pixel-thermal( 2330): Power rails [L22M_DISP: 92.05 mW] [VSYS_PWR_RFFE: 0.00 mW] [VSYS_PWR_WLAN_BT: 99.56 mW] [S5M_VDD_INT: 78.24 mW] [S9S_VDD_AOC: 27.45 mW] [S4S_VDD2H_MEM: 83.75 mW] 
09-23 16:54:23.695 I/pixel-thermal( 2330): Power rails [S3M_VDD_CPUCL1: 380.72 mW] [L2S_PLL_MIPI_UFS: 29.42 mW] [S1S_VDD_CAM: 38.81 mW] [S2S_VDD_G3D: 6.64 mW] [S5S_VDDQ_MEM: 9.44 mW] [S8S_VDD_G3D_L2: 1.37 mW] 
09-23 16:54:23.695 I/pixel-thermal( 2330): CDEV log gxp-cooling state:0 tpu_cooling state:0 usbc-port state:0 thermal-cpufreq-1 state:0 chg_mdis state:0 thermal-gpufreq-0 state:0 thermal-cpufreq-2 state:0 thermal-cpufreq-0 state:0 
09-23 16:54:24.188 I/bthal.activity( 1461): bt_power: LeAdvStat: 16:54:23:186 - 16:54:24:188, duration: 1002, le_adv_count: 1, total_le_adv_count: 113053, total_event_count: 0
09-23 16:54:24.312 I/WifiHAL ( 1519): Creating message to get link statistics; iface = 48
09-23 16:54:24.396 I/WifiHAL ( 1519): Getting cached scan results, iface handle = 0xb400007cee0138d0
09-23 16:54:24.396 E/WifiHAL ( 1519): Creating message to get cached scan results
09-23 16:54:24.404 I/WifiHAL ( 1519): In GetCachedScanResultsCommand::handleResponse
09-23 16:54:24.444 I/WifiHAL ( 1519): CreateRequest mType = GET_FEATURE
09-23 16:54:25.395 I/AHal::Cs35l41Health( 1458): GetImpedances: speaker [0] impedance: 6.49419 Ohms
09-23 16:54:25.395 I/AHal::Cs35l41Health( 1458): GetImpedances: speaker [1] impedance: 6.9525 Ohms
09-23 16:54:25.395 I/AHal::Cs35l41Health( 1458): GetTemperatures: DSP1 Protection cd BDLOG_MAX_TEMP Max temp: 0x169534 ==> 90.3313 C
09-23 16:54:25.395 I/AHal::Cs35l41Health( 1458): GetTemperatures: R DSP1 Protection cd BDLOG_MAX_TEMP Max temp: 0x13e6f4 ==> 79.6086 C
09-23 16:54:25.395 I/AHal::Cs35l41Health( 1458): GetExcursions: DSP1 Protection cd BDLOG_MAX_EXC Max exc: 0x39999 ==> 0.449999 mm
09-23 16:54:25.395 I/AHal::Cs35l41Health( 1458): GetExcursions: R DSP1 Protection cd BDLOG_MAX_EXC Max exc: 0x3ffff ==> 0.499998 mm
09-23 16:54:25.395 I/AHal::Cs35l41Health( 1458): GetHeartBeats: DSP1 Protection 400a4 HALO_HEARTBEAT dsp heartbeat = 0x5702e3
09-23 16:54:25.396 I/AHal::Cs35l41Health( 1458): GetHeartBeats: R DSP1 Protection 400a4 HALO_HEARTBEAT dsp heartbeat = 0x5702e5
09-23 16:54:25.860 I/RethinkDnsVpn(27710): preflow: returning uid: 2000 for src: (10.111.222.1, 40225), dst: (10.111.222.3, 53), isRethink? false
09-23 16:54:25.862 I/RethinkDnsVpn(27710): flow/inflow: returning mark: Mark{PIDCSV:Base,CID:f5429899834d7275,UID:2000,IP:,} for connId: f5429899834d7275, uid: 2000, cm: null
09-23 16:54:25.863 I/ProxyLogs(27710): no proxy ids found for 2000, , 0, rr1---sn-a5mekn6k.googlevideo.com; returning Preferred
09-23 16:54:25.863 I/ProxyLogs(27710): no proxy ids found for 2000, , 0, rr1---sn-a5mekn6k.googlevideo.com; returning Base
09-23 16:54:25.864 I/RethinkDnsVpn(27710): TunDnsManager onQuery: for 2000, rr1---sn-a5mekn6k.googlevideo.com, returning DNSOpts{UID:2000,IPCSV:,TIDCSV:CachePreferred:Base,TIDSECCSV:,NOBLOCK:false,}
09-23 16:54:25.928 I/pixel-thermal( 2330): cellular-emergency:34.2975 raw data: VIRTUAL-SKIN:34297.5 VIRTUAL-SKIN-SUB-0:34083.5 VIRTUAL-SKIN-SUB-1:31724.9 VIRTUAL-SKIN-SUB-10:33521.1 VIRTUAL-SKIN-SUB-2:32212.1 VIRTUAL-SKIN-SUB-3:32574.4 VIRTUAL-SKIN-SUB-4:33002.6 VIRTUAL-SKIN-SUB-5:33393 VIRTUAL-SKIN-SUB-6:31796.4 VIRTUAL-SKIN-SUB-7:33782.6 VIRTUAL-SKIN-SUB-8:34206.2 VIRTUAL-SKIN-SUB-9:34297.5 battery:34200 cam_therm:34154 cellular-emergency:34297.5 charge_therm:37715 disp_therm:34488 neutral_therm:35311 north_therm:33330 quiet_therm:35512 soc_therm:38450 usb_pwr_therm:34287 
09-23 16:54:25.929 I/pixel-thermal( 2330): VIRTUAL-SKIN-HINT:34.2975 raw data: VIRTUAL-SKIN:34297.5 VIRTUAL-SKIN-HINT:34297.5 
09-23 16:54:25.929 I/pixel-thermal( 2330): VIRTUAL-SKIN-CPU-LIGHT-ODPM:34.2975 raw data: VIRTUAL-SKIN:34297.5 VIRTUAL-SKIN-CPU-LIGHT-ODPM:34297.5 
09-23 16:54:25.929 I/pixel-thermal( 2330): VIRTUAL-SKIN-CPU-MID:34.2975 raw data: VIRTUAL-SKIN:34297.5 VIRTUAL-SKIN-CPU-MID:34297.5 
09-23 16:54:25.929 I/pixel-thermal( 2330): VIRTUAL-SKIN-CPU-HIGH:34.2975 raw data: VIRTUAL-SKIN:34297.5 VIRTUAL-SKIN-CPU-HIGH:34297.5 
09-23 16:54:25.929 I/pixel-thermal( 2330): VIRTUAL-SKIN-SOC:34.2975 raw data: VIRTUAL-SKIN:34297.5 VIRTUAL-SKIN-SOC:34297.5 
09-23 16:54:25.929 I/pixel-thermal( 2330): VIRTUAL-SKIN-GPU:34.2975 raw data: VIRTUAL-SKIN:34297.5 VIRTUAL-SKIN-GPU:34297.5 
09-23 16:54:25.929 I/pixel-thermal( 2330): VIRTUAL-SKIN-SPEAKER:30.9292 raw data: VIRTUAL-SKIN-SPEAKER:30929.2 VIRTUAL-SKIN-SPEAKER-SUB-0:29939.4 VIRTUAL-SKIN-SPEAKER-SUB-1:30644.6 VIRTUAL-SKIN-SPEAKER-SUB-2:30929.2 battery:34200 cam_therm:34154 charge_therm:37715 disp_therm:34488 neutral_therm:35311 north_therm:33330 quiet_therm:35512 soc_therm:38450 usb_pwr_therm:34287 
09-23 16:54:25.930 I/pixel-thermal( 2330): VIRTUAL-SKIN-CHARGE-WIRED:34.2062 raw data: NO_WLC:1 VIRTUAL-SKIN-CHARGE:34206.2 VIRTUAL-SKIN-CHARGE-SUB-0:34056.7 VIRTUAL-SKIN-CHARGE-SUB-1:32833.7 VIRTUAL-SKIN-CHARGE-SUB-2:32804.2 VIRTUAL-SKIN-CHARGE-SUB-3:34206.2 VIRTUAL-SKIN-CHARGE-WIRED:34206.2 WLC_CHECK:1 battery:34200 cam_therm:34154 charge_therm:37715 disp_therm:34488 neutral_therm:35311 north_therm:33330 quiet_therm:35512 soc_therm:38450 thb_hda:0 usb_pwr_therm:34287 
09-23 16:54:25.930 I/pixel-thermal( 2330): VIRTUAL-SKIN-CHARGE-WIRED power_budget=4022.78 err=3.79381 s_power=2527 time_elapsed_ms=7022 p=451.463 i=1302 d=0 dt_per_min=nan compensation=0 budget transient=0 control target=2 excluded power budget=257.679 (PARTIAL_SYSTEM_POWER: 2147.33 mW, cdev_weight: 0.120000)
09-23 16:54:25.930 I/pixel-thermal( 2330): VIRTUAL-SKIN:34.2975 raw data: VIRTUAL-SKIN:34297.5 
09-23 16:54:25.930 I/pixel-thermal( 2330): quiet_therm:35.512 raw data: quiet_therm:35512 
09-23 16:54:25.930 I/pixel-thermal( 2330): VIRTUAL-SKIN-CHARGE-PERSIST:34.2062 raw data: VIRTUAL-SKIN-CHARGE:34206.2 VIRTUAL-SKIN-CHARGE-PERSIST:34206.2 
09-23 16:54:25.930 I/pixel-thermal( 2330): VIRTUAL-SKIN-CHARGE-PERSIST power_budget=4762.14 err=6.79381 s_power=2383 time_elapsed_ms=7022 p=1447.08 i=1383 d=0 dt_per_min=nan compensation=0 budget transient=0 control target=2 excluded power budget=450.939 (PARTIAL_SYSTEM_POWER: 2147.33 mW, cdev_weight: 0.210000)
09-23 16:54:26.649 I/pixel-thermal( 2330): disp_therm:34.488 raw data: disp_therm:34488 
09-23 16:54:26.649 I/pixel-thermal( 2330): north_therm:33.33 raw data: north_therm:33330 
09-23 16:54:26.649 I/pixel-thermal( 2330): cam_therm:34.154 raw data: cam_therm:34154 
09-23 16:54:27.324 I/pixel-thermal( 2330): VIRTUAL-SKIN:34.2975 raw data: VIRTUAL-SKIN:34297.5 
09-23 16:54:27.449 I/WifiHAL ( 1519): Creating message to get link statistics; iface = 48
09-23 16:54:27.493 I/WifiHAL ( 1519): Getting cached scan results, iface handle = 0xb400007cee0138d0
09-23 16:54:27.493 E/WifiHAL ( 1519): Creating message to get cached scan results
09-23 16:54:27.497 I/WifiHAL ( 1519): In GetCachedScanResultsCommand::handleResponse
09-23 16:54:27.518 I/WifiHAL ( 1519): CreateRequest mType = GET_FEATURE
09-23 16:54:27.566 W/TracingMuxer( 1709): type=1400 audit(0.0:634210): avc:  denied  { write } for  name="traced_producer" dev="tmpfs" ino=1541 scontext=u:r:gxp_logging:s0 tcontext=u:object_r:traced_producer_socket:s0 tclass=sock_file permissive=0
09-23 16:54:29.728 I/bthal.activity( 1461): bt_power: LeAdvStat: 16:54:28:727 - 16:54:29:728, duration: 1000, le_adv_count: 1, total_le_adv_count: 113054, total_event_count: 1
09-23 16:54:29.937 I/RethinkDnsVpn(27710): preflow: returning uid: 2000 for src: (10.111.222.1, 39590), dst: (10.111.222.3, 53), isRethink? false
09-23 16:54:29.939 I/RethinkDnsVpn(27710): flow/inflow: returning mark: Mark{PIDCSV:Base,CID:b1d3965d881024d0,UID:2000,IP:,} for connId: b1d3965d881024d0, uid: 2000, cm: null
09-23 16:54:29.941 I/ProxyLogs(27710): no proxy ids found for 2000, , 0, www.youtube.com; returning Preferred
09-23 16:54:29.942 I/ProxyLogs(27710): no proxy ids found for 2000, , 0, www.youtube.com; returning Base
09-23 16:54:29.942 I/RethinkDnsVpn(27710): TunDnsManager onQuery: for 2000, www.youtube.com, returning DNSOpts{UID:2000,IPCSV:,TIDCSV:CachePreferred:Base,TIDSECCSV:,NOBLOCK:false,}
09-23 16:54:30.523 I/WifiHAL ( 1519): Creating message to get link statistics; iface = 48
09-23 16:54:30.561 I/WifiHAL ( 1519): Getting cached scan results, iface handle = 0xb400007cee0138d0
09-23 16:54:30.561 E/WifiHAL ( 1519): Creating message to get cached scan results
09-23 16:54:30.565 I/WifiHAL ( 1519): In GetCachedScanResultsCommand::handleResponse
09-23 16:54:30.586 I/WifiHAL ( 1519): CreateRequest mType = GET_FEATURE
09-23 16:54:30.799 I/NearbyMediums(31664): Found Fast Ble Advertisements :
09-23 16:54:30.799 I/NearbyMediums(31664): BleAdvertisement { version=2, socketVersion=2, isFast=true, serviceIdHash=null, data=[ 0x23 0x51 0x5a 0x37 0x45 0x11 0x32 0x6f 0xd3 0x3d 0x93 0x8d 0xe4 0x24 0x58 0xb3 0xc7 0xe7 0xec 0xe9 0xe0 0x22 0x9a ], deviceToken=[ 0xe1 0xa7 ], rxAdvertisement=[ 0xa0 0x17 0x40 0x77 0xb6 0x4a 0xa2 0xf1 0xb8 0x5e 0x89 0xd0 0xfa 0x3b 0xb9 0x21 0xf4 0xe6 0x35 0x5a 0x51 0x3f 0x27 0x59 0xc1 0xcd 0x0d 0x49 0x08 0x20 0x37 0x65 0xbb 0x5c 0x84 0x15 0x05 0x7f 0x1f 0x00 0x84 0x15 0x06 0x60 0x1f 0x00 0x84 0x15 0x04 0x7f 0x1f 0x00 0x84 0x15 0x07 0x63 0x1f 0x00 0x83 0x15 0x01 0x16 0x71 ] } : 4 times.
09-23 16:54:30.799 I/NearbyMediums(31664): Total 4 fast advertisements from 1 unique advertisers.
09-23 16:54:30.799 I/NearbyMediums(31664): Current Tracked Scanning Clients are : {NearbyConnections.EnvironmentMonitor, NearbySharing}
09-23 16:54:31.163 I/bthal.activity( 1461): bt_power: LeAdvStat: 16:54:30:163 - 16:54:31:163, duration: 1000, le_adv_count: 1, total_le_adv_count: 113055, total_event_count: 1
09-23 16:54:31.779 I/WifiHAL ( 1519): Creating message to get link statistics; iface = 48
09-23 16:54:31.857 I/WifiHAL ( 1519): Getting cached scan results, iface handle = 0xb400007cee0138d0
09-23 16:54:31.857 E/WifiHAL ( 1519): Creating message to get cached scan results
09-23 16:54:31.865 I/WifiHAL ( 1519): In GetCachedScanResultsCommand::handleResponse
09-23 16:54:31.974 I/bthal.flowcontrol( 1461): HciEventPreProcess: HCI Event 0xe Opcode 0xfd59 Length 22 unhandled by ControllerActivityWatcher
09-23 16:54:32.944 I/pixel-thermal( 2330): cellular-emergency:34.2926 raw data: VIRTUAL-SKIN:34292.6 VIRTUAL-SKIN-SUB-0:34104.4 VIRTUAL-SKIN-SUB-1:31765 VIRTUAL-SKIN-SUB-10:33535.6 VIRTUAL-SKIN-SUB-2:32340.4 VIRTUAL-SKIN-SUB-3:32607.9 VIRTUAL-SKIN-SUB-4:33101.7 VIRTUAL-SKIN-SUB-5:33386.8 VIRTUAL-SKIN-SUB-6:31871.7 VIRTUAL-SKIN-SUB-7:33827.3 VIRTUAL-SKIN-SUB-8:34219.8 VIRTUAL-SKIN-SUB-9:34292.6 battery:34200 cam_therm:34154 cellular-emergency:34292.6 charge_therm:37693 disp_therm:34532 neutral_therm:35356 north_therm:33442 quiet_therm:35512 soc_therm:38406 usb_pwr_therm:34666 
09-23 16:54:32.944 I/pixel-thermal( 2330): VIRTUAL-SKIN-HINT:34.2926 raw data: VIRTUAL-SKIN:34292.6 VIRTUAL-SKIN-HINT:34292.6 
09-23 16:54:32.944 I/pixel-thermal( 2330): VIRTUAL-SKIN-CPU-LIGHT-ODPM:34.2926 raw data: VIRTUAL-SKIN:34292.6 VIRTUAL-SKIN-CPU-LIGHT-ODPM:34292.6 
09-23 16:54:32.944 I/pixel-thermal( 2330): VIRTUAL-SKIN-CPU-MID:34.2926 raw data: VIRTUAL-SKIN:34292.6 VIRTUAL-SKIN-CPU-MID:34292.6 
09-23 16:54:32.944 I/pixel-thermal( 2330): VIRTUAL-SKIN-CPU-HIGH:34.2926 raw data: VIRTUAL-SKIN:34292.6 VIRTUAL-SKIN-CPU-HIGH:34292.6 
09-23 16:54:32.945 I/pixel-thermal( 2330): VIRTUAL-SKIN-SOC:34.2926 raw data: VIRTUAL-SKIN:34292.6 VIRTUAL-SKIN-SOC:34292.6 
09-23 16:54:32.945 I/pixel-thermal( 2330): VIRTUAL-SKIN-GPU:34.2926 raw data: VIRTUAL-SKIN:34292.6 VIRTUAL-SKIN-GPU:34292.6 
09-23 16:54:32.945 I/pixel-thermal( 2330): VIRTUAL-SKIN-SPEAKER:30.974 raw data: VIRTUAL-SKIN-SPEAKER:30974 VIRTUAL-SKIN-SPEAKER-SUB-0:29936.1 VIRTUAL-SKIN-SPEAKER-SUB-1:30778.4 VIRTUAL-SKIN-SPEAKER-SUB-2:30974 battery:34200 cam_therm:34154 charge_therm:37693 disp_therm:34532 neutral_therm:35356 north_therm:33442 quiet_therm:35512 soc_therm:38406 usb_pwr_therm:34666 
09-23 16:54:32.946 I/pixel-thermal( 2330): VIRTUAL-SKIN-CHARGE-WIRED:34.2198 raw data: NO_WLC:1 VIRTUAL-SKIN-CHARGE:34219.8 VIRTUAL-SKIN-CHARGE-SUB-0:34057.2 VIRTUAL-SKIN-CHARGE-SUB-1:32900.9 VIRTUAL-SKIN-CHARGE-SUB-2:32829.2 VIRTUAL-SKIN-CHARGE-SUB-3:34219.8 VIRTUAL-SKIN-CHARGE-WIRED:34219.8 WLC_CHECK:1 battery:34200 cam_therm:34154 charge_therm:37693 disp_therm:34532 neutral_therm:35356 north_therm:33442 quiet_therm:35512 soc_therm:38406 thb_hda:0 usb_pwr_therm:34666 
09-23 16:54:32.946 I/pixel-thermal( 2330): VIRTUAL-SKIN-CHARGE-WIRED power_budget=4023.6 err=3.78019 s_power=2527 time_elapsed_ms=7019 p=449.843 i=1302 d=-0 dt_per_min=nan compensation=0 budget transient=0 control target=2 excluded power budget=255.238 (PARTIAL_SYSTEM_POWER: 2126.99 mW, cdev_weight: 0.120000)
09-23 16:54:32.946 I/pixel-thermal( 2330): VIRTUAL-SKIN:34.2926 raw data: VIRTUAL-SKIN:34292.6 
09-23 16:54:32.946 I/pixel-thermal( 2330): quiet_therm:35.512 raw data: quiet_therm:35512 
09-23 16:54:32.946 I/pixel-thermal( 2330): VIRTUAL-SKIN-CHARGE-PERSIST:34.2198 raw data: VIRTUAL-SKIN-CHARGE:34219.8 VIRTUAL-SKIN-CHARGE-PERSIST:34219.8 
09-23 16:54:32.946 I/pixel-thermal( 2330): VIRTUAL-SKIN-CHARGE-PERSIST power_budget=4763.51 err=6.78019 s_power=2383 time_elapsed_ms=7019 p=1444.18 i=1383 d=-0 dt_per_min=nan compensation=0 budget transient=0 control target=2 excluded power budget=446.667 (PARTIAL_SYSTEM_POWER: 2126.99 mW, cdev_weight: 0.210000)
09-23 16:54:33.589 I/WifiHAL ( 1519): Creating message to get link statistics; iface = 48
09-23 16:54:33.681 I/pixel-thermal( 2330): disp_therm:34.532 raw data: disp_therm:34532 
09-23 16:54:33.682 I/pixel-thermal( 2330): north_therm:33.442 raw data: north_therm:33442 
09-23 16:54:33.682 I/pixel-thermal( 2330): cam_therm:34.154 raw data: cam_therm:34154 
09-23 16:54:33.685 I/WifiHAL ( 1519): Getting cached scan results, iface handle = 0xb400007cee0138d0
09-23 16:54:33.685 E/WifiHAL ( 1519): Creating message to get cached scan results
09-23 16:54:33.690 I/WifiHAL ( 1519): In GetCachedScanResultsCommand::handleResponse
09-23 16:54:33.690 E/libbinder.IPCThreadState( 1519): binder thread pool (1 threads) starved for 101 ms
09-23 16:54:33.712 I/WifiHAL ( 1519): CreateRequest mType = GET_FEATURE
09-23 16:54:33.898 I/bthal.activity( 1461): bt_power: LeAdvStat: 16:54:32:898 - 16:54:33:898, duration: 1000, le_adv_count: 1, total_le_adv_count: 113056, total_event_count: 2
09-23 16:54:33.996 W/HWUI    (17675): Warning: Reusing an immutable bitmap as an image decoder target.
09-23 16:54:35.331 I/bthal.activity( 1461): bt_power: LeAdvStat: 16:54:34:331 - 16:54:35:331, duration: 1000, le_adv_count: 1, total_le_adv_count: 113057, total_event_count: 1
09-23 16:54:35.760 I/CHRE    ( 1475): @ 2955580.510: [AR] IDLE => ON
09-23 16:54:35.764 I/CHRE    ( 1475): @ 2955580.520: [COLUMBUS_LITE] Unblocked: stationary vs motion
09-23 16:54:35.784 I/vendor.google.wifi_ext-service-vendor( 1519): Wifi: Setting SAR Scenario to 3
09-23 16:54:35.784 E/WifiHAL ( 1519): wifi_select_tx_power_scenario
09-23 16:54:35.964 I/CHRE    ( 1475): @ 2955580.722: [COLUMBUS_LITE] AppManager: Timeout waiting for data, resetting, latency: 345680319185
09-23 16:54:36.106 I/AiAiAdaptiveAudio(14091): Calibrating due to accelerometer.
09-23 16:54:36.107 I/AiAiAdaptiveAudio(14091): (REDACTED) Not skipping calibration: %s, %s
09-23 16:54:36.107 I/AiAiAdaptiveAudio(14091): Starting silence-detection
09-23 16:54:36.108 I/AiAiAdaptiveAudio(14091): (REDACTED) Updating calibration state: %s -> %s
09-23 16:54:36.125 I/AiAiAdaptiveAudio(14091): audio effect enabled
09-23 16:54:36.130 I/ASvc::Effect( 1458): command (0xb400007c9a468620): Visualizer Effect receive command START
09-23 16:54:36.130 I/EHal::OffloadEffect( 1458): Start (Visualizer Effect): start
09-23 16:54:36.130 I/ASvc::Effect( 1458): command (0xb400007c9a468620): Visualizer Effect current state = PROCESSING
09-23 16:54:36.130 I/EHal::OffloadEffect( 1458): SetVolumeStereo (Dynamics Processing Effect): volume VolumeStereo{left: 1.000000, right: 1.000000}
09-23 16:54:36.212 I/AiAiAdaptiveAudio(14091): (REDACTED) Starting calibration, EQ: %s
09-23 16:54:36.217 I/AiAiAdaptiveAudio(14091): (REDACTED) Start recording from audio source %d. Sampling Rate: %d
09-23 16:54:36.217 I/AiAiAdaptiveAudio(14091): Starting polling recorders.
09-23 16:54:36.217 I/AiAiAdaptiveAudio(14091): (REDACTED) Updating calibration state: %s -> %s
09-23 16:54:36.217 I/AiAiAdaptiveAudio(14091): startMonitoring
09-23 16:54:36.217 I/AiAiAdaptiveAudio(14091): already monitoring.
09-23 16:54:36.219 I/APM::Devices( 1521): setPreferredConfig, ignore, there is existing preferred configuration
09-23 16:54:36.220 I/AHal::PortRouteManager( 1458): UpdateOrAddPatch: add patch 12849, AudioPatch{id: 12849, source: [101001/101001: microphones], sink: [415393/1001: primary-capture], min frames: 960, latencies: [80]}
09-23 16:54:36.221 I/AHal::Router( 1458): InvalidateLocked: nothing change between graph #115595 and #115596
09-23 16:54:36.224 I/ASvc::StreamInSyncStates( 1458): cw-primary-capture: Command{start: Void{}} in StreamInStandbyState
09-23 16:54:36.225 I/ASvc::CommandWorker( 1458): StartStreamAndActivateRoute: try to start primary-capture, counter 5
09-23 16:54:36.225 I/AHal::Router( 1458): RequestActivateScopedLock: requesting scoped lock for 415393
09-23 16:54:36.225 I/AHal::Router( 1458): Activate: activate 415393
09-23 16:54:36.225 I/AHal::DspModeAdapter( 1458): OnEarlyNotifyRoutingGraphChange: Just return, it's the case from inactive to active.
09-23 16:54:36.225 I/AHal::Router( 1458): InvalidateLocked: new graph #115597 Edges(2):
09-23 16:54:36.225 I/AHal::Router( 1458):   [direction: 0, use case: deep-buffer-playback, id: 0, use case extras: [aec: false, ns: false], use case attributes: [active track: true][sample_rate: 48000][channel layout: AudioChannelLayout{layoutMask: 3}][format: AudioFormatDescription{type: PCM, pcm: FLOAT_32_BIT, encoding: }], device: speaker, handle: 0xb400007b9a45e0b0, device extras: [source: SYS_RESERVED_INVALID, voice call: false, st aec: false, hac: false, sr: 48000, ch: AudioChannelLayout{layoutMask: 3}, f: AudioFormatDescription{type: PCM, pcm: FLOAT_32_BIT, encoding: }, hifi: 0], config id: [u: 400002, d:100001], priority: 0000]
09-23 16:54:36.225 I/AHal::Router( 1458):   [direction: 1, use case: primary-capture, id: 0, use case extras: [aec: false, ns: false], use case attributes: [active track: true][sample_rate: 48000][channel layout: AudioChannelLayout{layoutMask: 1}][format: AudioFormatDescription{type: PCM, pcm: INT_16_BIT, encoding: }], device: microphones, handle: 0xb400007d0a452a50, device extras: [source: VOICE_RECOGNITION, voice call: false, st aec: false, hac: false, sr: 48000, ch: AudioChannelLayout{layoutMask: 1}, f: AudioFormatDescription{type: PCM, pcm: INT_16_BIT, encoding: }, hifi: 0], config id: [u: 415393, d:101001], priority: 0003]
09-23 16:54:36.225 I/AHal::Router( 1458): InvalidateLocked: ============ apply graph #115597 [Wed Sep 23 16:54:36 2026] start ============
09-23 16:54:36.225 I/AHal::Router( 1458): LogTransferring: Transferring (1):
09-23 16:54:36.225 I/AHal::Router( 1458): LogTransferring:   (null) => microphones -> primary-capture-0
09-23 16:54:36.225 I/AHal::Router( 1458): Configure: config device microphones -> primary-capture-0
09-23 16:54:36.225 I/AHal::GsCapture( 1458): UpdateTuning: update mic dynamic info: MicrophoneDynamicInfo{id: builtin_mic_1, channelMapping: [DIRECT]} 
09-23 16:54:36.225 W/AHal::GsCapture( 1458): GetInputTuningId: spatial capture is not enabled
09-23 16:54:36.225 I/AHal::AocDspModeAdapter( 1458): AddRoutes: Active Route:{{use case = deep-buffer-playback, device = speaker, source = SYS_RESERVED_INVALID, channel_count = 2}},{{use case = primary-capture, device = microphones, source = VOICE_RECOGNITION, channel_count = 1}},
09-23 16:54:36.225 I/AHal::VoiceCall( 1458): Update: set echo reference on speaker for deep-buffer-playback
09-23 16:54:36.225 I/AHal::AudioRoutePathController( 1458): ApplyPath: microphones (VOICE_RECOGNITION): true
09-23 16:54:36.226 I/AHal::AudioRoutePathController( 1458): ApplyPath: microphones -> primary-capture-0: true
09-23 16:54:36.226 I/AHal::DeviceInterface( 1458): Connect: connect microphones -> primary-capture-0
09-23 16:54:36.226 I/AHal::Router( 1458): InvalidateLocked: ============ apply graph #115597 end ============
09-23 16:54:36.226 I/ASvc::PeriodicWorker( 1458): SetLinkedConfigIds: update linked configs [101001]
09-23 16:54:36.226 I/AHal::Stream( 1458): Start: start stream primary-capture
09-23 16:54:36.229 I/ASvc::StreamIn( 1458): setMicrophoneDirection (primary-capture) : direction = UNSPECIFIED
09-23 16:54:36.229 I/AHal::SpeechEnhancer( 1458): SetDirection: microphone direction = UNSPECIFIED
09-23 16:54:36.238 I/ASvc::StreamIn( 1458): setMicrophoneFieldDimension (primary-capture) : zoom = 0
09-23 16:54:36.281 I/AHal::Stream( 1458): Start: stream primary-capture started with latency 54 ms.
09-23 16:54:36.281 I/AHal::Router( 1458): ReleaseActivatingConfigId: releasing scoped lock for 415393
09-23 16:54:36.281 I/ASvc::StreamInSyncStates( 1458): cw-primary-capture: Command{burst: 1920} in StreamInIdleState
09-23 16:54:36.281 E/AOC     ( 1710): F1:ERR: audio_capture_pdm.cc, 1787: PDM timestamps more than 3 samples out of sync
09-23 16:54:36.282 E/AOC     ( 1710): F1:ERR: audio_capture_pdm.cc, 1788: pdm_superset_mask_ = 0x7
09-23 16:54:36.282 E/AOC     ( 1710): F1:ERR: audio_capture_pdm.cc, 1789: min_timestamp = 0xf7df1500, max_timestamp = 0xf7df1508
09-23 16:54:36.492 I/AlarmManager(31664): setExactAndAllowWhileIdle [name: FcmRetry type: 2 triggerAtMillis: 2955690257]
09-23 16:54:36.513 I/fghg    (12246): (REDACTED) HDM. appOpsListener %s %s
09-23 16:54:36.513 I/fghg    (12246): (REDACTED) HDM. Ignoring irrelevant audio permission changes for package %s
09-23 16:54:36.541 I/AHal::Cs35l41Health( 1458): GetImpedances: speaker [0] impedance: 6.55068 Ohms
09-23 16:54:36.541 I/AHal::Cs35l41Health( 1458): GetImpedances: speaker [1] impedance: 6.99611 Ohms
09-23 16:54:36.541 I/AHal::Cs35l41Health( 1458): GetTemperatures: DSP1 Protection cd BDLOG_MAX_TEMP Max temp: 0x169534 ==> 90.3313 C
09-23 16:54:36.541 I/AHal::Cs35l41Health( 1458): GetTemperatures: R DSP1 Protection cd BDLOG_MAX_TEMP Max temp: 0x13e6f4 ==> 79.6086 C
09-23 16:54:36.541 I/AHal::Cs35l41Health( 1458): GetExcursions: DSP1 Protection cd BDLOG_MAX_EXC Max exc: 0x39999 ==> 0.449999 mm
09-23 16:54:36.541 I/AHal::Cs35l41Health( 1458): GetExcursions: R DSP1 Protection cd BDLOG_MAX_EXC Max exc: 0x3ffff ==> 0.499998 mm
09-23 16:54:36.541 I/AHal::Cs35l41Health( 1458): GetHeartBeats: DSP1 Protection 400a4 HALO_HEARTBEAT dsp heartbeat = 0x574432
09-23 16:54:36.541 I/AHal::Cs35l41Health( 1458): GetHeartBeats: R DSP1 Protection 400a4 HALO_HEARTBEAT dsp heartbeat = 0x574433
09-23 16:54:36.605 W/System  (11835): A resource failed to call close. 
09-23 16:54:36.640 E/ActivityThread(31664): Failed to find provider info for gmail-ofls
09-23 16:54:36.642 W/Bundle  (31664): Key name expected com.google.firebase.appindexing.internal.Thing[] but value was of a different type.  The default value <null> was returned.
09-23 16:54:36.642 W/Bundle  (31664): Attempt to cast generated internal exception:
09-23 16:54:36.642 W/Bundle  (31664): java.lang.ClassCastException: Cannot cast [Ljava.lang.String; to [Landroid.os.Parcelable;
09-23 16:54:36.642 W/Bundle  (31664): 	at java.lang.Class.cast(Class.java:4186)
09-23 16:54:36.642 W/Bundle  (31664): 	at android.os.BaseBundle.getValueAt(BaseBundle.java:437)
09-23 16:54:36.642 W/Bundle  (31664): 	at android.os.BaseBundle.getValue(BaseBundle.java:399)
09-23 16:54:36.642 W/Bundle  (31664): 	at android.os.Bundle.getParcelableArray(Bundle.java:1188)
09-23 16:54:36.642 W/Bundle  (31664): 	at mha.a(:com.google.android.gms@263436035@26.34.36 (260400-981326859):1)
09-23 16:54:36.642 W/Bundle  (31664): 	at com.google.firebase.appindexing.internal.Thing.h(:com.google.android.gms@263436035@26.34.36 (260400-981326859):5)
09-23 16:54:36.642 W/Bundle  (31664): 	at csbp.g(:com.google.android.gms@263436035@26.34.36 (260400-981326859):582)
09-23 16:54:36.642 W/Bundle  (31664): 	at csbp.g(:com.google.android.gms@263436035@26.34.36 (260400-981326859):658)
09-23 16:54:36.642 W/Bundle  (31664): 	at csbp.c(:com.google.android.gms@263436035@26.34.36 (260400-981326859):54)
09-23 16:54:36.642 W/Bundle  (31664): 	at csbi.i(:com.google.android.gms@263436035@26.34.36 (260400-981326859):8)
09-23 16:54:36.642 W/Bundle  (31664): 	at crzz.a(:com.google.android.gms@263436035@26.34.36 (260400-981326859):19)
09-23 16:54:36.642 W/Bundle  (31664): 	at csbk.f(:com.google.android.gms@263436035@26.34.36 (260400-981326859):26)
09-23 16:54:36.642 W/Bundle  (31664): 	at crzz.g(:com.google.android.gms@263436035@26.34.36 (260400-981326859):3)
09-23 16:54:36.642 W/Bundle  (31664): 	at csag.a(:com.google.android.gms@263436035@26.34.36 (260400-981326859):10)
09-23 16:54:36.642 W/Bundle  (31664): 	at csia.run(:com.google.android.gms@263436035@26.34.36 (260400-981326859):172)
09-23 16:54:36.642 W/Bundle  (31664): 	at java.util.concurrent.Executors$RunnableAdapter.call(Executors.java:520)
09-23 16:54:36.642 W/Bundle  (31664): 	at java.util.concurrent.FutureTask.run(FutureTask.java:328)
09-23 16:54:36.642 W/Bundle  (31664): 	at bpof.d(:com.google.android.gms@263436035@26.34.36 (260400-981326859):50)
09-23 16:54:36.642 W/Bundle  (31664): 	at bpof.c(:com.google.android.gms@263436035@26.34.36 (260400-981326859):28)
09-23 16:54:36.642 W/Bundle  (31664): 	at bpof.run(:com.google.android.gms@263436035@26.34.36 (260400-981326859):33)
09-23 16:54:36.642 W/Bundle  (31664): 	at java.util.concurrent.ThreadPoolExecutor.runWorker(ThreadPoolExecutor.java:1100)
09-23 16:54:36.642 W/Bundle  (31664): 	at java.util.concurrent.ThreadPoolExecutor$Worker.run(ThreadPoolExecutor.java:624)
09-23 16:54:36.642 W/Bundle  (31664): 	at bpuf.run(:com.google.android.gms@263436035@26.34.36 (260400-981326859):8)
09-23 16:54:36.642 W/Bundle  (31664): 	at java.lang.Thread.run(Thread.java:1572)
09-23 16:54:36.642 W/Bundle  (31664): Key email expected com.google.firebase.appindexing.internal.Thing[] but value was of a different type.  The default value <null> was returned.
09-23 16:54:36.642 W/Bundle  (31664): Attempt to cast generated internal exception:
09-23 16:54:36.642 W/Bundle  (31664): java.lang.ClassCastException: Cannot cast [Ljava.lang.String; to [Landroid.os.Parcelable;
09-23 16:54:36.642 W/Bundle  (31664): 	at java.lang.Class.cast(Class.java:4186)
09-23 16:54:36.642 W/Bundle  (31664): 	at android.os.BaseBundle.getValueAt(BaseBundle.java:437)
09-23 16:54:36.642 W/Bundle  (31664): 	at android.os.BaseBundle.getValue(BaseBundle.java:399)
09-23 16:54:36.642 W/Bundle  (31664): 	at android.os.Bundle.getParcelableArray(Bundle.java:1188)
09-23 16:54:36.642 W/Bundle  (31664): 	at mha.a(:com.google.android.gms@263436035@26.34.36 (260400-981326859):1)
09-23 16:54:36.642 W/Bundle  (31664): 	at com.google.firebase.appindexing.internal.Thing.h(:com.google.android.gms@263436035@26.34.36 (260400-981326859):5)
09-23 16:54:36.642 W/Bundle  (31664): 	at csbp.g(:com.google.android.gms@263436035@26.34.36 (260400-981326859):582)
09-23 16:54:36.642 W/Bundle  (31664): 	at csbp.g(:com.google.android.gms@263436035@26.34.36 (260400-981326859):658)
09-23 16:54:36.642 W/Bundle  (31664): 	at csbp.c(:com.google.android.gms@263436035@26.34.36 (260400-981326859):54)
09-23 16:54:36.642 W/Bundle  (31664): 	at csbi.i(:com.google.android.gms@263436035@26.34.36 (260400-981326859):8)
09-23 16:54:36.642 W/Bundle  (31664): 	at crzz.a(:com.google.android.gms@263436035@26.34.36 (260400-981326859):19)
09-23 16:54:36.642 W/Bundle  (31664): 	at csbk.f(:com.google.android.gms@263436035@26.34.36 (260400-981326859):26)
09-23 16:54:36.642 W/Bundle  (31664): 	at crzz.g(:com.google.android.gms@263436035@26.34.36 (260400-981326859):3)
09-23 16:54:36.642 W/Bundle  (31664): 	at csag.a(:com.google.android.gms@263436035@26.34.36 (260400-981326859):10)
09-23 16:54:36.642 W/Bundle  (31664): 	at csia.run(:com.google.android.gms@263436035@26.34.36 (260400-981326859):172)
09-23 16:54:36.642 W/Bundle  (31664): 	at java.util.concurrent.Executors$RunnableAdapter.call(Executors.java:520)
09-23 16:54:36.642 W/Bundle  (31664): 	at java.util.concurrent.FutureTask.run(FutureTask.java:328)
09-23 16:54:36.642 W/Bundle  (31664): 	at bpof.d(:com.google.android.gms@263436035@26.34.36 (260400-981326859):50)
09-23 16:54:36.642 W/Bundle  (31664): 	at bpof.c(:com.google.android.gms@263436035@26.34.36 (260400-981326859):28)
09-23 16:54:36.642 W/Bundle  (31664): 	at bpof.run(:com.google.android.gms@263436035@26.34.36 (260400-981326859):33)
09-23 16:54:36.642 W/Bundle  (31664): 	at java.util.concurrent.ThreadPoolExecutor.runWorker(ThreadPoolExecutor.java:1100)
09-23 16:54:36.642 W/Bundle  (31664): 	at java.util.concurrent.ThreadPoolExecutor$Worker.run(ThreadPoolExecutor.java:624)
09-23 16:54:36.642 W/Bundle  (31664): 	at bpuf.run(:com.google.android.gms@263436035@26.34.36 (260400-981326859):8)
09-23 16:54:36.642 W/Bundle  (31664): 	at java.lang.Thread.run(Thread.java:1572)
09-23 16:54:36.643 W/Bundle  (31664): Key id expected com.google.firebase.appindexing.internal.Thing[] but value was of a different type.  The default value <null> was returned.
09-23 16:54:36.643 W/Bundle  (31664): Attempt to cast generated internal exception:
09-23 16:54:36.643 W/Bundle  (31664): java.lang.ClassCastException: Cannot cast [Ljava.lang.String; to [Landroid.os.Parcelable;
09-23 16:54:36.643 W/Bundle  (31664): 	at java.lang.Class.cast(Class.java:4186)
09-23 16:54:36.643 W/Bundle  (31664): 	at android.os.BaseBundle.getValueAt(BaseBundle.java:437)
09-23 16:54:36.643 W/Bundle  (31664): 	at android.os.BaseBundle.getValue(BaseBundle.java:399)
09-23 16:54:36.643 W/Bundle  (31664): 	at android.os.Bundle.getParcelableArray(Bundle.java:1188)
09-23 16:54:36.643 W/Bundle  (31664): 	at mha.a(:com.google.android.gms@263436035@26.34.36 (260400-981326859):1)
09-23 16:54:36.643 W/Bundle  (31664): 	at com.google.firebase.appindexing.internal.Thing.h(:com.google.android.gms@263436035@26.34.36 (260400-981326859):5)
09-23 16:54:36.643 W/Bundle  (31664): 	at csbp.g(:com.google.android.gms@263436035@26.34.36 (260400-981326859):582)
09-23 16:54:36.643 W/Bundle  (31664): 	at csbp.g(:com.google.android.gms@263436035@26.34.36 (260400-981326859):658)
09-23 16:54:36.643 W/Bundle  (31664): 	at csbp.c(:com.google.android.gms@263436035@26.34.36 (260400-981326859):54)
09-23 16:54:36.643 W/Bundle  (31664): 	at csbi.i(:com.google.android.gms@263436035@26.34.36 (260400-981326859):8)
09-23 16:54:36.643 W/Bundle  (31664): 	at crzz.a(:com.google.android.gms@263436035@26.34.36 (260400-981326859):19)
09-23 16:54:36.643 W/Bundle  (31664): 	at csbk.f(:com.google.android.gms@263436035@26.34.36 (260400-981326859):26)
09-23 16:54:36.643 W/Bundle  (31664): 	at crzz.g(:com.google.android.gms@263436035@26.34.36 (260400-981326859):3)
09-23 16:54:36.643 W/Bundle  (31664): 	at csag.a(:com.google.android.gms@263436035@26.34.36 (260400-981326859):10)
09-23 16:54:36.643 W/Bundle  (31664): 	at csia.run(:com.google.android.gms@263436035@26.34.36 (260400-981326859):172)
09-23 16:54:36.643 W/Bundle  (31664): 	at java.util.concurrent.Executors$RunnableAdapter.call(Executors.java:520)
09-23 16:54:36.643 W/Bundle  (31664): 	at java.util.concurrent.FutureTask.run(FutureTask.java:328)
09-23 16:54:36.643 W/Bundle  (31664): 	at bpof.d(:com.google.android.gms@263436035@26.34.36 (260400-981326859):50)
09-23 16:54:36.643 W/Bundle  (31664): 	at bpof.c(:com.google.android.gms@263436035@26.34.36 (260400-981326859):28)
09-23 16:54:36.643 W/Bundle  (31664): 	at bpof.run(:com.google.android.gms@263436035@26.34.36 (260400-981326859):33)
09-23 16:54:36.643 W/Bundle  (31664): 	at java.util.concurrent.ThreadPoolExecutor.runWorker(ThreadPoolExecutor.java:1100)
09-23 16:54:36.643 W/Bundle  (31664): 	at java.util.concurrent.ThreadPoolExecutor$Worker.run(ThreadPoolExecutor.java:624)
09-23 16:54:36.643 W/Bundle  (31664): 	at bpuf.run(:com.google.android.gms@263436035@26.34.36 (260400-981326859):8)
09-23 16:54:36.643 W/Bundle  (31664): 	at java.lang.Thread.run(Thread.java:1572)
09-23 16:54:36.643 W/Bundle  (31664): Key name expected com.google.firebase.appindexing.internal.Thing[] but value was of a different type.  The default value <null> was returned.
09-23 16:54:36.643 W/Bundle  (31664): Attempt to cast generated internal exception:
09-23 16:54:36.643 W/Bundle  (31664): java.lang.ClassCastException: Cannot cast [Ljava.lang.String; to [Landroid.os.Parcelable;
09-23 16:54:36.643 W/Bundle  (31664): 	at java.lang.Class.cast(Class.java:4186)
09-23 16:54:36.643 W/Bundle  (31664): 	at android.os.BaseBundle.getValueAt(BaseBundle.java:437)
09-23 16:54:36.643 W/Bundle  (31664): 	at android.os.BaseBundle.getValue(BaseBundle.java:399)
09-23 16:54:36.643 W/Bundle  (31664): 	at android.os.Bundle.getParcelableArray(Bundle.java:1188)
09-23 16:54:36.643 W/Bundle  (31664): 	at mha.a(:com.google.android.gms@263436035@26.34.36 (260400-981326859):1)
09-23 16:54:36.643 W/Bundle  (31664): 	at com.google.firebase.appindexing.internal.Thing.h(:com.google.android.gms@263436035@26.34.36 (260400-981326859):5)
09-23 16:54:36.643 W/Bundle  (31664): 	at csbp.g(:com.google.android.gms@263436035@26.34.36 (260400-981326859):582)
09-23 16:54:36.643 W/Bundle  (31664): 	at csbp.c(:com.google.android.gms@263436035@26.34.36 (260400-981326859):54)
09-23 16:54:36.643 W/Bundle  (31664): 	at csbi.i(:com.google.android.gms@263436035@26.34.36 (260400-981326859):8)
09-23 16:54:36.643 W/Bundle  (31664): 	at crzz.a(:com.google.android.gms@263436035@26.34.36 (260400-981326859):19)
09-23 16:54:36.643 W/Bundle  (31664): 	at csbk.f(:com.google.android.gms@263436035@26.34.36 (260400-981326859):26)
09-23 16:54:36.643 W/Bundle  (31664): 	at crzz.g(:com.google.android.gms@263436035@26.34.36 (260400-981326859):3)
09-23 16:54:36.643 W/Bundle  (31664): 	at csag.a(:com.google.android.gms@263436035@26.34.36 (260400-981326859):10)
09-23 16:54:36.643 W/Bundle  (31664): 	at csia.run(:com.google.android.gms@263436035@26.34.36 (260400-981326859):172)
09-23 16:54:36.643 W/Bundle  (31664): 	at java.util.concurrent.Executors$RunnableAdapter.call(Executors.java:520)
09-23 16:54:36.643 W/Bundle  (31664): 	at java.util.concurrent.FutureTask.run(FutureTask.java:328)
09-23 16:54:36.643 W/Bundle  (31664): 	at bpof.d(:com.google.android.gms@263436035@26.34.36 (260400-981326859):50)
09-23 16:54:36.643 W/Bundle  (31664): 	at bpof.c(:com.google.android.gms@263436035@26.34.36 (260400-981326859):28)
09-23 16:54:36.643 W/Bundle  (31664): 	at bpof.run(:com.google.android.gms@263436035@26.34.36 (260400-981326859):33)
09-23 16:54:36.643 W/Bundle  (31664): 	at java.util.concurrent.ThreadPoolExecutor.runWorker(ThreadPoolExecutor.java:1100)
09-23 16:54:36.643 W/Bundle  (31664): 	at java.util.concurrent.ThreadPoolExecutor$Worker.run(ThreadPoolExecutor.java:624)
09-23 16:54:36.643 W/Bundle  (31664): 	at bpuf.run(:com.google.android.gms@263436035@26.34.36 (260400-981326859):8)
09-23 16:54:36.643 W/Bundle  (31664): 	at java.lang.Thread.run(Thread.java:1572)
09-23 16:54:36.643 W/Bundle  (31664): Key text expected com.google.firebase.appindexing.internal.Thing[] but value was of a different type.  The default value <null> was returned.
09-23 16:54:36.643 W/Bundle  (31664): Attempt to cast generated internal exception:
09-23 16:54:36.643 W/Bundle  (31664): java.lang.ClassCastException: Cannot cast [Ljava.lang.String; to [Landroid.os.Parcelable;
09-23 16:54:36.643 W/Bundle  (31664): 	at java.lang.Class.cast(Class.java:4186)
09-23 16:54:36.643 W/Bundle  (31664): 	at android.os.BaseBundle.getValueAt(BaseBundle.java:437)
09-23 16:54:36.643 W/Bundle  (31664): 	at android.os.BaseBundle.getValue(BaseBundle.java:399)
09-23 16:54:36.643 W/Bundle  (31664): 	at android.os.Bundle.getParcelableArray(Bundle.java:1188)
09-23 16:54:36.643 W/Bundle  (31664): 	at mha.a(:com.google.android.gms@263436035@26.34.36 (260400-981326859):1)
09-23 16:54:36.643 W/Bundle  (31664): 	at com.google.firebase.appindexing.internal.Thing.h(:com.google.android.gms@263436035@26.34.36 (260400-981326859):5)
09-23 16:54:36.643 W/Bundle  (31664): 	at csbp.g(:com.google.android.gms@263436035@26.34.36 (260400-981326859):582)
09-23 16:54:36.643 W/Bundle  (31664): 	at csbp.c(:com.google.android.gms@263436035@26.34.36 (260400-981326859):54)
09-23 16:54:36.643 W/Bundle  (31664): 	at csbi.i(:com.google.android.gms@263436035@26.34.36 (260400-981326859):8)
09-23 16:54:36.643 W/Bundle  (31664): 	at crzz.a(:com.google.android.gms@263436035@26.34.36 (260400-981326859):19)
09-23 16:54:36.643 W/Bundle  (31664): 	at csbk.f(:com.google.android.gms@263436035@26.34.36 (260400-981326859):26)
09-23 16:54:36.643 W/Bundle  (31664): 	at crzz.g(:com.google.android.gms@263436035@26.34.36 (260400-981326859):3)
09-23 16:54:36.643 W/Bundle  (31664): 	at csag.a(:com.google.android.gms@263436035@26.34.36 (260400-981326859):10)
09-23 16:54:36.643 W/Bundle  (31664): 	at csia.run(:com.google.android.gms@263436035@26.34.36 (260400-981326859):172)
09-23 16:54:36.643 W/Bundle  (31664): 	at java.util.concurrent.Executors$RunnableAdapter.call(Executors.java:520)
09-23 16:54:36.643 W/Bundle  (31664): 	at java.util.concurrent.FutureTask.run(FutureTask.java:328)
09-23 16:54:36.643 W/Bundle  (31664): 	at bpof.d(:com.google.android.gms@263436035@26.34.36 (260400-981326859):50)
09-23 16:54:36.643 W/Bundle  (31664): 	at bpof.c(:com.google.android.gms@263436035@26.34.36 (260400-981326859):28)
09-23 16:54:36.643 W/Bundle  (31664): 	at bpof.run(:com.google.android.gms@263436035@26.34.36 (260400-981326859):33)
09-23 16:54:36.643 W/Bundle  (31664): 	at java.util.concurrent.ThreadPoolExecutor.runWorker(ThreadPoolExecutor.java:1100)
09-23 16:54:36.643 W/Bundle  (31664): 	at java.util.concurrent.ThreadPoolExecutor$Worker.run(ThreadPoolExecutor.java:624)
09-23 16:54:36.643 W/Bundle  (31664): 	at bpuf.run(:com.google.android.gms@263436035@26.34.36 (260400-981326859):8)
09-23 16:54:36.643 W/Bundle  (31664): 	at java.lang.Thread.run(Thread.java:1572)
09-23 16:54:36.643 W/Bundle  (31664): Key keywords expected com.google.firebase.appindexing.internal.Thing[] but value was of a different type.  The default value <null> was returned.
09-23 16:54:36.643 W/Bundle  (31664): Attempt to cast generated internal exception:
09-23 16:54:36.643 W/Bundle  (31664): java.lang.ClassCastException: Cannot cast [Ljava.lang.String; to [Landroid.os.Parcelable;
09-23 16:54:36.643 W/Bundle  (31664): 	at java.lang.Class.cast(Class.java:4186)
09-23 16:54:36.643 W/Bundle  (31664): 	at android.os.BaseBundle.getValueAt(BaseBundle.java:437)
09-23 16:54:36.643 W/Bundle  (31664): 	at android.os.BaseBundle.getValue(BaseBundle.java:399)
09-23 16:54:36.643 W/Bundle  (31664): 	at android.os.Bundle.getParcelableArray(Bundle.java:1188)
09-23 16:54:36.643 W/Bundle  (31664): 	at mha.a(:com.google.android.gms@263436035@26.34.36 (260400-981326859):1)
09-23 16:54:36.643 W/Bundle  (31664): 	at com.google.firebase.appindexing.internal.Thing.h(:com.google.android.gms@263436035@26.34.36 (260400-981326859):5)
09-23 16:54:36.643 W/Bundle  (31664): 	at csbp.g(:com.google.android.gms@263436035@26.34.36 (260400-981326859):582)
09-23 16:54:36.643 W/Bundle  (31664): 	at csbp.c(:com.google.android.gms@263436035@26.34.36 (260400-981326859):54)
09-23 16:54:36.643 W/Bundle  (31664): 	at csbi.i(:com.google.android.gms@263436035@26.34.36 (260400-981326859):8)
09-23 16:54:36.643 W/Bundle  (31664): 	at crzz.a(:com.google.android.gms@263436035@26.34.36 (260400-981326859):19)
09-23 16:54:36.643 W/Bundle  (31664): 	at csbk.f(:com.google.android.gms@263436035@26.34.36 (260400-981326859):26)
09-23 16:54:36.643 W/Bundle  (31664): 	at crzz.g(:com.google.android.gms@263436035@26.34.36 (260400-981326859):3)
09-23 16:54:36.643 W/Bundle  (31664): 	at csag.a(:com.google.android.gms@263436035@26.34.36 (260400-981326859):10)
09-23 16:54:36.643 W/Bundle  (31664): 	at csia.run(:com.google.android.gms@263436035@26.34.36 (260400-981326859):172)
09-23 16:54:36.643 W/Bundle  (31664): 	at java.util.concurrent.Executors$RunnableAdapter.call(Executors.java:520)
09-23 16:54:36.643 W/Bundle  (31664): 	at java.util.concurrent.FutureTask.run(FutureTask.java:328)
09-23 16:54:36.643 W/Bundle  (31664): 	at bpof.d(:com.google.android.gms@263436035@26.34.36 (260400-981326859):50)
09-23 16:54:36.643 W/Bundle  (31664): 	at bpof.c(:com.google.android.gms@263436035@26.34.36 (260400-981326859):28)
09-23 16:54:36.643 W/Bundle  (31664): 	at bpof.run(:com.google.android.gms@263436035@26.34.36 (260400-981326859):33)
09-23 16:54:36.643 W/Bundle  (31664): 	at java.util.concurrent.ThreadPoolExecutor.runWorker(ThreadPoolExecutor.java:1100)
09-23 16:54:36.643 W/Bundle  (31664): 	at java.util.concurrent.ThreadPoolExecutor$Worker.run(ThreadPoolExecutor.java:624)
09-23 16:54:36.643 W/Bundle  (31664): 	at bpuf.run(:com.google.android.gms@263436035@26.34.36 (260400-981326859):8)
09-23 16:54:36.643 W/Bundle  (31664): 	at java.lang.Thread.run(Thread.java:1572)
09-23 16:54:36.643 W/Bundle  (31664): Key name expected com.google.firebase.appindexing.internal.Thing[] but value was of a different type.  The default value <null> was returned.
09-23 16:54:36.644 W/Bundle  (31664): Attempt to cast generated internal exception:
09-23 16:54:36.644 W/Bundle  (31664): java.lang.ClassCastException: Cannot cast [Ljava.lang.String; to [Landroid.os.Parcelable;
09-23 16:54:36.644 W/Bundle  (31664): 	at java.lang.Class.cast(Class.java:4186)
09-23 16:54:36.644 W/Bundle  (31664): 	at android.os.BaseBundle.getValueAt(BaseBundle.java:437)
09-23 16:54:36.644 W/Bundle  (31664): 	at android.os.BaseBundle.getValue(BaseBundle.java:399)
09-23 16:54:36.644 W/Bundle  (31664): 	at android.os.Bundle.getParcelableArray(Bundle.java:1188)
09-23 16:54:36.644 W/Bundle  (31664): 	at mha.a(:com.google.android.gms@263436035@26.34.36 (260400-981326859):1)
09-23 16:54:36.644 W/Bundle  (31664): 	at com.google.firebase.appindexing.internal.Thing.h(:com.google.android.gms@263436035@26.34.36 (260400-981326859):5)
09-23 16:54:36.644 W/Bundle  (31664): 	at csbp.g(:com.google.android.gms@263436035@26.34.36 (260400-981326859):582)
09-23 16:54:36.644 W/Bundle  (31664): 	at csbp.g(:com.google.android.gms@263436035@26.34.36 (260400-981326859):658)
09-23 16:54:36.644 W/Bundle  (31664): 	at csbp.c(:com.google.android.gms@263436035@26.34.36 (260400-981326859):54)
09-23 16:54:36.644 W/Bundle  (31664): 	at csbi.i(:com.google.android.gms@263436035@26.34.36 (260400-981326859):8)
09-23 16:54:36.644 W/Bundle  (31664): 	at crzz.a(:com.google.android.gms@263436035@26.34.36 (260400-981326859):19)
09-23 16:54:36.644 W/Bundle  (31664): 	at csbk.f(:com.google.android.gms@263436035@26.34.36 (260400-981326859):26)
09-23 16:54:36.644 W/Bundle  (31664): 	at crzz.g(:com.google.android.gms@263436035@26.34.36 (260400-981326859):3)
09-23 16:54:36.644 W/Bundle  (31664): 	at csag.a(:com.google.android.gms@263436035@26.34.36 (260400-981326859):10)
09-23 16:54:36.644 W/Bundle  (31664): 	at csia.run(:com.google.android.gms@263436035@26.34.36 (260400-981326859):172)
09-23 16:54:36.644 W/Bundle  (31664): 	at java.util.concurrent.Executors$RunnableAdapter.call(Executors.java:520)
09-23 16:54:36.644 W/Bundle  (31664): 	at java.util.concurrent.FutureTask.run(FutureTask.java:328)
09-23 16:54:36.644 W/Bundle  (31664): 	at bpof.d(:com.google.android.gms@263436035@26.34.36 (260400-981326859):50)
09-23 16:54:36.644 W/Bundle  (31664): 	at bpof.c(:com.google.android.gms@263436035@26.34.36 (260400-981326859):28)
09-23 16:54:36.644 W/Bundle  (31664): 	at bpof.run(:com.google.android.gms@263436035@26.34.36 (260400-981326859):33)
09-23 16:54:36.644 W/Bundle  (31664): 	at java.util.concurrent.ThreadPoolExecutor.runWorker(ThreadPoolExecutor.java:1100)
09-23 16:54:36.644 W/Bundle  (31664): 	at java.util.concurrent.ThreadPoolExecutor$Worker.run(ThreadPoolExecutor.java:624)
09-23 16:54:36.644 W/Bundle  (31664): 	at bpuf.run(:com.google.android.gms@263436035@26.34.36 (260400-981326859):8)
09-23 16:54:36.644 W/Bundle  (31664): 	at java.lang.Thread.run(Thread.java:1572)
09-23 16:54:36.644 W/Bundle  (31664): Key email expected com.google.firebase.appindexing.internal.Thing[] but value was of a different type.  The default value <null> was returned.
09-23 16:54:36.644 W/Bundle  (31664): Attempt to cast generated internal exception:
09-23 16:54:36.644 W/Bundle  (31664): java.lang.ClassCastException: Cannot cast [Ljava.lang.String; to [Landroid.os.Parcelable;
09-23 16:54:36.644 W/Bundle  (31664): 	at java.lang.Class.cast(Class.java:4186)
09-23 16:54:36.644 W/Bundle  (31664): 	at android.os.BaseBundle.getValueAt(BaseBundle.java:437)
09-23 16:54:36.644 W/Bundle  (31664): 	at android.os.BaseBundle.getValue(BaseBundle.java:399)
09-23 16:54:36.644 W/Bundle  (31664): 	at android.os.Bundle.getParcelableArray(Bundle.java:1188)
09-23 16:54:36.644 W/Bundle  (31664): 	at mha.a(:com.google.android.gms@263436035@26.34.36 (260400-981326859):1)
09-23 16:54:36.644 W/Bundle  (31664): 	at com.google.firebase.appindexing.internal.Thing.h(:com.google.android.gms@263436035@26.34.36 (260400-981326859):5)
09-23 16:54:36.644 W/Bundle  (31664): 	at csbp.g(:com.google.android.gms@263436035@26.34.36 (260400-981326859):582)
09-23 16:54:36.644 W/Bundle  (31664): 	at csbp.g(:com.google.android.gms@263436035@26.34.36 (260400-981326859):658)
09-23 16:54:36.644 W/Bundle  (31664): 	at csbp.c(:com.google.android.gms@263436035@26.34.36 (260400-981326859):54)
09-23 16:54:36.644 W/Bundle  (31664): 	at csbi.i(:com.google.android.gms@263436035@26.34.36 (260400-981326859):8)
09-23 16:54:36.644 W/Bundle  (31664): 	at crzz.a(:com.google.android.gms@263436035@26.34.36 (260400-981326859):19)
09-23 16:54:36.644 W/Bundle  (31664): 	at csbk.f(:com.google.android.gms@263436035@26.34.36 (260400-981326859):26)
09-23 16:54:36.644 W/Bundle  (31664): 	at crzz.g(:com.google.android.gms@263436035@26.34.36 (260400-981326859):3)
09-23 16:54:36.644 W/Bundle  (31664): 	at csag.a(:com.google.android.gms@263436035@26.34.36 (260400-981326859):10)
09-23 16:54:36.644 W/Bundle  (31664): 	at csia.run(:com.google.android.gms@263436035@26.34.36 (260400-981326859):172)
09-23 16:54:36.644 W/Bundle  (31664): 	at java.util.concurrent.Executors$RunnableAdapter.call(Executors.java:520)
09-23 16:54:36.644 W/Bundle  (31664): 	at java.util.concurrent.FutureTask.run(FutureTask.java:328)
09-23 16:54:36.644 W/Bundle  (31664): 	at bpof.d(:com.google.android.gms@263436035@26.34.36 (260400-981326859):50)
09-23 16:54:36.644 W/Bundle  (31664): 	at bpof.c(:com.google.android.gms@263436035@26.34.36 (260400-981326859):28)
09-23 16:54:36.644 W/Bundle  (31664): 	at bpof.run(:com.google.android.gms@263436035@26.34.36 (260400-981326859):33)
09-23 16:54:36.644 W/Bundle  (31664): 	at java.util.concurrent.ThreadPoolExecutor.runWorker(ThreadPoolExecutor.java:1100)
09-23 16:54:36.644 W/Bundle  (31664): 	at java.util.concurrent.ThreadPoolExecutor$Worker.run(ThreadPoolExecutor.java:624)
09-23 16:54:36.644 W/Bundle  (31664): 	at bpuf.run(:com.google.android.gms@263436035@26.34.36 (260400-981326859):8)
09-23 16:54:36.644 W/Bundle  (31664): 	at java.lang.Thread.run(Thread.java:1572)
09-23 16:54:36.644 W/Bundle  (31664): Key dateReceived expected com.google.firebase.appindexing.internal.Thing[] but value was of a different type.  The default value <null> was returned.
09-23 16:54:36.644 W/Bundle  (31664): Attempt to cast generated internal exception:
09-23 16:54:36.644 W/Bundle  (31664): java.lang.ClassCastException: Cannot cast [J to [Landroid.os.Parcelable;
09-23 16:54:36.644 W/Bundle  (31664): 	at java.lang.Class.cast(Class.java:4186)
09-23 16:54:36.644 W/Bundle  (31664): 	at android.os.BaseBundle.getValueAt(BaseBundle.java:437)
09-23 16:54:36.644 W/Bundle  (31664): 	at android.os.BaseBundle.getValue(BaseBundle.java:399)
09-23 16:54:36.644 W/Bundle  (31664): 	at android.os.Bundle.getParcelableArray(Bundle.java:1188)
09-23 16:54:36.644 W/Bundle  (31664): 	at mha.a(:com.google.android.gms@263436035@26.34.36 (260400-981326859):1)
09-23 16:54:36.644 W/Bundle  (31664): 	at com.google.firebase.appindexing.internal.Thing.h(:com.google.android.gms@263436035@26.34.36 (260400-981326859):5)
09-23 16:54:36.644 W/Bundle  (31664): 	at csbp.g(:com.google.android.gms@263436035@26.34.36 (260400-981326859):582)
09-23 16:54:36.644 W/Bundle  (31664): 	at csbp.c(:com.google.android.gms@263436035@26.34.36 (260400-981326859):54)
09-23 16:54:36.644 W/Bundle  (31664): 	at csbi.i(:com.google.android.gms@263436035@26.34.36 (260400-981326859):8)
09-23 16:54:36.644 W/Bundle  (31664): 	at crzz.a(:com.google.android.gms@263436035@26.34.36 (260400-981326859):19)
09-23 16:54:36.644 W/Bundle  (31664): 	at csbk.f(:com.google.android.gms@263436035@26.34.36 (260400-981326859):26)
09-23 16:54:36.644 W/Bundle  (31664): 	at crzz.g(:com.google.android.gms@263436035@26.34.36 (260400-981326859):3)
09-23 16:54:36.644 W/Bundle  (31664): 	at csag.a(:com.google.android.gms@263436035@26.34.36 (260400-981326859):10)
09-23 16:54:36.644 W/Bundle  (31664): 	at csia.run(:com.google.android.gms@263436035@26.34.36 (260400-981326859):172)
09-23 16:54:36.644 W/Bundle  (31664): 	at java.util.concurrent.Executors$RunnableAdapter.call(Executors.java:520)
09-23 16:54:36.644 W/Bundle  (31664): 	at java.util.concurrent.FutureTask.run(FutureTask.java:328)
09-23 16:54:36.644 W/Bundle  (31664): 	at bpof.d(:com.google.android.gms@263436035@26.34.36 (260400-981326859):50)
09-23 16:54:36.644 W/Bundle  (31664): 	at bpof.c(:com.google.android.gms@263436035@26.34.36 (260400-981326859):28)
09-23 16:54:36.644 W/Bundle  (31664): 	at bpof.run(:com.google.android.gms@263436035@26.34.36 (260400-981326859):33)
09-23 16:54:36.644 W/Bundle  (31664): 	at java.util.concurrent.ThreadPoolExecutor.runWorker(ThreadPoolExecutor.java:1100)
09-23 16:54:36.644 W/Bundle  (31664): 	at java.util.concurrent.ThreadPoolExecutor$Worker.run(ThreadPoolExecutor.java:624)
09-23 16:54:36.644 W/Bundle  (31664): 	at bpuf.run(:com.google.android.gms@263436035@26.34.36 (260400-981326859):8)
09-23 16:54:36.644 W/Bundle  (31664): 	at java.lang.Thread.run(Thread.java:1572)
09-23 16:54:36.666 W/ActivityManager( 1948): Skipping manifest association check for null package. SourceUid: 10147, SourcePkg: null, TargetUid: 10147, TargetPkg: com.google.android.gms
09-23 16:54:36.715 I/WifiHAL ( 1519): Creating message to get link statistics; iface = 48
09-23 16:54:36.741 I/AiAiAdaptiveAudio(14091): (REDACTED) Mic avg: %s
09-23 16:54:36.741 I/AiAiAdaptiveAudio(14091): Pb avg: %s
09-23 16:54:36.741 I/AiAiAdaptiveAudio(14091): EQ: %s
09-23 16:54:36.753 I/WifiHAL ( 1519): Getting cached scan results, iface handle = 0xb400007cee0138d0
09-23 16:54:36.753 E/WifiHAL ( 1519): Creating message to get cached scan results
09-23 16:54:36.757 I/WifiHAL ( 1519): In GetCachedScanResultsCommand::handleResponse
09-23 16:54:36.780 I/WifiHAL ( 1519): CreateRequest mType = GET_FEATURE
09-23 16:54:37.215 W/AppOps  ( 1948): Noting op not finished: uid 1000 pkg android code 169 startTime of in progress event=1789164585347
09-23 16:54:37.358 I/pixel-thermal( 2330): VIRTUAL-SKIN:34.3216 raw data: VIRTUAL-SKIN:34321.6 VIRTUAL-SKIN-SUB-0:34124.4 VIRTUAL-SKIN-SUB-1:31771 VIRTUAL-SKIN-SUB-10:33570.6 VIRTUAL-SKIN-SUB-2:32368.4 VIRTUAL-SKIN-SUB-3:32627.9 VIRTUAL-SKIN-SUB-4:33101.7 VIRTUAL-SKIN-SUB-5:33415.8 VIRTUAL-SKIN-SUB-6:31878.7 VIRTUAL-SKIN-SUB-7:33855.3 VIRTUAL-SKIN-SUB-8:34219.8 VIRTUAL-SKIN-SUB-9:34321.6 battery:34300 cam_therm:34154 charge_therm:37693 disp_therm:34532 neutral_therm:35356 north_therm:33442 quiet_therm:35512 soc_therm:38406 usb_pwr_therm:34666 
09-23 16:54:37.613 I/fghg    (12246): (REDACTED) HDM. appOpsListener %s %s
09-23 16:54:37.613 I/fghg    (12246): (REDACTED) HDM. Ignoring irrelevant audio permission changes for package %s
09-23 16:54:37.734 I/AiAiAdaptiveAudio(14091): (REDACTED) Mic avg: %s
09-23 16:54:37.734 I/AiAiAdaptiveAudio(14091): Pb avg: %s
09-23 16:54:37.734 I/AiAiAdaptiveAudio(14091): EQ: %s
09-23 16:54:37.752 E/ActivityThread(31664): Failed to find provider info for gmail-ofls
09-23 16:54:37.753 W/Bundle  (31664): Key name expected com.google.firebase.appindexing.internal.Thing[] but value was of a different type.  The default value <null> was returned.
09-23 16:54:37.753 W/Bundle  (31664): Attempt to cast generated internal exception:
09-23 16:54:37.753 W/Bundle  (31664): java.lang.ClassCastException: Cannot cast [Ljava.lang.String; to [Landroid.os.Parcelable;
09-23 16:54:37.753 W/Bundle  (31664): 	at java.lang.Class.cast(Class.java:4186)
09-23 16:54:37.753 W/Bundle  (31664): 	at android.os.BaseBundle.getValueAt(BaseBundle.java:437)
09-23 16:54:37.753 W/Bundle  (31664): 	at android.os.BaseBundle.getValue(BaseBundle.java:399)
09-23 16:54:37.753 W/Bundle  (31664): 	at android.os.Bundle.getParcelableArray(Bundle.java:1188)
09-23 16:54:37.753 W/Bundle  (31664): 	at mha.a(:com.google.android.gms@263436035@26.34.36 (260400-981326859):1)
09-23 16:54:37.753 W/Bundle  (31664): 	at com.google.firebase.appindexing.internal.Thing.h(:com.google.android.gms@263436035@26.34.36 (260400-981326859):5)
09-23 16:54:37.753 W/Bundle  (31664): 	at csbp.g(:com.google.android.gms@263436035@26.34.36 (260400-981326859):582)
09-23 16:54:37.753 W/Bundle  (31664): 	at csbp.g(:com.google.android.gms@263436035@26.34.36 (260400-981326859):658)
09-23 16:54:37.753 W/Bundle  (31664): 	at csbp.c(:com.google.android.gms@263436035@26.34.36 (260400-981326859):54)
09-23 16:54:37.753 W/Bundle  (31664): 	at csbi.i(:com.google.android.gms@263436035@26.34.36 (260400-981326859):8)
09-23 16:54:37.753 W/Bundle  (31664): 	at crzz.a(:com.google.android.gms@263436035@26.34.36 (260400-981326859):19)
09-23 16:54:37.753 W/Bundle  (31664): 	at csbk.f(:com.google.android.gms@263436035@26.34.36 (260400-981326859):26)
09-23 16:54:37.753 W/Bundle  (31664): 	at crzz.g(:com.google.android.gms@263436035@26.34.36 (260400-981326859):3)
09-23 16:54:37.753 W/Bundle  (31664): 	at csag.a(:com.google.android.gms@263436035@26.34.36 (260400-981326859):10)
09-23 16:54:37.753 W/Bundle  (31664): 	at csia.run(:com.google.android.gms@263436035@26.34.36 (260400-981326859):172)
09-23 16:54:37.753 W/Bundle  (31664): 	at java.util.concurrent.Executors$RunnableAdapter.call(Executors.java:520)
09-23 16:54:37.753 W/Bundle  (31664): 	at java.util.concurrent.FutureTask.run(FutureTask.java:328)
09-23 16:54:37.753 W/Bundle  (31664): 	at bpof.d(:com.google.android.gms@263436035@26.34.36 (260400-981326859):50)
09-23 16:54:37.753 W/Bundle  (31664): 	at bpof.c(:com.google.android.gms@263436035@26.34.36 (260400-981326859):6)
09-23 16:54:37.753 W/Bundle  (31664): 	at bpof.run(:com.google.android.gms@263436035@26.34.36 (260400-981326859):33)
09-23 16:54:37.753 W/Bundle  (31664): 	at java.util.concurrent.ThreadPoolExecutor.runWorker(ThreadPoolExecutor.java:1100)
09-23 16:54:37.753 W/Bundle  (31664): 	at java.util.concurrent.ThreadPoolExecutor$Worker.run(ThreadPoolExecutor.java:624)
09-23 16:54:37.753 W/Bundle  (31664): 	at bpuf.run(:com.google.android.gms@263436035@26.34.36 (260400-981326859):8)
09-23 16:54:37.753 W/Bundle  (31664): 	at java.lang.Thread.run(Thread.java:1572)
09-23 16:54:37.753 W/Bundle  (31664): Key email expected com.google.firebase.appindexing.internal.Thing[] but value was of a different type.  The default value <null> was returned.
09-23 16:54:37.753 W/Bundle  (31664): Attempt to cast generated internal exception:
09-23 16:54:37.753 W/Bundle  (31664): java.lang.ClassCastException: Cannot cast [Ljava.lang.String; to [Landroid.os.Parcelable;
09-23 16:54:37.753 W/Bundle  (31664): 	at java.lang.Class.cast(Class.java:4186)
09-23 16:54:37.753 W/Bundle  (31664): 	at android.os.BaseBundle.getValueAt(BaseBundle.java:437)
09-23 16:54:37.753 W/Bundle  (31664): 	at android.os.BaseBundle.getValue(BaseBundle.java:399)
09-23 16:54:37.753 W/Bundle  (31664): 	at android.os.Bundle.getParcelableArray(Bundle.java:1188)
09-23 16:54:37.753 W/Bundle  (31664): 	at mha.a(:com.google.android.gms@263436035@26.34.36 (260400-981326859):1)
09-23 16:54:37.753 W/Bundle  (31664): 	at com.google.firebase.appindexing.internal.Thing.h(:com.google.android.gms@263436035@26.34.36 (260400-981326859):5)
09-23 16:54:37.753 W/Bundle  (31664): 	at csbp.g(:com.google.android.gms@263436035@26.34.36 (260400-981326859):582)
09-23 16:54:37.753 W/Bundle  (31664): 	at csbp.g(:com.google.android.gms@263436035@26.34.36 (260400-981326859):658)
09-23 16:54:37.753 W/Bundle  (31664): 	at csbp.c(:com.google.android.gms@263436035@26.34.36 (260400-981326859):54)
09-23 16:54:37.753 W/Bundle  (31664): 	at csbi.i(:com.google.android.gms@263436035@26.34.36 (260400-981326859):8)
09-23 16:54:37.753 W/Bundle  (31664): 	at crzz.a(:com.google.android.gms@263436035@26.34.36 (260400-981326859):19)
09-23 16:54:37.753 W/Bundle  (31664): 	at csbk.f(:com.google.android.gms@263436035@26.34.36 (260400-981326859):26)
09-23 16:54:37.753 W/Bundle  (31664): 	at crzz.g(:com.google.android.gms@263436035@26.34.36 (260400-981326859):3)
09-23 16:54:37.753 W/Bundle  (31664): 	at csag.a(:com.google.android.gms@263436035@26.34.36 (260400-981326859):10)
09-23 16:54:37.753 W/Bundle  (31664): 	at csia.run(:com.google.android.gms@263436035@26.34.36 (260400-981326859):172)
09-23 16:54:37.753 W/Bundle  (31664): 	at java.util.concurrent.Executors$RunnableAdapter.call(Executors.java:520)
09-23 16:54:37.753 W/Bundle  (31664): 	at java.util.concurrent.FutureTask.run(FutureTask.java:328)
09-23 16:54:37.753 W/Bundle  (31664): 	at bpof.d(:com.google.android.gms@263436035@26.34.36 (260400-981326859):50)
09-23 16:54:37.753 W/Bundle  (31664): 	at bpof.c(:com.google.android.gms@263436035@26.34.36 (260400-981326859):6)
09-23 16:54:37.753 W/Bundle  (31664): 	at bpof.run(:com.google.android.gms@263436035@26.34.36 (260400-981326859):33)
09-23 16:54:37.753 W/Bundle  (31664): 	at java.util.concurrent.ThreadPoolExecutor.runWorker(ThreadPoolExecutor.java:1100)
09-23 16:54:37.753 W/Bundle  (31664): 	at java.util.concurrent.ThreadPoolExecutor$Worker.run(ThreadPoolExecutor.java:624)
09-23 16:54:37.753 W/Bundle  (31664): 	at bpuf.run(:com.google.android.gms@263436035@26.34.36 (260400-981326859):8)
09-23 16:54:37.753 W/Bundle  (31664): 	at java.lang.Thread.run(Thread.java:1572)
09-23 16:54:37.753 W/Bundle  (31664): Key id expected com.google.firebase.appindexing.internal.Thing[] but value was of a different type.  The default value <null> was returned.
09-23 16:54:37.754 W/Bundle  (31664): Attempt to cast generated internal exception:
09-23 16:54:37.754 W/Bundle  (31664): java.lang.ClassCastException: Cannot cast [Ljava.lang.String; to [Landroid.os.Parcelable;
09-23 16:54:37.754 W/Bundle  (31664): 	at java.lang.Class.cast(Class.java:4186)
09-23 16:54:37.754 W/Bundle  (31664): 	at android.os.BaseBundle.getValueAt(BaseBundle.java:437)
09-23 16:54:37.754 W/Bundle  (31664): 	at android.os.BaseBundle.getValue(BaseBundle.java:399)
09-23 16:54:37.754 W/Bundle  (31664): 	at android.os.Bundle.getParcelableArray(Bundle.java:1188)
09-23 16:54:37.754 W/Bundle  (31664): 	at mha.a(:com.google.android.gms@263436035@26.34.36 (260400-981326859):1)
09-23 16:54:37.754 W/Bundle  (31664): 	at com.google.firebase.appindexing.internal.Thing.h(:com.google.android.gms@263436035@26.34.36 (260400-981326859):5)
09-23 16:54:37.754 W/Bundle  (31664): 	at csbp.g(:com.google.android.gms@263436035@26.34.36 (260400-981326859):582)
09-23 16:54:37.754 W/Bundle  (31664): 	at csbp.g(:com.google.android.gms@263436035@26.34.36 (260400-981326859):658)
09-23 16:54:37.754 W/Bundle  (31664): 	at csbp.c(:com.google.android.gms@263436035@26.34.36 (260400-981326859):54)
09-23 16:54:37.754 W/Bundle  (31664): 	at csbi.i(:com.google.android.gms@263436035@26.34.36 (260400-981326859):8)
09-23 16:54:37.754 W/Bundle  (31664): 	at crzz.a(:com.google.android.gms@263436035@26.34.36 (260400-981326859):19)
09-23 16:54:37.754 W/Bundle  (31664): 	at csbk.f(:com.google.android.gms@263436035@26.34.36 (260400-981326859):26)
09-23 16:54:37.754 W/Bundle  (31664): 	at crzz.g(:com.google.android.gms@263436035@26.34.36 (260400-981326859):3)
09-23 16:54:37.754 W/Bundle  (31664): 	at csag.a(:com.google.android.gms@263436035@26.34.36 (260400-981326859):10)
09-23 16:54:37.754 W/Bundle  (31664): 	at csia.run(:com.google.android.gms@263436035@26.34.36 (260400-981326859):172)
09-23 16:54:37.754 W/Bundle  (31664): 	at java.util.concurrent.Executors$RunnableAdapter.call(Executors.java:520)
09-23 16:54:37.754 W/Bundle  (31664): 	at java.util.concurrent.FutureTask.run(FutureTask.java:328)
09-23 16:54:37.754 W/Bundle  (31664): 	at bpof.d(:com.google.android.gms@263436035@26.34.36 (260400-981326859):50)
09-23 16:54:37.754 W/Bundle  (31664): 	at bpof.c(:com.google.android.gms@263436035@26.34.36 (260400-981326859):6)
09-23 16:54:37.754 W/Bundle  (31664): 	at bpof.run(:com.google.android.gms@263436035@26.34.36 (260400-981326859):33)
09-23 16:54:37.754 W/Bundle  (31664): 	at java.util.concurrent.ThreadPoolExecutor.runWorker(ThreadPoolExecutor.java:1100)
09-23 16:54:37.754 W/Bundle  (31664): 	at java.util.concurrent.ThreadPoolExecutor$Worker.run(ThreadPoolExecutor.java:624)
09-23 16:54:37.754 W/Bundle  (31664): 	at bpuf.run(:com.google.android.gms@263436035@26.34.36 (260400-981326859):8)
09-23 16:54:37.754 W/Bundle  (31664): 	at java.lang.Thread.run(Thread.java:1572)
09-23 16:54:37.754 W/Bundle  (31664): Key name expected com.google.firebase.appindexing.internal.Thing[] but value was of a different type.  The default value <null> was returned.
09-23 16:54:37.754 W/Bundle  (31664): Attempt to cast generated internal exception:
09-23 16:54:37.754 W/Bundle  (31664): java.lang.ClassCastException: Cannot cast [Ljava.lang.String; to [Landroid.os.Parcelable;
09-23 16:54:37.754 W/Bundle  (31664): 	at java.lang.Class.cast(Class.java:4186)
09-23 16:54:37.754 W/Bundle  (31664): 	at android.os.BaseBundle.getValueAt(BaseBundle.java:437)
09-23 16:54:37.754 W/Bundle  (31664): 	at android.os.BaseBundle.getValue(BaseBundle.java:399)
09-23 16:54:37.754 W/Bundle  (31664): 	at android.os.Bundle.getParcelableArray(Bundle.java:1188)
09-23 16:54:37.754 W/Bundle  (31664): 	at mha.a(:com.google.android.gms@263436035@26.34.36 (260400-981326859):1)
09-23 16:54:37.754 W/Bundle  (31664): 	at com.google.firebase.appindexing.internal.Thing.h(:com.google.android.gms@263436035@26.34.36 (260400-981326859):5)
09-23 16:54:37.754 W/Bundle  (31664): 	at csbp.g(:com.google.android.gms@263436035@26.34.36 (260400-981326859):582)
09-23 16:54:37.754 W/Bundle  (31664): 	at csbp.c(:com.google.android.gms@263436035@26.34.36 (260400-981326859):54)
09-23 16:54:37.754 W/Bundle  (31664): 	at csbi.i(:com.google.android.gms@263436035@26.34.36 (260400-981326859):8)
09-23 16:54:37.754 W/Bundle  (31664): 	at crzz.a(:com.google.android.gms@263436035@26.34.36 (260400-981326859):19)
09-23 16:54:37.754 W/Bundle  (31664): 	at csbk.f(:com.google.android.gms@263436035@26.34.36 (260400-981326859):26)
09-23 16:54:37.754 W/Bundle  (31664): 	at crzz.g(:com.google.android.gms@263436035@26.34.36 (260400-981326859):3)
09-23 16:54:37.754 W/Bundle  (31664): 	at csag.a(:com.google.android.gms@263436035@26.34.36 (260400-981326859):10)
09-23 16:54:37.754 W/Bundle  (31664): 	at csia.run(:com.google.android.gms@263436035@26.34.36 (260400-981326859):172)
09-23 16:54:37.754 W/Bundle  (31664): 	at java.util.concurrent.Executors$RunnableAdapter.call(Executors.java:520)
09-23 16:54:37.754 W/Bundle  (31664): 	at java.util.concurrent.FutureTask.run(FutureTask.java:328)
09-23 16:54:37.754 W/Bundle  (31664): 	at bpof.d(:com.google.android.gms@263436035@26.34.36 (260400-981326859):50)
09-23 16:54:37.754 W/Bundle  (31664): 	at bpof.c(:com.google.android.gms@263436035@26.34.36 (260400-981326859):6)
09-23 16:54:37.754 W/Bundle  (31664): 	at bpof.run(:com.google.android.gms@263436035@26.34.36 (260400-981326859):33)
09-23 16:54:37.754 W/Bundle  (31664): 	at java.util.concurrent.ThreadPoolExecutor.runWorker(ThreadPoolExecutor.java:1100)
09-23 16:54:37.754 W/Bundle  (31664): 	at java.util.concurrent.ThreadPoolExecutor$Worker.run(ThreadPoolExecutor.java:624)
09-23 16:54:37.754 W/Bundle  (31664): 	at bpuf.run(:com.google.android.gms@263436035@26.34.36 (260400-981326859):8)
09-23 16:54:37.754 W/Bundle  (31664): 	at java.lang.Thread.run(Thread.java:1572)
09-23 16:54:37.754 W/Bundle  (31664): Key text expected com.google.firebase.appindexing.internal.Thing[] but value was of a different type.  The default value <null> was returned.
09-23 16:54:37.754 W/Bundle  (31664): Attempt to cast generated internal exception:
09-23 16:54:37.754 W/Bundle  (31664): java.lang.ClassCastException: Cannot cast [Ljava.lang.String; to [Landroid.os.Parcelable;
09-23 16:54:37.754 W/Bundle  (31664): 	at java.lang.Class.cast(Class.java:4186)
09-23 16:54:37.754 W/Bundle  (31664): 	at android.os.BaseBundle.getValueAt(BaseBundle.java:437)
09-23 16:54:37.754 W/Bundle  (31664): 	at android.os.BaseBundle.getValue(BaseBundle.java:399)
09-23 16:54:37.754 W/Bundle  (31664): 	at android.os.Bundle.getParcelableArray(Bundle.java:1188)
09-23 16:54:37.754 W/Bundle  (31664): 	at mha.a(:com.google.android.gms@263436035@26.34.36 (260400-981326859):1)
09-23 16:54:37.754 W/Bundle  (31664): 	at com.google.firebase.appindexing.internal.Thing.h(:com.google.android.gms@263436035@26.34.36 (260400-981326859):5)
09-23 16:54:37.754 W/Bundle  (31664): 	at csbp.g(:com.google.android.gms@263436035@26.34.36 (260400-981326859):582)
09-23 16:54:37.754 W/Bundle  (31664): 	at csbp.c(:com.google.android.gms@263436035@26.34.36 (260400-981326859):54)
09-23 16:54:37.754 W/Bundle  (31664): 	at csbi.i(:com.google.android.gms@263436035@26.34.36 (260400-981326859):8)
09-23 16:54:37.754 W/Bundle  (31664): 	at crzz.a(:com.google.android.gms@263436035@26.34.36 (260400-981326859):19)
09-23 16:54:37.754 W/Bundle  (31664): 	at csbk.f(:com.google.android.gms@263436035@26.34.36 (260400-981326859):26)
09-23 16:54:37.754 W/Bundle  (31664): 	at crzz.g(:com.google.android.gms@263436035@26.34.36 (260400-981326859):3)
09-23 16:54:37.754 W/Bundle  (31664): 	at csag.a(:com.google.android.gms@263436035@26.34.36 (260400-981326859):10)
09-23 16:54:37.754 W/Bundle  (31664): 	at csia.run(:com.google.android.gms@263436035@26.34.36 (260400-981326859):172)
09-23 16:54:37.754 W/Bundle  (31664): 	at java.util.concurrent.Executors$RunnableAdapter.call(Executors.java:520)
09-23 16:54:37.754 W/Bundle  (31664): 	at java.util.concurrent.FutureTask.run(FutureTask.java:328)
09-23 16:54:37.754 W/Bundle  (31664): 	at bpof.d(:com.google.android.gms@263436035@26.34.36 (260400-981326859):50)
09-23 16:54:37.754 W/Bundle  (31664): 	at bpof.c(:com.google.android.gms@263436035@26.34.36 (260400-981326859):6)
09-23 16:54:37.754 W/Bundle  (31664): 	at bpof.run(:com.google.android.gms@263436035@26.34.36 (260400-981326859):33)
09-23 16:54:37.754 W/Bundle  (31664): 	at java.util.concurrent.ThreadPoolExecutor.runWorker(ThreadPoolExecutor.java:1100)
09-23 16:54:37.754 W/Bundle  (31664): 	at java.util.concurrent.ThreadPoolExecutor$Worker.run(ThreadPoolExecutor.java:624)
09-23 16:54:37.754 W/Bundle  (31664): 	at bpuf.run(:com.google.android.gms@263436035@26.34.36 (260400-981326859):8)
09-23 16:54:37.754 W/Bundle  (31664): 	at java.lang.Thread.run(Thread.java:1572)
09-23 16:54:37.754 W/Bundle  (31664): Key keywords expected com.google.firebase.appindexing.internal.Thing[] but value was of a different type.  The default value <null> was returned.
09-23 16:54:37.754 W/Bundle  (31664): Attempt to cast generated internal exception:
09-23 16:54:37.754 W/Bundle  (31664): java.lang.ClassCastException: Cannot cast [Ljava.lang.String; to [Landroid.os.Parcelable;
09-23 16:54:37.754 W/Bundle  (31664): 	at java.lang.Class.cast(Class.java:4186)
09-23 16:54:37.754 W/Bundle  (31664): 	at android.os.BaseBundle.getValueAt(BaseBundle.java:437)
09-23 16:54:37.754 W/Bundle  (31664): 	at android.os.BaseBundle.getValue(BaseBundle.java:399)
09-23 16:54:37.754 W/Bundle  (31664): 	at android.os.Bundle.getParcelableArray(Bundle.java:1188)
09-23 16:54:37.754 W/Bundle  (31664): 	at mha.a(:com.google.android.gms@263436035@26.34.36 (260400-981326859):1)
09-23 16:54:37.754 W/Bundle  (31664): 	at com.google.firebase.appindexing.internal.Thing.h(:com.google.android.gms@263436035@26.34.36 (260400-981326859):5)
09-23 16:54:37.754 W/Bundle  (31664): 	at csbp.g(:com.google.android.gms@263436035@26.34.36 (260400-981326859):582)
09-23 16:54:37.754 W/Bundle  (31664): 	at csbp.c(:com.google.android.gms@263436035@26.34.36 (260400-981326859):54)
09-23 16:54:37.754 W/Bundle  (31664): 	at csbi.i(:com.google.android.gms@263436035@26.34.36 (260400-981326859):8)
09-23 16:54:37.754 W/Bundle  (31664): 	at crzz.a(:com.google.android.gms@263436035@26.34.36 (260400-981326859):19)
09-23 16:54:37.754 W/Bundle  (31664): 	at csbk.f(:com.google.android.gms@263436035@26.34.36 (260400-981326859):26)
09-23 16:54:37.754 W/Bundle  (31664): 	at crzz.g(:com.google.android.gms@263436035@26.34.36 (260400-981326859):3)
09-23 16:54:37.754 W/Bundle  (31664): 	at csag.a(:com.google.android.gms@263436035@26.34.36 (260400-981326859):10)
09-23 16:54:37.754 W/Bundle  (31664): 	at csia.run(:com.google.android.gms@263436035@26.34.36 (260400-981326859):172)
09-23 16:54:37.754 W/Bundle  (31664): 	at java.util.concurrent.Executors$RunnableAdapter.call(Executors.java:520)
09-23 16:54:37.754 W/Bundle  (31664): 	at java.util.concurrent.FutureTask.run(FutureTask.java:328)
09-23 16:54:37.754 W/Bundle  (31664): 	at bpof.d(:com.google.android.gms@263436035@26.34.36 (260400-981326859):50)
09-23 16:54:37.754 W/Bundle  (31664): 	at bpof.c(:com.google.android.gms@263436035@26.34.36 (260400-981326859):6)
09-23 16:54:37.754 W/Bundle  (31664): 	at bpof.run(:com.google.android.gms@263436035@26.34.36 (260400-981326859):33)
09-23 16:54:37.754 W/Bundle  (31664): 	at java.util.concurrent.ThreadPoolExecutor.runWorker(ThreadPoolExecutor.java:1100)
09-23 16:54:37.754 W/Bundle  (31664): 	at java.util.concurrent.ThreadPoolExecutor$Worker.run(ThreadPoolExecutor.java:624)
09-23 16:54:37.754 W/Bundle  (31664): 	at bpuf.run(:com.google.android.gms@263436035@26.34.36 (260400-981326859):8)
09-23 16:54:37.754 W/Bundle  (31664): 	at java.lang.Thread.run(Thread.java:1572)
09-23 16:54:37.754 W/Bundle  (31664): Key name expected com.google.firebase.appindexing.internal.Thing[] but value was of a different type.  The default value <null> was returned.
09-23 16:54:37.754 W/Bundle  (31664): Attempt to cast generated internal exception:
09-23 16:54:37.754 W/Bundle  (31664): java.lang.ClassCastException: Cannot cast [Ljava.lang.String; to [Landroid.os.Parcelable;
09-23 16:54:37.754 W/Bundle  (31664): 	at java.lang.Class.cast(Class.java:4186)
09-23 16:54:37.754 W/Bundle  (31664): 	at android.os.BaseBundle.getValueAt(BaseBundle.java:437)
09-23 16:54:37.754 W/Bundle  (31664): 	at android.os.BaseBundle.getValue(BaseBundle.java:399)
09-23 16:54:37.754 W/Bundle  (31664): 	at android.os.Bundle.getParcelableArray(Bundle.java:1188)
09-23 16:54:37.754 W/Bundle  (31664): 	at mha.a(:com.google.android.gms@263436035@26.34.36 (260400-981326859):1)
09-23 16:54:37.754 W/Bundle  (31664): 	at com.google.firebase.appindexing.internal.Thing.h(:com.google.android.gms@263436035@26.34.36 (260400-981326859):5)
09-23 16:54:37.754 W/Bundle  (31664): 	at csbp.g(:com.google.android.gms@263436035@26.34.36 (260400-981326859):582)
09-23 16:54:37.754 W/Bundle  (31664): 	at csbp.g(:com.google.android.gms@263436035@26.34.36 (260400-981326859):658)
09-23 16:54:37.754 W/Bundle  (31664): 	at csbp.c(:com.google.android.gms@263436035@26.34.36 (260400-981326859):54)
09-23 16:54:37.754 W/Bundle  (31664): 	at csbi.i(:com.google.android.gms@263436035@26.34.36 (260400-981326859):8)
09-23 16:54:37.754 W/Bundle  (31664): 	at crzz.a(:com.google.android.gms@263436035@26.34.36 (260400-981326859):19)
09-23 16:54:37.754 W/Bundle  (31664): 	at csbk.f(:com.google.android.gms@263436035@26.34.36 (260400-981326859):26)
09-23 16:54:37.754 W/Bundle  (31664): 	at crzz.g(:com.google.android.gms@263436035@26.34.36 (260400-981326859):3)
09-23 16:54:37.754 W/Bundle  (31664): 	at csag.a(:com.google.android.gms@263436035@26.34.36 (260400-981326859):10)
09-23 16:54:37.754 W/Bundle  (31664): 	at csia.run(:com.google.android.gms@263436035@26.34.36 (260400-981326859):172)
09-23 16:54:37.754 W/Bundle  (31664): 	at java.util.concurrent.Executors$RunnableAdapter.call(Executors.java:520)
09-23 16:54:37.754 W/Bundle  (31664): 	at java.util.concurrent.FutureTask.run(FutureTask.java:328)
09-23 16:54:37.754 W/Bundle  (31664): 	at bpof.d(:com.google.android.gms@263436035@26.34.36 (260400-981326859):50)
09-23 16:54:37.754 W/Bundle  (31664): 	at bpof.c(:com.google.android.gms@263436035@26.34.36 (260400-981326859):6)
09-23 16:54:37.754 W/Bundle  (31664): 	at bpof.run(:com.google.android.gms@263436035@26.34.36 (260400-981326859):33)
09-23 16:54:37.754 W/Bundle  (31664): 	at java.util.concurrent.ThreadPoolExecutor.runWorker(ThreadPoolExecutor.java:1100)
09-23 16:54:37.754 W/Bundle  (31664): 	at java.util.concurrent.ThreadPoolExecutor$Worker.run(ThreadPoolExecutor.java:624)
09-23 16:54:37.754 W/Bundle  (31664): 	at bpuf.run(:com.google.android.gms@263436035@26.34.36 (260400-981326859):8)
09-23 16:54:37.754 W/Bundle  (31664): 	at java.lang.Thread.run(Thread.java:1572)
09-23 16:54:37.754 W/Bundle  (31664): Key email expected com.google.firebase.appindexing.internal.Thing[] but value was of a different type.  The default value <null> was returned.
09-23 16:54:37.754 W/Bundle  (31664): Attempt to cast generated internal exception:
09-23 16:54:37.754 W/Bundle  (31664): java.lang.ClassCastException: Cannot cast [Ljava.lang.String; to [Landroid.os.Parcelable;
09-23 16:54:37.754 W/Bundle  (31664): 	at java.lang.Class.cast(Class.java:4186)
09-23 16:54:37.754 W/Bundle  (31664): 	at android.os.BaseBundle.getValueAt(BaseBundle.java:437)
09-23 16:54:37.754 W/Bundle  (31664): 	at android.os.BaseBundle.getValue(BaseBundle.java:399)
09-23 16:54:37.754 W/Bundle  (31664): 	at android.os.Bundle.getParcelableArray(Bundle.java:1188)
09-23 16:54:37.754 W/Bundle  (31664): 	at mha.a(:com.google.android.gms@263436035@26.34.36 (260400-981326859):1)
09-23 16:54:37.754 W/Bundle  (31664): 	at com.google.firebase.appindexing.internal.Thing.h(:com.google.android.gms@263436035@26.34.36 (260400-981326859):5)
09-23 16:54:37.754 W/Bundle  (31664): 	at csbp.g(:com.google.android.gms@263436035@26.34.36 (260400-981326859):582)
09-23 16:54:37.754 W/Bundle  (31664): 	at csbp.g(:com.google.android.gms@263436035@26.34.36 (260400-981326859):658)
09-23 16:54:37.754 W/Bundle  (31664): 	at csbp.c(:com.google.android.gms@263436035@26.34.36 (260400-981326859):54)
09-23 16:54:37.754 W/Bundle  (31664): 	at csbi.i(:com.google.android.gms@263436035@26.34.36 (260400-981326859):8)
09-23 16:54:37.754 W/Bundle  (31664): 	at crzz.a(:com.google.android.gms@263436035@26.34.36 (260400-981326859):19)
09-23 16:54:37.754 W/Bundle  (31664): 	at csbk.f(:com.google.android.gms@263436035@26.34.36 (260400-981326859):26)
09-23 16:54:37.754 W/Bundle  (31664): 	at crzz.g(:com.google.android.gms@263436035@26.34.36 (260400-981326859):3)
09-23 16:54:37.754 W/Bundle  (31664): 	at csag.a(:com.google.android.gms@263436035@26.34.36 (260400-981326859):10)
09-23 16:54:37.754 W/Bundle  (31664): 	at csia.run(:com.google.android.gms@263436035@26.34.36 (260400-981326859):172)
09-23 16:54:37.754 W/Bundle  (31664): 	at java.util.concurrent.Executors$RunnableAdapter.call(Executors.java:520)
09-23 16:54:37.754 W/Bundle  (31664): 	at java.util.concurrent.FutureTask.run(FutureTask.java:328)
09-23 16:54:37.754 W/Bundle  (31664): 	at bpof.d(:com.google.android.gms@263436035@26.34.36 (260400-981326859):50)
09-23 16:54:37.754 W/Bundle  (31664): 	at bpof.c(:com.google.android.gms@263436035@26.34.36 (260400-981326859):6)
09-23 16:54:37.754 W/Bundle  (31664): 	at bpof.run(:com.google.android.gms@263436035@26.34.36 (260400-981326859):33)
09-23 16:54:37.754 W/Bundle  (31664): 	at java.util.concurrent.ThreadPoolExecutor.runWorker(ThreadPoolExecutor.java:1100)
09-23 16:54:37.754 W/Bundle  (31664): 	at java.util.concurrent.ThreadPoolExecutor$Worker.run(ThreadPoolExecutor.java:624)
09-23 16:54:37.754 W/Bundle  (31664): 	at bpuf.run(:com.google.android.gms@263436035@26.34.36 (260400-981326859):8)
09-23 16:54:37.754 W/Bundle  (31664): 	at java.lang.Thread.run(Thread.java:1572)
09-23 16:54:37.754 W/Bundle  (31664): Key dateReceived expected com.google.firebase.appindexing.internal.Thing[] but value was of a different type.  The default value <null> was returned.
09-23 16:54:37.754 W/Bundle  (31664): Attempt to cast generated internal exception:
09-23 16:54:37.754 W/Bundle  (31664): java.lang.ClassCastException: Cannot cast [J to [Landroid.os.Parcelable;
09-23 16:54:37.754 W/Bundle  (31664): 	at java.lang.Class.cast(Class.java:4186)
09-23 16:54:37.754 W/Bundle  (31664): 	at android.os.BaseBundle.getValueAt(BaseBundle.java:437)
09-23 16:54:37.754 W/Bundle  (31664): 	at android.os.BaseBundle.getValue(BaseBundle.java:399)
09-23 16:54:37.754 W/Bundle  (31664): 	at android.os.Bundle.getParcelableArray(Bundle.java:1188)
09-23 16:54:37.754 W/Bundle  (31664): 	at mha.a(:com.google.android.gms@263436035@26.34.36 (260400-981326859):1)
09-23 16:54:37.754 W/Bundle  (31664): 	at com.google.firebase.appindexing.internal.Thing.h(:com.google.android.gms@263436035@26.34.36 (260400-981326859):5)
09-23 16:54:37.754 W/Bundle  (31664): 	at csbp.g(:com.google.android.gms@263436035@26.34.36 (260400-981326859):582)
09-23 16:54:37.754 W/Bundle  (31664): 	at csbp.c(:com.google.android.gms@263436035@26.34.36 (260400-981326859):54)
09-23 16:54:37.754 W/Bundle  (31664): 	at csbi.i(:com.google.android.gms@263436035@26.34.36 (260400-981326859):8)
09-23 16:54:37.754 W/Bundle  (31664): 	at crzz.a(:com.google.android.gms@263436035@26.34.36 (260400-981326859):19)
09-23 16:54:37.754 W/Bundle  (31664): 	at csbk.f(:com.google.android.gms@263436035@26.34.36 (260400-981326859):26)
09-23 16:54:37.754 W/Bundle  (31664): 	at crzz.g(:com.google.android.gms@263436035@26.34.36 (260400-981326859):3)
09-23 16:54:37.754 W/Bundle  (31664): 	at csag.a(:com.google.android.gms@263436035@26.34.36 (260400-981326859):10)
09-23 16:54:37.754 W/Bundle  (31664): 	at csia.run(:com.google.android.gms@263436035@26.34.36 (260400-981326859):172)
09-23 16:54:37.754 W/Bundle  (31664): 	at java.util.concurrent.Executors$RunnableAdapter.call(Executors.java:520)
09-23 16:54:37.754 W/Bundle  (31664): 	at java.util.concurrent.FutureTask.run(FutureTask.java:328)
09-23 16:54:37.754 W/Bundle  (31664): 	at bpof.d(:com.google.android.gms@263436035@26.34.36 (260400-981326859):50)
09-23 16:54:37.754 W/Bundle  (31664): 	at bpof.c(:com.google.android.gms@263436035@26.34.36 (260400-981326859):6)
09-23 16:54:37.754 W/Bundle  (31664): 	at bpof.run(:com.google.android.gms@263436035@26.34.36 (260400-981326859):33)
09-23 16:54:37.754 W/Bundle  (31664): 	at java.util.concurrent.ThreadPoolExecutor.runWorker(ThreadPoolExecutor.java:1100)
09-23 16:54:37.754 W/Bundle  (31664): 	at java.util.concurrent.ThreadPoolExecutor$Worker.run(ThreadPoolExecutor.java:624)
09-23 16:54:37.754 W/Bundle  (31664): 	at bpuf.run(:com.google.android.gms@263436035@26.34.36 (260400-981326859):8)
09-23 16:54:37.754 W/Bundle  (31664): 	at java.lang.Thread.run(Thread.java:1572)
09-23 16:54:37.763 W/ActivityManager( 1948): Skipping manifest association check for null package. SourceUid: 10147, SourcePkg: null, TargetUid: 10147, TargetPkg: com.google.android.gms
09-23 16:54:37.831 I/android.youtube(17675): NativeAlloc concurrent mark compact GC freed 20MB AllocSpace bytes, 22(1568KB) LOS objects, 79% free, 103MB/512MB, paused 507us,3.787ms total 184.639ms
09-23 16:54:37.842 W/System  (17675): A resource failed to call destroy. 
09-23 16:54:37.842 W/System  (17675): A resource failed to call destroy. 
09-23 16:54:37.843 W/System  (17675): A resource failed to call destroy. 
09-23 16:54:37.843 W/System  (17675): A resource failed to call destroy. 
09-23 16:54:37.843 W/System  (17675): A resource failed to call destroy. 
09-23 16:54:37.843 W/System  (17675): A resource failed to call destroy. 
09-23 16:54:37.844 W/System  (17675): A resource failed to call destroy. 
09-23 16:54:37.844 W/System  (17675): A resource failed to call destroy. 
09-23 16:54:37.845 W/System  (17675): A resource failed to call destroy. 
09-23 16:54:37.845 W/System  (17675): A resource failed to call destroy. 
09-23 16:54:38.740 I/AiAiAdaptiveAudio(14091): (REDACTED) Mic avg: %s
09-23 16:54:38.740 I/AiAiAdaptiveAudio(14091): Pb avg: %s
09-23 16:54:38.740 I/AiAiAdaptiveAudio(14091): EQ: %s
09-23 16:54:38.849 I/system_server( 1948): Background young concurrent mark compact GC freed 27MB AllocSpace bytes, 364(13MB) LOS objects, 69% free, 157MB/512MB, paused 1.105ms,19.077ms total 103.136ms
09-23 16:54:39.006 I/CHRE    ( 1475): @ 2955583.764: [AR] inconsistent: 41.176472
09-23 16:54:39.007 I/CHRE    ( 1475): @ 2955583.765: [cc] onArResult activity=5, conf=421
09-23 16:54:39.487 I/bthal.activity( 1461): bt_power: LeAdvStat: 16:54:38:487 - 16:54:39:487, duration: 1000, le_adv_count: 1, total_le_adv_count: 113058, total_event_count: 1
09-23 16:54:39.753 I/AiAiAdaptiveAudio(14091): (REDACTED) Mic avg: %s
09-23 16:54:39.753 I/AiAiAdaptiveAudio(14091): Pb avg: %s
09-23 16:54:39.753 I/AiAiAdaptiveAudio(14091): EQ: %s
09-23 16:54:39.783 I/WifiHAL ( 1519): Creating message to get link statistics; iface = 48
09-23 16:54:39.900 I/WifiHAL ( 1519): Getting cached scan results, iface handle = 0xb400007cee0138d0
09-23 16:54:39.900 E/WifiHAL ( 1519): Creating message to get cached scan results
09-23 16:54:39.908 I/WifiHAL ( 1519): In GetCachedScanResultsCommand::handleResponse
09-23 16:54:39.909 E/libbinder.IPCThreadState( 1519): binder thread pool (1 threads) starved for 125 ms
09-23 16:54:39.949 I/WifiHAL ( 1519): CreateRequest mType = GET_FEATURE
09-23 16:54:39.990 I/pixel-thermal( 2330): cellular-emergency:34.2768 raw data: VIRTUAL-SKIN:34276.8 VIRTUAL-SKIN-SUB-0:34073.1 VIRTUAL-SKIN-SUB-1:31793.2 VIRTUAL-SKIN-SUB-10:33521.2 VIRTUAL-SKIN-SUB-2:32267.9 VIRTUAL-SKIN-SUB-3:32619.9 VIRTUAL-SKIN-SUB-4:33200 VIRTUAL-SKIN-SUB-5:33374.3 VIRTUAL-SKIN-SUB-6:31818.7 VIRTUAL-SKIN-SUB-7:33794.9 VIRTUAL-SKIN-SUB-8:34209.9 VIRTUAL-SKIN-SUB-9:34276.8 battery:34200 cam_therm:34154 cellular-emergency:34276.8 charge_therm:37626 disp_therm:34510 neutral_therm:35311 north_therm:33553 quiet_therm:35512 soc_therm:38383 usb_pwr_therm:34421 
09-23 16:54:39.991 I/pixel-thermal( 2330): VIRTUAL-SKIN-HINT:34.2768 raw data: VIRTUAL-SKIN:34276.8 VIRTUAL-SKIN-HINT:34276.8 
09-23 16:54:39.991 I/pixel-thermal( 2330): VIRTUAL-SKIN-CPU-LIGHT-ODPM:34.2768 raw data: VIRTUAL-SKIN:34276.8 VIRTUAL-SKIN-CPU-LIGHT-ODPM:34276.8 
09-23 16:54:39.991 I/pixel-thermal( 2330): VIRTUAL-SKIN-CPU-MID:34.2768 raw data: VIRTUAL-SKIN:34276.8 VIRTUAL-SKIN-CPU-MID:34276.8 
09-23 16:54:39.991 I/pixel-thermal( 2330): VIRTUAL-SKIN-CPU-HIGH:34.2768 raw data: VIRTUAL-SKIN:34276.8 VIRTUAL-SKIN-CPU-HIGH:34276.8 
09-23 16:54:39.992 I/pixel-thermal( 2330): VIRTUAL-SKIN-SOC:34.2768 raw data: VIRTUAL-SKIN:34276.8 VIRTUAL-SKIN-SOC:34276.8 
09-23 16:54:39.992 I/pixel-thermal( 2330): VIRTUAL-SKIN-GPU:34.2768 raw data: VIRTUAL-SKIN:34276.8 VIRTUAL-SKIN-GPU:34276.8 
09-23 16:54:39.992 I/pixel-thermal( 2330): VIRTUAL-SKIN-SPEAKER:30.9441 raw data: VIRTUAL-SKIN-SPEAKER:30944.1 VIRTUAL-SKIN-SPEAKER-SUB-0:29926 VIRTUAL-SKIN-SPEAKER-SUB-1:30693.7 VIRTUAL-SKIN-SPEAKER-SUB-2:30944.1 battery:34200 cam_therm:34154 charge_therm:37626 disp_therm:34510 neutral_therm:35311 north_therm:33553 quiet_therm:35512 soc_therm:38383 usb_pwr_therm:34421 
09-23 16:54:39.993 I/pixel-thermal( 2330): VIRTUAL-SKIN-CHARGE-WIRED:34.2099 raw data: NO_WLC:1 VIRTUAL-SKIN-CHARGE:34209.9 VIRTUAL-SKIN-CHARGE-SUB-0:34042.4 VIRTUAL-SKIN-CHARGE-SUB-1:32856.8 VIRTUAL-SKIN-CHARGE-SUB-2:32828.9 VIRTUAL-SKIN-CHARGE-SUB-3:34209.9 VIRTUAL-SKIN-CHARGE-WIRED:34209.9 WLC_CHECK:1 battery:34200 cam_therm:34154 charge_therm:37626 disp_therm:34510 neutral_therm:35311 north_therm:33553 quiet_therm:35512 soc_therm:38383 thb_hda:0 usb_pwr_therm:34421 
09-23 16:54:39.993 I/pixel-thermal( 2330): VIRTUAL-SKIN-CHARGE-WIRED power_budget=4025.13 err=3.79007 s_power=2527 time_elapsed_ms=7025 p=451.018 i=1302 d=0 dt_per_min=nan compensation=0 budget transient=0 control target=2 excluded power budget=254.891 (PARTIAL_SYSTEM_POWER: 2124.09 mW, cdev_weight: 0.120000)
09-23 16:54:39.994 I/pixel-thermal( 2330): VIRTUAL-SKIN:34.2768 raw data: VIRTUAL-SKIN:34276.8 
09-23 16:54:39.994 I/pixel-thermal( 2330): quiet_therm:35.512 raw data: quiet_therm:35512 
09-23 16:54:39.994 I/pixel-thermal( 2330): VIRTUAL-SKIN-CHARGE-PERSIST:34.2099 raw data: VIRTUAL-SKIN-CHARGE:34209.9 VIRTUAL-SKIN-CHARGE-PERSIST:34209.9 
09-23 16:54:39.994 I/pixel-thermal( 2330): VIRTUAL-SKIN-CHARGE-PERSIST power_budget=4766.23 err=6.79007 s_power=2383 time_elapsed_ms=7025 p=1446.28 i=1383 d=0 dt_per_min=nan compensation=0 budget transient=0 control target=2 excluded power budget=446.06 (PARTIAL_SYSTEM_POWER: 2124.09 mW, cdev_weight: 0.210000)
09-23 16:54:40.357 I/WindowManager( 1948): Display id=0 rotation changed to 0 from 3, lastOrientation=-1 userRotationMode=0 userRotation=0 lastSensorRotation=0
09-23 16:54:40.364 I/DisplayTopology( 1948): Display with ID 0 updated, new logical width: 1344, new logicalHeight: 2992, new density: 480
09-23 16:54:40.364 I/ActivityTaskManager( 1948): Config changes=20000480 {1.0 505mcc1mnc [en_US_#u-mu-celsius,en_AU_#u-mu-celsius] ldltr sw448dp w448dp h997dp 480dpi nrml long compactNeeded hdr widecg port finger -keyb/v/h -nav/h winConfig={ mBounds=Rect(0, 0 - 1344, 2992) mAppBounds=Rect(0, 0 - 1344, 2992) mMaxBounds=Rect(0, 0 - 1344, 2992) mDisplayRotation=ROTATION_0 mWindowingMode=fullscreen mActivityType=undefined mAlwaysOnTop=undefined mRotation=ROTATION_0} as.2 s.241424 fontWeightAdjustment=0}
09-23 16:54:40.370 I/WindowManager( 1948): Override config changes=20000480 {1.0 505mcc1mnc [en_US_#u-mu-celsius,en_AU_#u-mu-celsius] ldltr sw448dp w448dp h997dp 480dpi nrml long compactNeeded hdr widecg port finger -keyb/v/h -nav/h winConfig={ mBounds=Rect(0, 0 - 1344, 2992) mAppBounds=Rect(0, 0 - 1344, 2992) mMaxBounds=Rect(0, 0 - 1344, 2992) mDisplayRotation=ROTATION_0 mWindowingMode=fullscreen mActivityType=undefined mAlwaysOnTop=undefined mRotation=ROTATION_0} as.2 s.241424 fontWeightAdjustment=0} for displayId=0
09-23 16:54:40.370 W/TransitionChain( 1948): Combining dispOverCfg into #49083(CHANGE|R|0x0) from updateRot
09-23 16:54:40.378 I/SigHubManager( 3206): sendEventToNanoApp 1 [1]
09-23 16:54:40.389 I/Surface ( 1948): Creating surface for consumer unnamed-1948-9666 with slotExpansion=1 for 64 slots
09-23 16:54:40.389 I/Surface ( 1948): Creating surface for consumer ImageReader-2992x1344f1m1-1948-8894 with slotExpansion=1 for 64 slots
09-23 16:54:40.389 W/ImageReader_JNI( 1948): Unable to acquire a buffer item, very likely client tried to acquire more than maxImages buffers
09-23 16:54:40.391 E/ConsumerBase( 1948): [ImageReader-2992x1344f1m1-1948-8894] abandonLocked: ConsumerBase is abandoned!
09-23 16:54:40.396 I/InputManager-JNI( 1948): Viewport [0] to add: local:4619827535830457088, isActive: true
09-23 16:54:40.397 I/InputReader( 1948): Reconfiguring input devices, changes=DISPLAY_INFO
09-23 16:54:40.398 W/DisplayManagerService( 1948): Display info not found in cache for display 1649, callingUid 10243
09-23 16:54:40.398 W/DisplayManagerService( 1948): Display info not found in cache for display 1642, callingUid 10243
09-23 16:54:40.398 W/DisplayManagerService( 1948): Display info not found in cache for display 1635, callingUid 10243
09-23 16:54:40.399 I/twoshay.TouchContextService( 1979): Got new packet! ContextPacket{orientation: PORTRAIT, audioMode: NORMAL, adaptiveTouchSensitivity: OFF, screenProtectorMode: ON, imeState: ImeState{displayId: 0, visible: false, top: 0, left: 0, bottom: 0, right: 0}, audioDeviceInfo: TYPE_BUILTIN_EARPIECE}
09-23 16:54:40.400 I/AppBase ( 8428): AppBase.onConfigurationChanged():283 onConfigurationChanged() : NewConfig = {1.0 505mcc1mnc [en_US_#u-mu-celsius,en_AU_#u-mu-celsius] ldltr sw448dp w448dp h997dp 480dpi nrml long compactNeeded hdr widecg port finger -keyb/v/h -nav/h winConfig={ mBounds=Rect(0, 0 - 1344, 2992) mAppBounds=Rect(0, 0 - 1344, 2992) mMaxBounds=Rect(0, 0 - 1344, 2992) mDisplayRotation=ROTATION_0 mWindowingMode=fullscreen mActivityType=undefined mAlwaysOnTop=undefined mRotation=ROTATION_0} as.2 s.241499 fontWeightAdjustment=0}
09-23 16:54:40.400 W/DisplayManagerService( 1948): Display info not found in cache for display 1628, callingUid 10243
09-23 16:54:40.400 W/DisplayManagerService( 1948): Display info not found in cache for display 1623, callingUid 10243
09-23 16:54:40.400 W/DisplayManagerService( 1948): Display info not found in cache for display 1615, callingUid 10243
09-23 16:54:40.400 W/DisplayManagerService( 1948): Display info not found in cache for display 1607, callingUid 10243
09-23 16:54:40.401 W/DisplayManagerService( 1948): Display info not found in cache for display 1602, callingUid 10243
09-23 16:54:40.401 W/DisplayManagerService( 1948): Display info not found in cache for display 1596, callingUid 10243
09-23 16:54:40.401 W/DisplayManagerService( 1948): Display info not found in cache for display 1589, callingUid 10243
09-23 16:54:40.401 W/DisplayManagerService( 1948): Display info not found in cache for display 1584, callingUid 10243
09-23 16:54:40.401 W/DisplayManagerService( 1948): Display info not found in cache for display 1579, callingUid 10243
09-23 16:54:40.402 W/DisplayManagerService( 1948): Display info not found in cache for display 1572, callingUid 10243
09-23 16:54:40.402 W/DisplayManagerService( 1948): Display info not found in cache for display 1566, callingUid 10243
09-23 16:54:40.402 W/DisplayManagerService( 1948): Display info not found in cache for display 1560, callingUid 10243
09-23 16:54:40.402 W/DisplayManagerService( 1948): Display info not found in cache for display 1554, callingUid 10243
09-23 16:54:40.402 W/DisplayManagerService( 1948): Display info not found in cache for display 1548, callingUid 10243
09-23 16:54:40.403 W/DisplayManagerService( 1948): Display info not found in cache for display 1542, callingUid 10243
09-23 16:54:40.403 W/DisplayManagerService( 1948): Display info not found in cache for display 1535, callingUid 10243
09-23 16:54:40.403 I/GoogleInputMethodService( 8428): GoogleInputMethodService.onConfigurationChanged():1207 onConfigurationChanged() : NewConfig = {1.0 505mcc1mnc [en_US_#u-mu-celsius,en_AU_#u-mu-celsius] ldltr sw448dp w448dp h997dp 480dpi nrml long compactNeeded hdr widecg port finger -keyb/v/h -nav/h winConfig={ mBounds=Rect(0, 0 - 1344, 2992) mAppBounds=Rect(0, 0 - 1344, 2992) mMaxBounds=Rect(0, 0 - 1344, 2992) mDisplayRotation=ROTATION_0 mWindowingMode=fullscreen mActivityType=undefined mAlwaysOnTop=undefined mRotation=ROTATION_0} as.2 s.241424 fontWeightAdjustment=0}
09-23 16:54:40.403 W/DisplayManagerService( 1948): Display info not found in cache for display 1529, callingUid 10243
09-23 16:54:40.403 I/GoogleInputMethodService( 8428): GoogleInputMethodService.onConfigurationChanged():1208 device real metrics: DisplayMetrics{density=3.0, width=1344, height=2992, scaledDensity=3.0, xdpi=487.68, ydpi=490.301}
09-23 16:54:40.403 I/GoogleInputMethodService( 8428): GoogleInputMethodService.onConfigurationChanged():1232 Maybe update OEM conditional config because of configuration change
09-23 16:54:40.403 I/InputMethodEntryManager( 8428): InputMethodEntryManager.notifyCurrentInputMethodEntryOnContextChanged():607 notifyCurrentInputMethodEntryOnContextChanged()
09-23 16:54:40.403 I/InputMethodEntryManager( 8428): InputMethodEntryManager.notifyCurrentInputMethodEntryOnContextChanged():624 Notify current input method entry changed on context change
09-23 16:54:40.403 W/DisplayManagerService( 1948): Display info not found in cache for display 1523, callingUid 10243
09-23 16:54:40.403 W/DisplayManagerService( 1948): Display info not found in cache for display 1517, callingUid 10243
09-23 16:54:40.403 I/SystemSubtypesReportModule( 8428): SystemSubtypesReportModule$1.onCurrentInputMethodEntryChanged():115 entry: en-US, source: UNSPECIFIED
09-23 16:54:40.403 W/DisplayManagerService( 1948): Display info not found in cache for display 1511, callingUid 10243
09-23 16:54:40.403 W/DisplayManagerService( 1948): Display info not found in cache for display 1505, callingUid 10243
09-23 16:54:40.404 I/KeyboardContextProvider( 8428): KeyboardContextProvider$KeyboardContextCache.createKeyboardContext():173 createKeyboardContext(): en-US, nmm@15fac0d(com.android.inputmethod.latin.LatinIME@4506f3a), {1.0 505mcc1mnc [en_US] ldltr sw448dp w448dp h997dp 480dpi nrml long compactNeeded hdr widecg port finger -keyb/v/h -nav/h winConfig={ mBounds=Rect(0, 0 - 1344, 2992) mAppBounds=Rect(0, 0 - 1344, 2992) mMaxBounds=Rect(0, 0 - 1344, 2992) mDisplayRotation=ROTATION_0 mWindowingMode=fullscreen mActivityType=undefined mAlwaysOnTop=undefined mRotation=ROTATION_0} as.2 s.225554 fontWeightAdjustment=0}
09-23 16:54:40.404 W/DisplayManagerService( 1948): Display info not found in cache for display 1498, callingUid 10243
09-23 16:54:40.404 I/GoogleInputMethodService( 8428): GoogleInputMethodService.onCurrentInputMethodEntryChanged():2618 onCurrentInputMethodEntryChanged(): imeDefsChanged=false, entryLanguageVariantChanged=false, keyboardContextChanged=true
09-23 16:54:40.404 W/DisplayManagerService( 1948): Display info not found in cache for display 1492, callingUid 10243
09-23 16:54:40.404 I/KeyboardContextProvider( 8428): KeyboardContextProvider.setBaseContextAndInvalidKeyboardContextCache():88 setBaseContextAndInvalidKeyboardContextCache(): com.android.inputmethod.latin.LatinIME@4506f3a
09-23 16:54:40.404 W/DisplayManagerService( 1948): Display info not found in cache for display 1485, callingUid 10243
09-23 16:54:40.404 I/DeviceModeModule( 8428): DeviceModeModule.calculateAndNotify():242 Device mode 'phone' from display metrics 'DisplayMetrics{density=0.0, width=2992, height=1344, scaledDensity=0.0, xdpi=487.68, ydpi=490.301}' or smallestScreenWidthDp: 448
09-23 16:54:40.404 W/DisplayManagerService( 1948): Display info not found in cache for display 1479, callingUid 10243
09-23 16:54:40.404 I/InputMethodEntryManager( 8428): InputMethodEntryManager.resetLanguages():2905 resetLanguages() debounced: languages=null, conditionName=orientation
09-23 16:54:40.404 W/DisplayManagerService( 1948): Display info not found in cache for display 1474, callingUid 10243
09-23 16:54:40.404 I/ImeDefCache( 8428): ImeDefCache.clearCacheForLanguages():340 clearCacheForLanguages: languagesToClear=null, conditionName=orientation
09-23 16:54:40.404 I/AdditionalImeDefCache( 8428): AdditionalImeDefCache.clearAdditionalImeDefsForCondition():303 clearAdditionalImeDefsForCondition() clear additional ImeDefs: []
09-23 16:54:40.404 I/InputMethodEntryManager( 8428): InputMethodEntryManager.startLoadingInputMethodEntrySettings():814 Start loading input method entry settings: [LanguageTagVariantTuple{languageTag=en-US, variant=qwerty}, LanguageTagVariantTuple{languageTag=en-AU, variant=qwerty}]
09-23 16:54:40.404 W/DisplayManagerService( 1948): Display info not found in cache for display 1468, callingUid 10243
09-23 16:54:40.404 W/DisplayManagerService( 1948): Display info not found in cache for display 1460, callingUid 10243
09-23 16:54:40.405 I/InputMethodEntryManager( 8428): InputMethodEntryManager.updateInputMethodEntrySettingsLoadingTask():944 update loading task with resetImplicitlyEnabledEntries is false
09-23 16:54:40.405 W/DisplayManagerService( 1948): Display info not found in cache for display 1454, callingUid 10243
09-23 16:54:40.405 I/InputMethodEntryManager( 8428): InputMethodEntryManager$4.onSuccess():966 Success load entries: [LanguageTagVariantTuple{languageTag=en-US, variant=qwerty}, LanguageTagVariantTuple{languageTag=en-AU, variant=qwerty}], resetImplicitlyEnabledEntries=false, initialized=true
09-23 16:54:40.405 W/DisplayManagerService( 1948): Display info not found in cache for display 1450, callingUid 10243
09-23 16:54:40.405 W/DisplayManagerService( 1948): Display info not found in cache for display 1443, callingUid 10243
09-23 16:54:40.405 W/DisplayManagerService( 1948): Display info not found in cache for display 1437, callingUid 10243
09-23 16:54:40.405 W/DisplayManagerService( 1948): Display info not found in cache for display 1431, callingUid 10243
09-23 16:54:40.406 W/DisplayManagerService( 1948): Display info not found in cache for display 1425, callingUid 10243
09-23 16:54:40.406 W/DisplayManagerService( 1948): Display info not found in cache for display 1419, callingUid 10243
09-23 16:54:40.406 W/DisplayManagerService( 1948): Display info not found in cache for display 1413, callingUid 10243
09-23 16:54:40.406 W/DisplayManagerService( 1948): Display info not found in cache for display 1407, callingUid 10243
09-23 16:54:40.406 I/AHal::Waves::CustomAction( 1458): GetData: Custom Data: {2,0,1,}
09-23 16:54:40.406 W/DisplayManagerService( 1948): Display info not found in cache for display 1402, callingUid 10243
09-23 16:54:40.407 W/DisplayManagerService( 1948): Display info not found in cache for display 1396, callingUid 10243
09-23 16:54:40.407 W/DisplayManagerService( 1948): Display info not found in cache for display 1390, callingUid 10243
09-23 16:54:40.407 W/DisplayManagerService( 1948): Display info not found in cache for display 1384, callingUid 10243
09-23 16:54:40.407 W/DisplayManagerService( 1948): Display info not found in cache for display 1378, callingUid 10243
09-23 16:54:40.407 W/DisplayManagerService( 1948): Display info not found in cache for display 1372, callingUid 10243
09-23 16:54:40.408 W/DisplayManagerService( 1948): Display info not found in cache for display 1366, callingUid 10243
09-23 16:54:40.408 W/DisplayManagerService( 1948): Display info not found in cache for display 1360, callingUid 10243
09-23 16:54:40.408 W/DisplayManagerService( 1948): Display info not found in cache for display 1353, callingUid 10243
09-23 16:54:40.408 W/DisplayManagerService( 1948): Display info not found in cache for display 1347, callingUid 10243
09-23 16:54:40.408 W/DisplayManagerService( 1948): Display info not found in cache for display 1341, callingUid 10243
09-23 16:54:40.408 W/DisplayManagerService( 1948): Display info not found in cache for display 1335, callingUid 10243
09-23 16:54:40.409 W/DisplayManagerService( 1948): Display info not found in cache for display 1329, callingUid 10243
09-23 16:54:40.409 W/DisplayManagerService( 1948): Display info not found in cache for display 1323, callingUid 10243
09-23 16:54:40.409 W/DisplayManagerService( 1948): Display info not found in cache for display 1317, callingUid 10243
09-23 16:54:40.409 W/DisplayManagerService( 1948): Display info not found in cache for display 1311, callingUid 10243
09-23 16:54:40.410 W/DisplayManagerService( 1948): Display info not found in cache for display 1305, callingUid 10243
09-23 16:54:40.410 W/DisplayManagerService( 1948): Display info not found in cache for display 1299, callingUid 10243
09-23 16:54:40.410 I/PixelDisplayManager( 3337): onDisplayChanged(Built-in Screen, 0, local:4619827535830457088): screenOn=true, hbmMode=0, br=0.63, product=DeviceProductInfo{name=HK3-A0B-00, manufacturerPnpId=GGL, productId=0, modelYear=null, manufactureDate=ManufactureDate{week=1, year=1990}, connectionToSinkType=1, edidStructureMetadata=EdidStructureMetadata{version=0, revision=0}, videoInputType=0}
09-23 16:54:40.411 W/DisplayManagerService( 1948): Display info not found in cache for display 1293, callingUid 10243
09-23 16:54:40.411 I/KeyboardContextProvider( 8428): KeyboardContextProvider$KeyboardContextCache.createKeyboardContext():173 createKeyboardContext(): en-AU, nmm@b8b4fc5(com.android.inputmethod.latin.LatinIME@4506f3a), {1.0 505mcc1mnc [en_AU] ldltr sw448dp w448dp h997dp 480dpi nrml long compactNeeded hdr widecg port finger -keyb/v/h -nav/h winConfig={ mBounds=Rect(0, 0 - 1344, 2992) mAppBounds=Rect(0, 0 - 1344, 2992) mMaxBounds=Rect(0, 0 - 1344, 2992) mDisplayRotation=ROTATION_0 mWindowingMode=fullscreen mActivityType=undefined mAlwaysOnTop=undefined mRotation=ROTATION_0} as.2 s.225554 fontWeightAdjustment=0}
09-23 16:54:40.411 W/DisplayManagerService( 1948): Display info not found in cache for display 1287, callingUid 10243
09-23 16:54:40.411 W/DisplayManagerService( 1948): Display info not found in cache for display 1281, callingUid 10243
09-23 16:54:40.412 I/PerLanguageDataDownloader( 8428): PerLanguageDataDownloader.downloadDataInternal():168 downloading Data for en
09-23 16:54:40.412 I/ManifestedDataDownloader( 8428): ManifestedDataDownloader.download():67 downloading manifest https://www.gstatic.com/android/keyboard/modelpack/proactiveek/embedding_gemma/2025120304/en_manifest.json
09-23 16:54:40.413 I/AHal::AocPlaybackTuningAdapter( 1458): WriteReadTuningBuffer: updated tuning with size 20
09-23 16:54:40.413 W/DisplayManagerService( 1948): Display info not found in cache for display 1275, callingUid 10243
09-23 16:54:40.413 W/DisplayManagerService( 1948): Display info not found in cache for display 1268, callingUid 10243
09-23 16:54:40.414 W/DisplayManagerService( 1948): Display info not found in cache for display 1262, callingUid 10243
09-23 16:54:40.414 W/DisplayManagerService( 1948): Display info not found in cache for display 1255, callingUid 10243
09-23 16:54:40.415 W/DisplayManagerService( 1948): Display info not found in cache for display 1249, callingUid 10243
09-23 16:54:40.415 W/DisplayManagerService( 1948): Display info not found in cache for display 1243, callingUid 10243
09-23 16:54:40.415 W/DisplayManagerService( 1948): Display info not found in cache for display 1237, callingUid 10243
09-23 16:54:40.415 W/DisplayManagerService( 1948): Display info not found in cache for display 1229, callingUid 10243
09-23 16:54:40.416 W/DisplayManagerService( 1948): Display info not found in cache for display 1222, callingUid 10243
09-23 16:54:40.416 W/DisplayManagerService( 1948): Display info not found in cache for display 1215, callingUid 10243
09-23 16:54:40.416 W/DisplayManagerService( 1948): Display info not found in cache for display 1208, callingUid 10243
09-23 16:54:40.416 W/DisplayManagerService( 1948): Display info not found in cache for display 1201, callingUid 10243
09-23 16:54:40.417 W/DisplayManagerService( 1948): Display info not found in cache for display 1194, callingUid 10243
09-23 16:54:40.417 I/InputMethodEntryManager( 8428): InputMethodEntryManager.changeCurrentInputMethodEntry():3177 Set current input method entry: source=UNSPECIFIED, entryChanged=false, enablePersist=true, ouv{languageTag=en-US, variant=qwerty, hasLocalizedResources=true, conditionCacheKey=_android_software_xr_api_spatial=false_device=phone_device_size=default_enable_free_cursor_by_long_press_space=true_enable_number_row=false_enable_number_row_in_password=true_enable_pk_simulator=false_enable_pk_simulator_setting=false_enable_scrub_move=true_enable_secondary_digits=true_enable_secondary_symbols=false_enable_simplified_expression_keyboard=false_expressions=normal_four_or_more_letter_rows=false_free_cursor=false_free_cursor_in_split_keyboard_gap=false_keyboard_font_size_setting=_keyboard_mode=normal_language=en-US_layout_9key_split=false_orientation=portrait_physical_keyboard=nokeys_pk_simulator_vk_ready=false_pref_enable_flick_symbols=false_rtl_layout=false_show_comma_key=true_show_period_key=true_show_secondary_digits=true_show_suggestion_strip=true_show_suggestions=true_split_with_duplicate_keys=true_true=true_variant=qwerty_writing_helper_enable_by_word_revert=false, imeDef.stringId=ime_english_united_states, imeDef.className=com.google.android.apps.inputmethod.libs.latin5.LatinIme, imeDef.languageTag=en-US}
09-23 16:54:40.417 I/InputMethodEntryManager( 8428): InputMethodEntryManager.loadAdditionalImeDefsForCurrentEntry():3210 loadAdditionalImeDefsForCurrentEntry(): ouv{languageTag=en-US, variant=qwerty, hasLocalizedResources=true, conditionCacheKey=_android_software_xr_api_spatial=false_device=phone_device_size=default_enable_free_cursor_by_long_press_space=true_enable_number_row=false_enable_number_row_in_password=true_enable_pk_simulator=false_enable_pk_simulator_setting=false_enable_scrub_move=true_enable_secondary_digits=true_enable_secondary_symbols=false_enable_simplified_expression_keyboard=false_expressions=normal_four_or_more_letter_rows=false_free_cursor=false_free_cursor_in_split_keyboard_gap=false_keyboard_font_size_setting=_keyboard_mode=normal_language=en-US_layout_9key_split=false_orientation=portrait_physical_keyboard=nokeys_pk_simulator_vk_ready=false_pref_enable_flick_symbols=false_rtl_layout=false_show_comma_key=true_show_period_key=true_show_secondary_digits=true_show_suggestion_strip=true_show_suggestions=true_split_with_duplicate_keys=true_true=true_variant=qwerty_writing_helper_enable_by_word_revert=false, imeDef.stringId=ime_english_united_states, imeDef.className=com.google.android.apps.inputmethod.libs.latin5.LatinIme, imeDef.languageTag=en-US}
09-23 16:54:40.417 W/DisplayManagerService( 1948): Display info not found in cache for display 1187, callingUid 10243
09-23 16:54:40.417 I/InputMethodEntryManager( 8428): InputMethodEntryManager$6.onSuccess():3257 Success load additional ImeDefs, entryChanged=false, additionalImeDefsChanged=false, [ImeDef{stringId=password, language=und-Latn-x-password, languageTag=und-Latn-x-password, processedConditions={language=en-US, variant=qwerty, enable_number_row=true, device=phone, enable_pk_simulator=false, true=true, writing_helper_enable_by_word_revert=false, enable_number_row_in_password=true}, className=com.google.android.libraries.inputmethod.ime.password.PasswordIme, label=2132019413, keyEventInterpreter=null, inlineComposing=true, autoCapital=true, announceAutoSelectedCandidate=true, statusIcon=0, indicatorIcon=0, indicatorLabel=null, displayAppCompletions=false, extraValues=ppy{}, processors=com.google.android.libraries.inputmethod.metadata.ProcessorsDef@ea7c9ef, unacceptableMetaKeys=4098, languageSpecificSettings=0, asciiCapable=false, alwaysShowSuggestions=false, useAsciiPasswordKeyboard=false, keyboardGroupDef=KeyboardGroupDef(variant=qwerty, variantLabel=0, pkLanguageTag=, pkLayoutType=, dynamicLayout=null, layoutSpecificSettings=[], layoutSpecificTheme=2132083614, order=0, supportsSplitMode=true, supportsOneHandedMode=true, isVariantNameMandatory=false, keyboardDefInfos={prime=KeyboardDefInfo(kbType=prime, initialStates=0, keyboardSources=[Xml(resId=2132215151), Xml(resId=2132215814), Xml(resId=2132215343)], extraValues=ppy{}), digit=KeyboardDefInfo(kbType=digit, initialStates=0, keyboardSources=[Xml(resId=2132215775)], extraValues=ppy{}), symbol=KeyboardDefInfo(kbType=symbol, initialStates=0, keyboardSources=[Xml(resId=2132215955)], extraValues=ppy{})}, overrideKeyboardXmlConditions=com.google.android.libraries.inputmethod.metadata.OverrideKeyboardXmlConditionsDef@22e58d1), phenotypeFlagId=0, localizationLanguageTag=null, supportsInlineSuggestion=false}, ImeDef{stringId=number, language=und-Latn-x-number, languageTag=und-Latn-x-number, processedConditions={}, className=com.google.android.libraries.inputmethod.ime.DummyIme, label=2132019373, keyEventInterpreter=null, inlineComposing=true, autoCapital=false, announceAutoSelectedCandidate=false, statusIcon=0, indicatorIcon=0, indicatorLabel=null, displayAppCompletions=false, extraValues=ppy{}, processors=com.google.android.libraries.inputmethod.metadata.ProcessorsDef@ea7c9ef, unacceptableMetaKeys=4098, languageSpecificSettings=0, asciiCapable=false, alwaysShowSuggestions=false, useAsciiPasswordKeyboard=false, keyboardGroupDef=KeyboardGroupDef(variant=, variantLabel=0, pkLanguageTag=, pkLayoutType=, dynamicLayout=null, layoutSpecificSettings=[], layoutSpecificTheme=0, order=0, supportsSplitMode=false, supportsOneHandedMode=true, isVariantNameMandatory=false, keyboardDefInfos={prime=KeyboardDefInfo(kbType=prime, initialStates=0, keyboardSources=[Xml(resId=2132215780)], extraValues=ppy{})}, overrideKeyboardXmlConditions=com.google.android.libraries.inputmethod.metadata.OverrideKeyboardXmlConditionsDef@1), phenotypeFlagId=0, localizationLanguageTag=null, supportsInlineSuggestion=false}, ImeDef{stringId=number_password, language=und-Latn-x-number-password, languageTag=und-Latn-x-number-password, processedConditions={}, className=com.google.android.libraries.inputmethod.ime.DummyIme, label=2132019374, keyEventInterpreter=null, inlineComposing=true, autoCapital=false, announceAutoSelectedCandidate=false, statusIcon=0, indicatorIcon=0, indicatorLabel=null, displayAppCompletions=false, extraValues=ppy{}, processors=com.google.android.libraries.inputmethod.metadata.ProcessorsDef@ea7c9ef, unacceptableMetaKeys=4098, languageSpecificSettings=0, asciiCapable=false, alwaysShowSuggestions=false, useAsciiPasswordKeyboard=false, keyboardGroupDef=KeyboardGroupDef(variant=, variantLabel=0, pkLanguageTag=, pkLayoutType=, dynamicLayout=null, layoutSpecificSettings=[], layoutSpecificTheme=0, order=0, supportsSplitMode=false, supportsOneHandedMode=true, isVariantNameMandatory=false, keyboardDefInfos={prime=KeyboardDefInfo(kbType=prime, initialStates=0, keyboardSources=[Xml(
09-23 16:54:40.417 I/InputMethodEntryManager( 8428): resId=2132215781)], extraValues=ppy{})}, overrideKeyboardXmlConditions=com.google.android.libraries.inputmethod.metadata.OverrideKeyboardXmlConditionsDef@1), phenotypeFlagId=0, localizationLanguageTag=null, supportsInlineSuggestion=false}, ImeDef{stringId=phone_number, language=und-Latn-x-phone-number, languageTag=und-Latn-x-phone-number, processedConditions={}, className=com.google.android.libraries.inputmethod.ime.DummyIme, label=2132019445, keyEventInterpreter=null, inlineComposing=true, autoCapital=false, announceAutoSelectedCandidate=false, statusIcon=0, indicatorIcon=0, indicatorLabel=null, displayAppCompletions=false, extraValues=ppy{}, processors=com.google.android.libraries.inputmethod.metadata.ProcessorsDef@ea7c9ef, unacceptableMetaKeys=4098, languageSpecificSettings=0, asciiCapable=false, alwaysShowSuggestions=false, useAsciiPasswordKeyboard=false, keyboardGroupDef=KeyboardGroupDef(variant=, variantLabel=0, pkLanguageTag=, pkLayoutType=, dynamicLayout=null, layoutSpecificSettings=[], layoutSpecificTheme=0, order=0, supportsSplitMode=false, supportsOneHandedMode=true, isVariantNameMandatory=false, keyboardDefInfos={prime=KeyboardDefInfo(kbType=prime, initialStates=0, keyboardSources=[Xml(resId=2132215806)], extraValues=ppy{})}, overrideKeyboardXmlConditions=com.google.android.libraries.inputmethod.metadata.OverrideKeyboardXmlConditionsDef@1), phenotypeFlagId=0, localizationLanguageTag=null, supportsInlineSuggestion=false}, ImeDef{stringId=date_time, language=und-Latn-x-date-time, languageTag=und-Latn-x-date-time, processedConditions={}, className=com.google.android.libraries.inputmethod.ime.DummyIme, label=2132017836, keyEventInterpreter=null, inlineComposing=true, autoCapital=false, announceAutoSelectedCandidate=false, statusIcon=0, indicatorIcon=0, indicatorLabel=null, displayAppCompletions=false, extraValues=ppy{}, processors=com.google.android.libraries.inputmethod.metadata.ProcessorsDef@ea7c9ef, unacceptableMetaKeys=4098, languageSpecificSettings=0, asciiCapable=false, alwaysShowSuggestions=false, useAsciiPasswordKeyboard=false, keyboardGroupDef=KeyboardGroupDef(variant=, variantLabel=0, pkLanguageTag=, pkLayoutType=, dynamicLayout=null, layoutSpecificSettings=[], layoutSpecificTheme=0, order=0, supportsSplitMode=false, supportsOneHandedMode=true, isVariantNameMandatory=false, keyboardDefInfos={prime=KeyboardDefInfo(kbType=prime, initialStates=0, keyboardSources=[Xml(resId=2132215646)], extraValues=ppy{})}, overrideKeyboardXmlConditions=com.google.android.libraries.inputmethod.metadata.OverrideKeyboardXmlConditionsDef@1), phenotypeFlagId=0, localizationLanguageTag=null, supportsInlineSuggestion=false}]
09-23 16:54:40.417 I/InputMethodEntryManager( 8428): InputMethodEntryManager.onSuccessLoadingAdditionalImeDefs():3333 Additional ImeDefs have been loaded, maybe notify entry change: false
09-23 16:54:40.417 W/DisplayManagerService( 1948): Display info not found in cache for display 1180, callingUid 10243
09-23 16:54:40.418 W/DisplayManagerService( 1948): Display info not found in cache for display 1173, callingUid 10243
09-23 16:54:40.418 W/DisplayManagerService( 1948): Display info not found in cache for display 1166, callingUid 10243
09-23 16:54:40.418 W/DisplayManagerService( 1948): Display info not found in cache for display 1159, callingUid 10243
09-23 16:54:40.418 W/DisplayManagerService( 1948): Display info not found in cache for display 1152, callingUid 10243
09-23 16:54:40.418 W/DisplayManagerService( 1948): Display info not found in cache for display 1145, callingUid 10243
09-23 16:54:40.418 W/SystemServiceRegistry(22609): No service published for: personal_context
09-23 16:54:40.419 W/AmbientCueRepository(22609): spoonBarOptedIn not found, default to enabled
09-23 16:54:40.419 W/DisplayManagerService( 1948): Display info not found in cache for display 1138, callingUid 10243
09-23 16:54:40.419 W/DisplayManagerService( 1948): Display info not found in cache for display 1131, callingUid 10243
09-23 16:54:40.419 W/DisplayManagerService( 1948): Display info not found in cache for display 1124, callingUid 10243
09-23 16:54:40.419 W/DisplayManagerService( 1948): Display info not found in cache for display 1116, callingUid 10243
09-23 16:54:40.419 W/DisplayManagerService( 1948): Display info not found in cache for display 1109, callingUid 10243
09-23 16:54:40.420 W/DisplayManagerService( 1948): Display info not found in cache for display 1102, callingUid 10243
09-23 16:54:40.420 W/DisplayManagerService( 1948): Display info not found in cache for display 1095, callingUid 10243
09-23 16:54:40.420 W/DisplayManagerService( 1948): Display info not found in cache for display 1088, callingUid 10243
09-23 16:54:40.420 W/DisplayManagerService( 1948): Display info not found in cache for display 1081, callingUid 10243
09-23 16:54:40.420 W/DisplayManagerService( 1948): Display info not found in cache for display 1074, callingUid 10243
09-23 16:54:40.420 W/DisplayManagerService( 1948): Display info not found in cache for display 1066, callingUid 10243
09-23 16:54:40.421 W/DisplayManagerService( 1948): Display info not found in cache for display 1059, callingUid 10243
09-23 16:54:40.421 W/DisplayManagerService( 1948): Display info not found in cache for display 1053, callingUid 10243
09-23 16:54:40.421 W/DisplayManagerService( 1948): Display info not found in cache for display 1046, callingUid 10243
09-23 16:54:40.421 I/PixelDisplayManager( 3337): onDisplayChanged(Built-in Screen, 0, local:4619827535830457088): screenOn=true, hbmMode=0, br=0.63, product=DeviceProductInfo{name=HK3-A0B-00, manufacturerPnpId=GGL, productId=0, modelYear=null, manufactureDate=ManufactureDate{week=1, year=1990}, connectionToSinkType=1, edidStructureMetadata=EdidStructureMetadata{version=0, revision=0}, videoInputType=0}
09-23 16:54:40.421 W/DisplayManagerService( 1948): Display info not found in cache for display 1039, callingUid 10243
09-23 16:54:40.422 W/DisplayManagerService( 1948): Display info not found in cache for display 1032, callingUid 10243
09-23 16:54:40.422 W/DisplayManagerService( 1948): Display info not found in cache for display 1025, callingUid 10243
09-23 16:54:40.422 W/DisplayManagerService( 1948): Display info not found in cache for display 1018, callingUid 10243
09-23 16:54:40.422 W/DisplayManagerService( 1948): Display info not found in cache for display 1013, callingUid 10243
09-23 16:54:40.423 W/DisplayManagerService( 1948): Display info not found in cache for display 1008, callingUid 10243
09-23 16:54:40.423 W/DisplayManagerService( 1948): Display info not found in cache for display 1003, callingUid 10243
09-23 16:54:40.423 W/DisplayManagerService( 1948): Display info not found in cache for display 996, callingUid 10243
09-23 16:54:40.423 W/DisplayManagerService( 1948): Display info not found in cache for display 991, callingUid 10243
09-23 16:54:40.423 W/DisplayManagerService( 1948): Display info not found in cache for display 984, callingUid 10243
09-23 16:54:40.424 W/DisplayManagerService( 1948): Display info not found in cache for display 978, callingUid 10243
09-23 16:54:40.424 W/DisplayManagerService( 1948): Display info not found in cache for display 972, callingUid 10243
09-23 16:54:40.424 W/DisplayManagerService( 1948): Display info not found in cache for display 966, callingUid 10243
09-23 16:54:40.424 W/DisplayManagerService( 1948): Display info not found in cache for display 960, callingUid 10243
09-23 16:54:40.424 W/DisplayManagerService( 1948): Display info not found in cache for display 954, callingUid 10243
09-23 16:54:40.425 W/DisplayManagerService( 1948): Display info not found in cache for display 948, callingUid 10243
09-23 16:54:40.425 W/DisplayManagerService( 1948): Display info not found in cache for display 942, callingUid 10243
09-23 16:54:40.425 W/DisplayManagerService( 1948): Display info not found in cache for display 935, callingUid 10243
09-23 16:54:40.425 W/DisplayManagerService( 1948): Display info not found in cache for display 929, callingUid 10243
09-23 16:54:40.425 W/DisplayManagerService( 1948): Display info not found in cache for display 923, callingUid 10243
09-23 16:54:40.426 W/DisplayManagerService( 1948): Display info not found in cache for display 917, callingUid 10243
09-23 16:54:40.426 W/DisplayManagerService( 1948): Display info not found in cache for display 911, callingUid 10243
09-23 16:54:40.426 W/DisplayManagerService( 1948): Display info not found in cache for display 905, callingUid 10243
09-23 16:54:40.426 W/DisplayManagerService( 1948): Display info not found in cache for display 899, callingUid 10243
09-23 16:54:40.426 W/DisplayManagerService( 1948): Display info not found in cache for display 893, callingUid 10243
09-23 16:54:40.426 W/DisplayManagerService( 1948): Display info not found in cache for display 886, callingUid 10243
09-23 16:54:40.427 W/DisplayManagerService( 1948): Display info not found in cache for display 879, callingUid 10243
09-23 16:54:40.427 W/DisplayManagerService( 1948): Display info not found in cache for display 872, callingUid 10243
09-23 16:54:40.427 W/DisplayManagerService( 1948): Display info not found in cache for display 865, callingUid 10243
09-23 16:54:40.428 W/DisplayManagerService( 1948): Display info not found in cache for display 856, callingUid 10243
09-23 16:54:40.428 W/DisplayManagerService( 1948): Display info not found in cache for display 851, callingUid 10243
09-23 16:54:40.429 W/DisplayManagerService( 1948): Display info not found in cache for display 846, callingUid 10243
09-23 16:54:40.430 W/DisplayManagerService( 1948): Display info not found in cache for display 840, callingUid 10243
09-23 16:54:40.430 W/DisplayManagerService( 1948): Display info not found in cache for display 833, callingUid 10243
09-23 16:54:40.430 W/DisplayManagerService( 1948): Display info not found in cache for display 827, callingUid 10243
09-23 16:54:40.430 W/DisplayManagerService( 1948): Display info not found in cache for display 821, callingUid 10243
09-23 16:54:40.430 W/DisplayManagerService( 1948): Display info not found in cache for display 811, callingUid 10243
09-23 16:54:40.430 W/DisplayManagerService( 1948): Display info not found in cache for display 802, callingUid 10243
09-23 16:54:40.430 W/DisplayManagerService( 1948): Display info not found in cache for display 760, callingUid 10243
09-23 16:54:40.430 W/DisplayManagerService( 1948): Display info not found in cache for display 794, callingUid 10243
09-23 16:54:40.431 W/DisplayManagerService( 1948): Display info not found in cache for display 788, callingUid 10243
09-23 16:54:40.431 W/DisplayManagerService( 1948): Display info not found in cache for display 782, callingUid 10243
09-23 16:54:40.431 I/SP      ( 8428): Registering emoticon_content_description.2022081613, url: https://www.gstatic.com/android/keyboard/emoticon_content_desc/202208161305/superpacks_manifest.json, constraints: W:*:*:*, flags: bg, requested: 2022081613, current: 2022081613
09-23 16:54:40.431 I/SystemSubtypesReportModule( 8428): SystemSubtypesReportModule$1.onCurrentInputMethodEntryChanged():115 entry: en-US, source: UNSPECIFIED
09-23 16:54:40.432 I/GoogleInputMethodService( 8428): GoogleInputMethodService.onCurrentInputMethodEntryChanged():2618 onCurrentInputMethodEntryChanged(): imeDefsChanged=false, entryLanguageVariantChanged=false, keyboardContextChanged=false
09-23 16:54:40.432 I/GoogleInputMethodService( 8428): GoogleInputMethodService.onCurrentInputMethodEntryChanged():2645 Skip the entry change as the input method entry is consider as not changed.
09-23 16:54:40.432 I/GoogleInputMethodService( 8428): GoogleInputMethodService.onConfigurationChanged():1250 changedMask : 20000480
09-23 16:54:40.432 I/GoogleInputMethodService( 8428): GoogleInputMethodService.clearInputMethodServiceData():1193 clearInputMethodServiceData for configurationChange
09-23 16:54:40.432 I/GoogleInputMethodService( 8428): GoogleInputMethodService.discardAllKeyboardViewAndInputView():1447 discardAllKeyboardViewAndInputView()
09-23 16:54:40.432 I/AbstractOpenableExtension( 8428): AbstractOpenableExtension.maybeDestroyExistingKeyboardGroupManager():552 Destroy existing keyboard group manager in izi
09-23 16:54:40.432 I/AbstractOpenableExtension( 8428): AbstractOpenableExtension$3.onSuccess():572 KeyboardGroupManager destroyed in izi.
09-23 16:54:40.432 I/AbstractOpenableExtension( 8428): AbstractOpenableExtension.createKeyboardGroupManagerListenableFuture():122 Create keyboard group manager listenable future in izi
09-23 16:54:40.432 I/SuperpacksManagerImpl( 8428): SuperpacksManagerImpl$3$1.onSuccess():552 emoticon_content_description.registerManifest() succeeded
09-23 16:54:40.432 I/AbstractOpenableExtension( 8428): AbstractOpenableExtension.maybeDestroyExistingKeyboardGroupManager():552 Destroy existing keyboard group manager in ghn
09-23 16:54:40.432 I/AbstractOpenableExtension( 8428): AbstractOpenableExtension$3.onSuccess():572 KeyboardGroupManager destroyed in ghn.
09-23 16:54:40.432 I/AbstractOpenableExtension( 8428): AbstractOpenableExtension.createKeyboardGroupManagerListenableFuture():122 Create keyboard group manager listenable future in ghn
09-23 16:54:40.432 I/AbstractOpenableExtension( 8428): AbstractOpenableExtension.maybeDestroyExistingKeyboardGroupManager():552 Destroy existing keyboard group manager in jcz
09-23 16:54:40.432 I/AbstractOpenableExtension( 8428): AbstractOpenableExtension$3.onSuccess():572 KeyboardGroupManager destroyed in jcz.
09-23 16:54:40.432 I/AbstractOpenableExtension( 8428): AbstractOpenableExtension.createKeyboardGroupManagerListenableFuture():122 Create keyboard group manager listenable future in jcz
09-23 16:54:40.432 I/WindowMetricsHelper( 8428): WindowMetricsHelper.predictAndNotify():121 Window metrics predicted by cache.
09-23 16:54:40.432 I/KeyboardGroupDefParser( 8428): KeyboardGroupDefParser.parseKeyboardGroupDef():72 parseKeyboardGroupDef() 2132213851 -> 0_resource_name_obfuscated : WaitTime = 0 ms : RunTime = 1 ms
09-23 16:54:40.432 I/KeyboardGroupDefParser( 8428): KeyboardGroupDefParser.parseKeyboardGroupDef():72 parseKeyboardGroupDef() 2132213854 -> 0_resource_name_obfuscated : WaitTime = 1 ms : RunTime = 0 ms
09-23 16:54:40.432 I/DeviceModeModule( 8428): DeviceModeModule.calculateAndNotify():242 Device mode 'phone' from display metrics 'DisplayMetrics{density=0.0, width=1344, height=2992, scaledDensity=0.0, xdpi=487.68, ydpi=490.301}' or smallestScreenWidthDp: 448
09-23 16:54:40.432 I/KeyboardGroupDefParser( 8428): KeyboardGroupDefParser.parseKeyboardGroupDef():72 parseKeyboardGroupDef() 2132213855 -> 0_resource_name_obfuscated : WaitTime = 0 ms : RunTime = 0 ms
09-23 16:54:40.433 I/GoogleInputMethodService( 8428): GoogleInputMethodService$8.onWindowMetricsChanged():859 windowMetrics: bounds() = Rect(0, 151 - 1344, 2992), insets() = Rect(0, 0 - 0, 144)
09-23 16:54:40.433 W/LatinIMEBase( 8428): LatinIMEBase.updateInputViewCoverNavigation():322 Null input view, cannot update padding!
09-23 16:54:40.433 I/GoogleInputMethodService( 8428): GoogleInputMethodService.initializeInputMethodServiceData():914 initializeInputMethodServiceData for ouv{languageTag=en-US, variant=qwerty, hasLocalizedResources=true, conditionCacheKey=_android_software_xr_api_spatial=false_device=phone_device_size=default_enable_free_cursor_by_long_press_space=true_enable_number_row=false_enable_number_row_in_password=true_enable_pk_simulator=false_enable_pk_simulator_setting=false_enable_scrub_move=true_enable_secondary_digits=true_enable_secondary_symbols=false_enable_simplified_expression_keyboard=false_expressions=normal_four_or_more_letter_rows=false_free_cursor=false_free_cursor_in_split_keyboard_gap=false_keyboard_font_size_setting=_keyboard_mode=normal_language=en-US_layout_9key_split=false_orientation=portrait_physical_keyboard=nokeys_pk_simulator_vk_ready=false_pref_enable_flick_symbols=false_rtl_layout=false_show_comma_key=true_show_period_key=true_show_secondary_digits=true_show_suggestion_strip=true_show_suggestions=true_split_with_duplicate_keys=true_true=true_variant=qwerty_writing_helper_enable_by_word_revert=false, imeDef.stringId=ime_english_united_states, imeDef.className=com.google.android.apps.inputmethod.libs.latin5.LatinIme, imeDef.languageTag=en-US}
09-23 16:54:40.434 I/KeyboardThemeProvider( 8428): KeyboardThemeProvider.applyKeyboardTheme():27 Apply keyboard theme: theme,!gsf,!pgsf,!use_system_font,BORDER,FLAVOR_DPI=XXHDPI,IS_LIGHT,KEYBOARD_WIDTH_CATEGORY=NORMAL,KEY_BORDER_SHAPE=1,LIGHT_THEME=true,PHYSICAL_DIAGONAL=6.547641,POPUP,SCREEN_SHORTEST_WIDTH=448,SCREEN_SHORTEST_WIDTH_NO_SCALE=448,SW400DP,XXHDPI,bottom4dp,enable_popup_on_keypress=true,non_linear_scale,noshadow,overlay_builtin_dynamic_color_light_base.binarypb:gm3-light-fffff4f3-ff400d00-6253c8bf50d70951027564a8b1a025da,pgsans,silkpopup
09-23 16:54:40.434 I/InputMethodEntryManager( 8428): InputMethodEntryManager.getAdditionalImeDefs():2571 getAdditionalImeDefs() called, flag enabled: false, isUserUnlocked: true
09-23 16:54:40.434 I/InputMethodEntryManager( 8428): InputMethodEntryManager.getAdditionalImeDefs():2579 OptimizeAdditionalImeDefLoadingFlag disabled, retrieving additional ImeDefs synchronously for entry: ouv{languageTag=en-US, variant=qwerty, hasLocalizedResources=true, conditionCacheKey=_android_software_xr_api_spatial=false_device=phone_device_size=default_enable_free_cursor_by_long_press_space=true_enable_number_row=false_enable_number_row_in_password=true_enable_pk_simulator=false_enable_pk_simulator_setting=false_enable_scrub_move=true_enable_secondary_digits=true_enable_secondary_symbols=false_enable_simplified_expression_keyboard=false_expressions=normal_four_or_more_letter_rows=false_free_cursor=false_free_cursor_in_split_keyboard_gap=false_keyboard_font_size_setting=_keyboard_mode=normal_language=en-US_layout_9key_split=false_orientation=portrait_physical_keyboard=nokeys_pk_simulator_vk_ready=false_pref_enable_flick_symbols=false_rtl_layout=false_show_comma_key=true_show_period_key=true_show_secondary_digits=true_show_suggestion_strip=true_show_suggestions=true_split_with_duplicate_keys=true_true=true_variant=qwerty_writing_helper_enable_by_word_revert=false, imeDef.stringId=ime_english_united_states, imeDef.className=com.google.android.apps.inputmethod.libs.latin5.LatinIme, imeDef.languageTag=en-US}
09-23 16:54:40.434 I/InputBundle( 8428): InputBundle.prefetchKeyboard():679 prefetchKeyboard: prime
09-23 16:54:40.434 W/DisplayManagerService( 1948): Display info not found in cache for display 776, callingUid 10243
09-23 16:54:40.434 I/KeyboardDefManager( 8428): KeyboardDefManager.requestKeyboardDef():127 requestKeyboardDef(): type=prime, info=prm{defIds=[#0x7f17056f, #0x7f170806], defIdsCacheKey=2132215151,2132215814}
09-23 16:54:40.434 I/KeyboardDefManager( 8428): KeyboardDefManager.requestKeyboardDef():204 requestKeyboardDef(): getOrCreate from cache, info=prm{defIds=[#0x7f17056f, #0x7f170806], defIdsCacheKey=2132215151,2132215814}
09-23 16:54:40.434 I/KeyboardDefManager( 8428): KeyboardDefManager$Companion$addFutureCallbackForKeyboardDefReceiver$<anonymous>.onSuccess():467 requestKeyboardDef onSuccess(): info=prm{defIds=[#0x7f17056f, #0x7f170806], defIdsCacheKey=2132215151,2132215814}
09-23 16:54:40.435 W/DisplayManagerService( 1948): Display info not found in cache for display 770, callingUid 10243
09-23 16:54:40.435 I/KeyboardInterfacePrivate( 8428): IKeyboard.createKeyboard():71 Keyboard created from HiltKeyboardFactory: com.google.android.apps.inputmethod.latin.keyboard.LatinPrimeKeyboard
09-23 16:54:40.435 I/InputBundleManager( 8428): InputBundleManager.loadActiveInputBundleId():552 loadActiveInputBundleId: und-Latn-x-password, password
09-23 16:54:40.435 W/DisplayManagerService( 1948): Display info not found in cache for display 764, callingUid 10243
09-23 16:54:40.435 W/DisplayManagerService( 1948): Display info not found in cache for display 754, callingUid 10243
09-23 16:54:40.436 W/DisplayManagerService( 1948): Display info not found in cache for display 748, callingUid 10243
09-23 16:54:40.436 I/GoogleInputMethodService( 8428): GoogleInputMethodService.onStartInput():1532 onStartInput(EditorInfo{EditorInfo{packageName=app.morphe.android.youtube, inputType=0, inputTypeString=NULL, enableLearning=false, autoCorrection=false, autoComplete=false, imeOptions=0, privateImeOptions=null, actionName=UNSPECIFIED, actionLabel=null, initialSelStart=-1, initialSelEnd=-1, initialCapsMode=0, label=null, fieldId=0, fieldName=null, extras=null, hintText=null, hintLocales=[]}}, true)
09-23 16:54:40.436 W/SessionManager( 8428): SessionManager.beginSession():73 Try to begin an already begun session [INPUT_SESSION], end it first
09-23 16:54:40.436 W/LatinIMEBase( 8428): LatinIMEBase.updateInputViewCoverNavigation():322 Null input view, cannot update padding!
09-23 16:54:40.436 W/DisplayManagerService( 1948): Display info not found in cache for display 741, callingUid 10243
09-23 16:54:40.436 W/DisplayManagerService( 1948): Display info not found in cache for display 735, callingUid 10243
09-23 16:54:40.437 W/PrimesLoggerHolder( 8428): FrameMetricServiceImpl.start():170 measurement already started: MeasurementKey{rawStringEventName=null, noPiiEventName=OnConfigurationChanged, isActivity=false}
09-23 16:54:40.437 W/DisplayManagerService( 1948): Display info not found in cache for display 725, callingUid 10243
09-23 16:54:40.437 W/DisplayManagerService( 1948): Display info not found in cache for display 719, callingUid 10243
09-23 16:54:40.437 W/PackageConfigPersister( 1948): App-specific configuration not found for packageName: app.morphe.android.youtube and userId: 0
09-23 16:54:40.437 W/DisplayManagerService( 1948): Display info not found in cache for display 713, callingUid 10243
09-23 16:54:40.437 I/Module  ( 8428): DeviceLockedStatusModuleProvider$Module.updateDeviceLockedStatusInternal():119 repeatCheckTimes = 1, locked = false
09-23 16:54:40.437 W/DisplayManagerService( 1948): Display info not found in cache for display 707, callingUid 10243
09-23 16:54:40.438 W/DisplayManagerService( 1948): Display info not found in cache for display 700, callingUid 10243
09-23 16:54:40.438 W/DisplayManagerService( 1948): Display info not found in cache for display 694, callingUid 10243
09-23 16:54:40.438 W/DisplayManagerService( 1948): Display info not found in cache for display 657, callingUid 10243
09-23 16:54:40.438 I/DeviceStatusMonitor( 8428): DeviceStatusMonitor.onDisplayChanged():442 Display 0 rotation changed: 3 -> 0
09-23 16:54:40.439 W/DisplayManagerService( 1948): Display info not found in cache for display 688, callingUid 10243
09-23 16:54:40.439 W/DisplayManagerService( 1948): Display info not found in cache for display 682, callingUid 10243
09-23 16:54:40.439 W/DisplayManagerService( 1948): Display info not found in cache for display 676, callingUid 10243
09-23 16:54:40.440 W/DisplayManagerService( 1948): Display info not found in cache for display 670, callingUid 10243
09-23 16:54:40.440 W/DisplayManagerService( 1948): Display info not found in cache for display 664, callingUid 10243
09-23 16:54:40.440 W/DisplayManagerService( 1948): Display info not found in cache for display 659, callingUid 10243
09-23 16:54:40.441 W/DisplayManagerService( 1948): Display info not found in cache for display 650, callingUid 10243
09-23 16:54:40.441 W/DisplayManagerService( 1948): Display info not found in cache for display 643, callingUid 10243
09-23 16:54:40.441 W/DisplayManagerService( 1948): Display info not found in cache for display 635, callingUid 10243
09-23 16:54:40.441 W/DisplayManagerService( 1948): Display info not found in cache for display 628, callingUid 10243
09-23 16:54:40.442 W/DisplayManagerService( 1948): Display info not found in cache for display 621, callingUid 10243
09-23 16:54:40.442 W/DisplayManagerService( 1948): Display info not found in cache for display 614, callingUid 10243
09-23 16:54:40.442 W/DisplayManagerService( 1948): Display info not found in cache for display 609, callingUid 10243
09-23 16:54:40.445 W/ModuleManager( 8428): ModuleManager.loadModule():641 Module rru is not available
09-23 16:54:40.445 W/DisplayManagerService( 1948): Display info not found in cache for display 604, callingUid 10243
09-23 16:54:40.445 W/DisplayManagerService( 1948): Display info not found in cache for display 598, callingUid 10243
09-23 16:54:40.445 W/DisplayManagerService( 1948): Display info not found in cache for display 592, callingUid 10243
09-23 16:54:40.446 W/DisplayManagerService( 1948): Display info not found in cache for display 586, callingUid 10243
09-23 16:54:40.446 W/DisplayManagerService( 1948): Display info not found in cache for display 580, callingUid 10243
09-23 16:54:40.446 W/DisplayManagerService( 1948): Display info not found in cache for display 574, callingUid 10243
09-23 16:54:40.446 W/DisplayManagerService( 1948): Display info not found in cache for display 568, callingUid 10243
09-23 16:54:40.446 W/DisplayManagerService( 1948): Display info not found in cache for display 562, callingUid 10243
09-23 16:54:40.447 W/DisplayManagerService( 1948): Display info not found in cache for display 556, callingUid 10243
09-23 16:54:40.447 W/DisplayManagerService( 1948): Display info not found in cache for display 554, callingUid 10243
09-23 16:54:40.447 I/SP      ( 8428): Registering content_cache.2024032915, url: https://www.gstatic.com/android/keyboard/modelpack/contentcache/202403291544/superpacks_manifest.json, constraints: W:*:*:*, flags: bg, requested: 2024032915, current: 2024032915
09-23 16:54:40.447 I/DownloadManager( 8428): DownloadManager.completeDownload():434 Download for __PEKB_manifest_pek_blocklist__en scheduled with params pob[allowMetered=true, requireCharging=false, foreground=false, immediately=true, priority=0]
09-23 16:54:40.447 I/DownloadManager( 8428): DownloadManager.startDownload():518 start download of __PEKB_manifest_pek_blocklist__en
09-23 16:54:40.447 W/DisplayManagerService( 1948): Display info not found in cache for display 548, callingUid 10243
09-23 16:54:40.447 I/DownloadManager( 8428): DownloadManager$4.onSuccess():587 download for __PEKB_manifest_pek_blocklist__en is finished with files # tec@36f6f02f
09-23 16:54:40.447 W/DisplayManagerService( 1948): Display info not found in cache for display 542, callingUid 10243
09-23 16:54:40.448 W/DisplayManagerService( 1948): Display info not found in cache for display 536, callingUid 10243
09-23 16:54:40.448 W/DisplayManagerService( 1948): Display info not found in cache for display 530, callingUid 10243
09-23 16:54:40.448 W/DisplayManagerService( 1948): Display info not found in cache for display 523, callingUid 10243
09-23 16:54:40.449 W/DisplayManagerService( 1948): Display info not found in cache for display 517, callingUid 10243
09-23 16:54:40.449 W/DisplayManagerService( 1948): Display info not found in cache for display 511, callingUid 10243
09-23 16:54:40.449 W/DisplayManagerService( 1948): Display info not found in cache for display 505, callingUid 10243
09-23 16:54:40.450 W/DisplayManagerService( 1948): Display info not found in cache for display 497, callingUid 10243
09-23 16:54:40.450 I/ManifestedDataDownloader( 8428): ManifestedDataDownloader.checkVersionAndDownload():98 filegroup __PEKB_pek_blocklist__en with version 2025120304 is already downloaded
09-23 16:54:40.450 W/DisplayManagerService( 1948): Display info not found in cache for display 491, callingUid 10243
09-23 16:54:40.450 W/DisplayManagerService( 1948): Display info not found in cache for display 484, callingUid 10243
09-23 16:54:40.450 I/PerLanguageDataDownloader( 8428): PerLanguageDataDownloader$2.onSuccess():188 Data en downloaded with version 2025120304
09-23 16:54:40.450 W/DisplayManagerService( 1948): Display info not found in cache for display 479, callingUid 10243
09-23 16:54:40.450 W/DisplayManagerService( 1948): Display info not found in cache for display 473, callingUid 10243
09-23 16:54:40.451 W/DisplayManagerService( 1948): Display info not found in cache for display 462, callingUid 10243
09-23 16:54:40.451 W/DisplayManagerService( 1948): Display info not found in cache for display 455, callingUid 10243
09-23 16:54:40.451 W/DisplayManagerService( 1948): Display info not found in cache for display 450, callingUid 10243
09-23 16:54:40.451 W/DisplayManagerService( 1948): Display info not found in cache for display 445, callingUid 10243
09-23 16:54:40.451 W/DisplayManagerService( 1948): Display info not found in cache for display 439, callingUid 10243
09-23 16:54:40.451 W/LatinCommonMetricsProcessor( 8428): LatinCommonMetricsProcessor.processInputMethodEntryChanged():2602 The new entry is equal to the old entry
09-23 16:54:40.451 W/DisplayManagerService( 1948): Display info not found in cache for display 433, callingUid 10243
09-23 16:54:40.452 W/DisplayManagerService( 1948): Display info not found in cache for display 426, callingUid 10243
09-23 16:54:40.452 W/DisplayManagerService( 1948): Display info not found in cache for display 419, callingUid 10243
09-23 16:54:40.452 W/DisplayManagerService( 1948): Display info not found in cache for display 411, callingUid 10243
09-23 16:54:40.452 W/DisplayManagerService( 1948): Display info not found in cache for display 404, callingUid 10243
09-23 16:54:40.452 W/DisplayManagerService( 1948): Display info not found in cache for display 397, callingUid 10243
09-23 16:54:40.453 W/DisplayManagerService( 1948): Display info not found in cache for display 390, callingUid 10243
09-23 16:54:40.453 W/DisplayManagerService( 1948): Display info not found in cache for display 385, callingUid 10243
09-23 16:54:40.453 I/WindowManager( 1948): finishDrawing of orientation change: Window{1eef6c9 u0 ZonalAttCompensationOverlay} 59ms
09-23 16:54:40.453 W/DisplayManagerService( 1948): Display info not found in cache for display 380, callingUid 10243
09-23 16:54:40.453 W/DisplayManagerService( 1948): Display info not found in cache for display 374, callingUid 10243
09-23 16:54:40.453 W/DisplayManagerService( 1948): Display info not found in cache for display 367, callingUid 10243
09-23 16:54:40.454 W/DisplayManagerService( 1948): Display info not found in cache for display 360, callingUid 10243
09-23 16:54:40.454 W/DisplayManagerService( 1948): Display info not found in cache for display 353, callingUid 10243
09-23 16:54:40.454 W/DisplayManagerService( 1948): Display info not found in cache for display 348, callingUid 10243
09-23 16:54:40.454 W/DisplayManagerService( 1948): Display info not found in cache for display 343, callingUid 10243
09-23 16:54:40.454 W/DisplayManagerService( 1948): Display info not found in cache for display 336, callingUid 10243
09-23 16:54:40.455 W/DisplayManagerService( 1948): Display info not found in cache for display 329, callingUid 10243
09-23 16:54:40.458 I/SP      ( 8428): Syncing emoticon_content_description (2022081613) with slices: [7a635888cb828dfa2fc744b7b9b50f04], metadata: false
09-23 16:54:40.458 I/SuperpacksManagerImpl( 8428): SuperpacksManagerImpl$3$1.onSuccess():552 content_cache.registerManifest() succeeded
09-23 16:54:40.458 W/DisplayManagerService( 1948): Display info not found in cache for display 322, callingUid 10243
09-23 16:54:40.458 W/DisplayManagerService( 1948): Display info not found in cache for display 315, callingUid 10243
09-23 16:54:40.458 W/DisplayManagerService( 1948): Display info not found in cache for display 308, callingUid 10243
09-23 16:54:40.459 W/DisplayManagerService( 1948): Display info not found in cache for display 301, callingUid 10243
09-23 16:54:40.459 W/DisplayManagerService( 1948): Display info not found in cache for display 294, callingUid 10243
09-23 16:54:40.459 W/DisplayManagerService( 1948): Display info not found in cache for display 287, callingUid 10243
09-23 16:54:40.460 W/DisplayManagerService( 1948): Display info not found in cache for display 280, callingUid 10243
09-23 16:54:40.460 W/DisplayManagerService( 1948): Display info not found in cache for display 273, callingUid 10243
09-23 16:54:40.460 W/DisplayManagerService( 1948): Display info not found in cache for display 266, callingUid 10243
09-23 16:54:40.460 W/DisplayManagerService( 1948): Display info not found in cache for display 259, callingUid 10243
09-23 16:54:40.461 W/DisplayManagerService( 1948): Display info not found in cache for display 252, callingUid 10243
09-23 16:54:40.461 W/DisplayManagerService( 1948): Display info not found in cache for display 245, callingUid 10243
09-23 16:54:40.462 W/DisplayManagerService( 1948): Display info not found in cache for display 238, callingUid 10243
09-23 16:54:40.462 W/DisplayManagerService( 1948): Display info not found in cache for display 231, callingUid 10243
09-23 16:54:40.462 W/DisplayManagerService( 1948): Display info not found in cache for display 225, callingUid 10243
09-23 16:54:40.462 W/DisplayManagerService( 1948): Display info not found in cache for display 219, callingUid 10243
09-23 16:54:40.462 W/DisplayManagerService( 1948): Display info not found in cache for display 213, callingUid 10243
09-23 16:54:40.463 W/DisplayManagerService( 1948): Display info not found in cache for display 207, callingUid 10243
09-23 16:54:40.463 W/DisplayManagerService( 1948): Display info not found in cache for display 201, callingUid 10243
09-23 16:54:40.463 W/DisplayManagerService( 1948): Display info not found in cache for display 188, callingUid 10243
09-23 16:54:40.463 W/SystemServiceRegistry(22609): No service published for: personal_context
09-23 16:54:40.463 W/AmbientCueRepository(22609): spoonBarOptedIn not found, default to enabled
09-23 16:54:40.466 W/DisplayManagerService( 1948): Display info not found in cache for display 181, callingUid 10243
09-23 16:54:40.466 W/DisplayManagerService( 1948): Display info not found in cache for display 175, callingUid 10243
09-23 16:54:40.467 W/DisplayManagerService( 1948): Display info not found in cache for display 168, callingUid 10243
09-23 16:54:40.467 W/DisplayManagerService( 1948): Display info not found in cache for display 160, callingUid 10243
09-23 16:54:40.467 W/DisplayManagerService( 1948): Display info not found in cache for display 153, callingUid 10243
09-23 16:54:40.467 W/DisplayManagerService( 1948): Display info not found in cache for display 146, callingUid 10243
09-23 16:54:40.467 W/DisplayManagerService( 1948): Display info not found in cache for display 139, callingUid 10243
09-23 16:54:40.468 W/DisplayManagerService( 1948): Display info not found in cache for display 132, callingUid 10243
09-23 16:54:40.468 W/DisplayManagerService( 1948): Display info not found in cache for display 125, callingUid 10243
09-23 16:54:40.468 W/DisplayManagerService( 1948): Display info not found in cache for display 118, callingUid 10243
09-23 16:54:40.468 W/DisplayManagerService( 1948): Display info not found in cache for display 111, callingUid 10243
09-23 16:54:40.469 W/DisplayManagerService( 1948): Display info not found in cache for display 104, callingUid 10243
09-23 16:54:40.469 W/DisplayManagerService( 1948): Display info not found in cache for display 99, callingUid 10243
09-23 16:54:40.469 W/DisplayManagerService( 1948): Display info not found in cache for display 93, callingUid 10243
09-23 16:54:40.469 W/DisplayManagerService( 1948): Display info not found in cache for display 86, callingUid 10243
09-23 16:54:40.469 W/DisplayManagerService( 1948): Display info not found in cache for display 80, callingUid 10243
09-23 16:54:40.470 W/DisplayManagerService( 1948): Display info not found in cache for display 74, callingUid 10243
09-23 16:54:40.470 W/DisplayManagerService( 1948): Display info not found in cache for display 68, callingUid 10243
09-23 16:54:40.470 W/DisplayManagerService( 1948): Display info not found in cache for display 60, callingUid 10243
09-23 16:54:40.470 W/DisplayManagerService( 1948): Display info not found in cache for display 53, callingUid 10243
09-23 16:54:40.470 W/DisplayManagerService( 1948): Display info not found in cache for display 46, callingUid 10243
09-23 16:54:40.470 W/DisplayManagerService( 1948): Display info not found in cache for display 40, callingUid 10243
09-23 16:54:40.471 W/DisplayManagerService( 1948): Display info not found in cache for display 33, callingUid 10243
09-23 16:54:40.471 W/DisplayManagerService( 1948): Display info not found in cache for display 27, callingUid 10243
09-23 16:54:40.471 W/DisplayManagerService( 1948): Display info not found in cache for display 21, callingUid 10243
09-23 16:54:40.471 W/DisplayManagerService( 1948): Display info not found in cache for display 15, callingUid 10243
09-23 16:54:40.473 W/DisplayManagerService( 1948): Display info not found in cache for display 9, callingUid 10243
09-23 16:54:40.473 W/DisplayManagerService( 1948): Display info not found in cache for display 3, callingUid 10243
09-23 16:54:40.475 W/DisplayManagerService( 1948): Display info not found in cache for display 1649, callingUid 10243
09-23 16:54:40.475 W/DisplayManagerService( 1948): Display info not found in cache for display 1642, callingUid 10243
09-23 16:54:40.476 W/DisplayManagerService( 1948): Display info not found in cache for display 1635, callingUid 10243
09-23 16:54:40.476 W/DisplayManagerService( 1948): Display info not found in cache for display 1628, callingUid 10243
09-23 16:54:40.476 W/DisplayManagerService( 1948): Display info not found in cache for display 1623, callingUid 10243
09-23 16:54:40.476 W/DisplayManagerService( 1948): Display info not found in cache for display 1615, callingUid 10243
09-23 16:54:40.476 W/DisplayManagerService( 1948): Display info not found in cache for display 1607, callingUid 10243
09-23 16:54:40.477 W/DisplayManagerService( 1948): Display info not found in cache for display 1602, callingUid 10243
09-23 16:54:40.477 W/DisplayManagerService( 1948): Display info not found in cache for display 1596, callingUid 10243
09-23 16:54:40.477 W/DisplayManagerService( 1948): Display info not found in cache for display 1589, callingUid 10243
09-23 16:54:40.477 W/DisplayManagerService( 1948): Display info not found in cache for display 1584, callingUid 10243
09-23 16:54:40.478 W/DisplayManagerService( 1948): Display info not found in cache for display 1579, callingUid 10243
09-23 16:54:40.479 W/DisplayManagerService( 1948): Display info not found in cache for display 1572, callingUid 10243
09-23 16:54:40.480 W/DisplayManagerService( 1948): Display info not found in cache for display 1566, callingUid 10243
09-23 16:54:40.481 W/DisplayManagerService( 1948): Display info not found in cache for display 1560, callingUid 10243
09-23 16:54:40.482 W/DisplayManagerService( 1948): Display info not found in cache for display 1554, callingUid 10243
09-23 16:54:40.482 E/tmessages(18224): density = 3.0 display size = 1344 2769 487.68x490.301, screen layout: 268435810, statusbar height: 151, navbar height: 72
09-23 16:54:40.482 W/DisplayManagerService( 1948): Display info not found in cache for display 1548, callingUid 10243
09-23 16:54:40.482 W/DisplayManagerService( 1948): Display info not found in cache for display 1542, callingUid 10243
09-23 16:54:40.482 W/DisplayManagerService( 1948): Display info not found in cache for display 1535, callingUid 10243
09-23 16:54:40.483 W/DisplayManagerService( 1948): Display info not found in cache for display 1529, callingUid 10243
09-23 16:54:40.483 W/DisplayManagerService( 1948): Display info not found in cache for display 1523, callingUid 10243
09-23 16:54:40.483 W/DisplayManagerService( 1948): Display info not found in cache for display 1517, callingUid 10243
09-23 16:54:40.484 W/DisplayManagerService( 1948): Display info not found in cache for display 1511, callingUid 10243
09-23 16:54:40.484 W/DisplayManagerService( 1948): Display info not found in cache for display 1505, callingUid 10243
09-23 16:54:40.484 W/DisplayManagerService( 1948): Display info not found in cache for display 1498, callingUid 10243
09-23 16:54:40.484 W/DisplayManagerService( 1948): Display info not found in cache for display 1492, callingUid 10243
09-23 16:54:40.485 W/DisplayManagerService( 1948): Display info not found in cache for display 1485, callingUid 10243
09-23 16:54:40.485 W/DisplayManagerService( 1948): Display info not found in cache for display 1479, callingUid 10243
09-23 16:54:40.485 W/DisplayManagerService( 1948): Display info not found in cache for display 1474, callingUid 10243
09-23 16:54:40.486 W/DisplayManagerService( 1948): Display info not found in cache for display 1468, callingUid 10243
09-23 16:54:40.486 W/DisplayManagerService( 1948): Display info not found in cache for display 1460, callingUid 10243
09-23 16:54:40.486 W/DisplayManagerService( 1948): Display info not found in cache for display 1454, callingUid 10243
09-23 16:54:40.487 W/DisplayManagerService( 1948): Display info not found in cache for display 1450, callingUid 10243
09-23 16:54:40.487 W/DisplayManagerService( 1948): Display info not found in cache for display 1443, callingUid 10243
09-23 16:54:40.487 W/DisplayManagerService( 1948): Display info not found in cache for display 1437, callingUid 10243
09-23 16:54:40.487 W/DisplayManagerService( 1948): Display info not found in cache for display 1431, callingUid 10243
09-23 16:54:40.487 W/DisplayManagerService( 1948): Display info not found in cache for display 1425, callingUid 10243
09-23 16:54:40.488 W/DisplayManagerService( 1948): Display info not found in cache for display 1419, callingUid 10243
09-23 16:54:40.488 W/DisplayManagerService( 1948): Display info not found in cache for display 1413, callingUid 10243
09-23 16:54:40.488 W/DisplayManagerService( 1948): Display info not found in cache for display 1407, callingUid 10243
09-23 16:54:40.488 W/DisplayManagerService( 1948): Display info not found in cache for display 1402, callingUid 10243
09-23 16:54:40.488 W/DisplayManagerService( 1948): Display info not found in cache for display 1396, callingUid 10243
09-23 16:54:40.488 W/DisplayManagerService( 1948): Display info not found in cache for display 1390, callingUid 10243
09-23 16:54:40.489 W/DisplayManagerService( 1948): Display info not found in cache for display 1384, callingUid 10243
09-23 16:54:40.489 W/DisplayManagerService( 1948): Display info not found in cache for display 1378, callingUid 10243
09-23 16:54:40.489 W/DisplayManagerService( 1948): Display info not found in cache for display 1372, callingUid 10243
09-23 16:54:40.489 W/DisplayManagerService( 1948): Display info not found in cache for display 1366, callingUid 10243
09-23 16:54:40.489 W/DisplayManagerService( 1948): Display info not found in cache for display 1360, callingUid 10243
09-23 16:54:40.489 W/DisplayManagerService( 1948): Display info not found in cache for display 1353, callingUid 10243
09-23 16:54:40.490 W/DisplayManagerService( 1948): Display info not found in cache for display 1347, callingUid 10243
09-23 16:54:40.490 W/DisplayManagerService( 1948): Display info not found in cache for display 1341, callingUid 10243
09-23 16:54:40.490 W/DisplayManagerService( 1948): Display info not found in cache for display 1335, callingUid 10243
09-23 16:54:40.490 W/DisplayManagerService( 1948): Display info not found in cache for display 1329, callingUid 10243
09-23 16:54:40.491 W/DisplayManagerService( 1948): Display info not found in cache for display 1323, callingUid 10243
09-23 16:54:40.491 W/DisplayManagerService( 1948): Display info not found in cache for display 1317, callingUid 10243
09-23 16:54:40.491 W/DisplayManagerService( 1948): Display info not found in cache for display 1311, callingUid 10243
09-23 16:54:40.491 W/DisplayManagerService( 1948): Display info not found in cache for display 1305, callingUid 10243
09-23 16:54:40.491 W/DisplayManagerService( 1948): Display info not found in cache for display 1299, callingUid 10243
09-23 16:54:40.491 W/DisplayManagerService( 1948): Display info not found in cache for display 1293, callingUid 10243
09-23 16:54:40.492 W/DisplayManagerService( 1948): Display info not found in cache for display 1287, callingUid 10243
09-23 16:54:40.492 W/DisplayManagerService( 1948): Display info not found in cache for display 1281, callingUid 10243
09-23 16:54:40.492 W/DisplayManagerService( 1948): Display info not found in cache for display 1275, callingUid 10243
09-23 16:54:40.492 W/DisplayManagerService( 1948): Display info not found in cache for display 1268, callingUid 10243
09-23 16:54:40.492 W/DisplayManagerService( 1948): Display info not found in cache for display 1262, callingUid 10243
09-23 16:54:40.492 W/DisplayManagerService( 1948): Display info not found in cache for display 1255, callingUid 10243
09-23 16:54:40.492 W/DisplayManagerService( 1948): Display info not found in cache for display 1249, callingUid 10243
09-23 16:54:40.492 W/DisplayManagerService( 1948): Display info not found in cache for display 1243, callingUid 10243
09-23 16:54:40.493 W/DisplayManagerService( 1948): Display info not found in cache for display 1237, callingUid 10243
09-23 16:54:40.493 W/DisplayManagerService( 1948): Display info not found in cache for display 1229, callingUid 10243
09-23 16:54:40.493 W/DisplayManagerService( 1948): Display info not found in cache for display 1222, callingUid 10243
09-23 16:54:40.493 W/DisplayManagerService( 1948): Display info not found in cache for display 1215, callingUid 10243
09-23 16:54:40.493 W/DisplayManagerService( 1948): Display info not found in cache for display 1208, callingUid 10243
09-23 16:54:40.493 W/DisplayManagerService( 1948): Display info not found in cache for display 1201, callingUid 10243
09-23 16:54:40.494 W/DisplayManagerService( 1948): Display info not found in cache for display 1194, callingUid 10243
09-23 16:54:40.494 W/DisplayManagerService( 1948): Display info not found in cache for display 1187, callingUid 10243
09-23 16:54:40.494 W/DisplayManagerService( 1948): Display info not found in cache for display 1180, callingUid 10243
09-23 16:54:40.494 W/DisplayManagerService( 1948): Display info not found in cache for display 1173, callingUid 10243
09-23 16:54:40.494 W/DisplayManagerService( 1948): Display info not found in cache for display 1166, callingUid 10243
09-23 16:54:40.494 W/DisplayManagerService( 1948): Display info not found in cache for display 1159, callingUid 10243
09-23 16:54:40.494 W/DisplayManagerService( 1948): Display info not found in cache for display 1152, callingUid 10243
09-23 16:54:40.495 W/DisplayManagerService( 1948): Display info not found in cache for display 1145, callingUid 10243
09-23 16:54:40.495 W/DisplayManagerService( 1948): Display info not found in cache for display 1138, callingUid 10243
09-23 16:54:40.495 W/DisplayManagerService( 1948): Display info not found in cache for display 1131, callingUid 10243
09-23 16:54:40.495 I/SP      ( 8428): Syncing content_cache (2024032915) with slices: [74ed8b2e38ec1bc8af70aa63d8ec49de, 8722425f4121ffdea802b1066df73991, fa1da98da1212aad6fb9a8efaff48148], metadata: true
09-23 16:54:40.495 W/DisplayManagerService( 1948): Display info not found in cache for display 1124, callingUid 10243
09-23 16:54:40.495 W/DisplayManagerService( 1948): Display info not found in cache for display 1116, callingUid 10243
09-23 16:54:40.495 W/DisplayManagerService( 1948): Display info not found in cache for display 1109, callingUid 10243
09-23 16:54:40.495 W/DisplayManagerService( 1948): Display info not found in cache for display 1102, callingUid 10243
09-23 16:54:40.496 W/DisplayManagerService( 1948): Display info not found in cache for display 1095, callingUid 10243
09-23 16:54:40.496 W/DisplayManagerService( 1948): Display info not found in cache for display 1088, callingUid 10243
09-23 16:54:40.496 W/DisplayManagerService( 1948): Display info not found in cache for display 1081, callingUid 10243
09-23 16:54:40.496 W/DisplayManagerService( 1948): Display info not found in cache for display 1074, callingUid 10243
09-23 16:54:40.496 W/DisplayManagerService( 1948): Display info not found in cache for display 1066, callingUid 10243
09-23 16:54:40.496 W/DisplayManagerService( 1948): Display info not found in cache for display 1059, callingUid 10243
09-23 16:54:40.496 W/DisplayManagerService( 1948): Display info not found in cache for display 1053, callingUid 10243
09-23 16:54:40.497 W/DisplayManagerService( 1948): Display info not found in cache for display 1046, callingUid 10243
09-23 16:54:40.497 W/DisplayManagerService( 1948): Display info not found in cache for display 1039, callingUid 10243
09-23 16:54:40.497 W/DisplayManagerService( 1948): Display info not found in cache for display 1032, callingUid 10243
09-23 16:54:40.497 W/DisplayManagerService( 1948): Display info not found in cache for display 1025, callingUid 10243
09-23 16:54:40.497 W/DisplayManagerService( 1948): Display info not found in cache for display 1018, callingUid 10243
09-23 16:54:40.498 W/DisplayManagerService( 1948): Display info not found in cache for display 1013, callingUid 10243
09-23 16:54:40.498 W/DisplayManagerService( 1948): Display info not found in cache for display 1008, callingUid 10243
09-23 16:54:40.498 W/DisplayManagerService( 1948): Display info not found in cache for display 1003, callingUid 10243
09-23 16:54:40.498 W/DisplayManagerService( 1948): Display info not found in cache for display 996, callingUid 10243
09-23 16:54:40.498 W/DisplayManagerService( 1948): Display info not found in cache for display 991, callingUid 10243
09-23 16:54:40.498 W/DisplayManagerService( 1948): Display info not found in cache for display 984, callingUid 10243
09-23 16:54:40.499 W/DisplayManagerService( 1948): Display info not found in cache for display 978, callingUid 10243
09-23 16:54:40.499 W/DisplayManagerService( 1948): Display info not found in cache for display 972, callingUid 10243
09-23 16:54:40.499 W/DisplayManagerService( 1948): Display info not found in cache for display 966, callingUid 10243
09-23 16:54:40.499 W/DisplayManagerService( 1948): Display info not found in cache for display 960, callingUid 10243
09-23 16:54:40.499 W/DisplayManagerService( 1948): Display info not found in cache for display 954, callingUid 10243
09-23 16:54:40.499 W/DisplayManagerService( 1948): Display info not found in cache for display 948, callingUid 10243
09-23 16:54:40.499 W/DisplayManagerService( 1948): Display info not found in cache for display 942, callingUid 10243
09-23 16:54:40.499 W/DisplayManagerService( 1948): Display info not found in cache for display 935, callingUid 10243
09-23 16:54:40.500 W/DisplayManagerService( 1948): Display info not found in cache for display 929, callingUid 10243
09-23 16:54:40.500 W/DisplayManagerService( 1948): Display info not found in cache for display 923, callingUid 10243
09-23 16:54:40.500 W/DisplayManagerService( 1948): Display info not found in cache for display 917, callingUid 10243
09-23 16:54:40.500 W/DisplayManagerService( 1948): Display info not found in cache for display 911, callingUid 10243
09-23 16:54:40.500 W/DisplayManagerService( 1948): Display info not found in cache for display 905, callingUid 10243
09-23 16:54:40.500 W/DisplayManagerService( 1948): Display info not found in cache for display 899, callingUid 10243
09-23 16:54:40.501 W/DisplayManagerService( 1948): Display info not found in cache for display 893, callingUid 10243
09-23 16:54:40.501 W/DisplayManagerService( 1948): Display info not found in cache for display 886, callingUid 10243
09-23 16:54:40.501 W/DisplayManagerService( 1948): Display info not found in cache for display 879, callingUid 10243
09-23 16:54:40.501 W/DisplayManagerService( 1948): Display info not found in cache for display 872, callingUid 10243
09-23 16:54:40.501 W/DisplayManagerService( 1948): Display info not found in cache for display 865, callingUid 10243
09-23 16:54:40.501 W/DisplayManagerService( 1948): Display info not found in cache for display 856, callingUid 10243
09-23 16:54:40.501 W/DisplayManagerService( 1948): Display info not found in cache for display 851, callingUid 10243
09-23 16:54:40.502 W/DisplayManagerService( 1948): Display info not found in cache for display 846, callingUid 10243
09-23 16:54:40.502 W/DisplayManagerService( 1948): Display info not found in cache for display 840, callingUid 10243
09-23 16:54:40.502 W/DisplayManagerService( 1948): Display info not found in cache for display 833, callingUid 10243
09-23 16:54:40.502 W/DisplayManagerService( 1948): Display info not found in cache for display 827, callingUid 10243
09-23 16:54:40.502 W/DisplayManagerService( 1948): Display info not found in cache for display 821, callingUid 10243
09-23 16:54:40.502 W/DisplayManagerService( 1948): Display info not found in cache for display 811, callingUid 10243
09-23 16:54:40.502 W/DisplayManagerService( 1948): Display info not found in cache for display 802, callingUid 10243
09-23 16:54:40.503 W/DisplayManagerService( 1948): Display info not found in cache for display 794, callingUid 10243
09-23 16:54:40.503 W/DisplayManagerService( 1948): Display info not found in cache for display 788, callingUid 10243
09-23 16:54:40.503 W/DisplayManagerService( 1948): Display info not found in cache for display 782, callingUid 10243
09-23 16:54:40.503 W/DisplayManagerService( 1948): Display info not found in cache for display 776, callingUid 10243
09-23 16:54:40.503 W/DisplayManagerService( 1948): Display info not found in cache for display 770, callingUid 10243
09-23 16:54:40.503 W/DisplayManagerService( 1948): Display info not found in cache for display 764, callingUid 10243
09-23 16:54:40.504 W/DisplayManagerService( 1948): Display info not found in cache for display 754, callingUid 10243
09-23 16:54:40.504 W/DisplayManagerService( 1948): Display info not found in cache for display 748, callingUid 10243
09-23 16:54:40.504 W/DisplayManagerService( 1948): Display info not found in cache for display 741, callingUid 10243
09-23 16:54:40.504 W/DisplayManagerService( 1948): Display info not found in cache for display 735, callingUid 10243
09-23 16:54:40.504 W/DisplayManagerService( 1948): Display info not found in cache for display 725, callingUid 10243
09-23 16:54:40.504 W/DisplayManagerService( 1948): Display info not found in cache for display 719, callingUid 10243
09-23 16:54:40.504 W/DisplayManagerService( 1948): Display info not found in cache for display 713, callingUid 10243
09-23 16:54:40.505 W/DisplayManagerService( 1948): Display info not found in cache for display 707, callingUid 10243
09-23 16:54:40.505 W/DisplayManagerService( 1948): Display info not found in cache for display 700, callingUid 10243
09-23 16:54:40.505 W/DisplayManagerService( 1948): Display info not found in cache for display 694, callingUid 10243
09-23 16:54:40.506 W/DisplayManagerService( 1948): Display info not found in cache for display 688, callingUid 10243
09-23 16:54:40.506 W/DisplayManagerService( 1948): Display info not found in cache for display 682, callingUid 10243
09-23 16:54:40.507 W/DisplayManagerService( 1948): Display info not found in cache for display 676, callingUid 10243
09-23 16:54:40.507 W/DisplayManagerService( 1948): Display info not found in cache for display 670, callingUid 10243
09-23 16:54:40.507 W/DisplayManagerService( 1948): Display info not found in cache for display 664, callingUid 10243
09-23 16:54:40.507 W/DisplayManagerService( 1948): Display info not found in cache for display 659, callingUid 10243
09-23 16:54:40.507 W/DisplayManagerService( 1948): Display info not found in cache for display 650, callingUid 10243
09-23 16:54:40.508 W/DisplayManagerService( 1948): Display info not found in cache for display 643, callingUid 10243
09-23 16:54:40.508 W/DisplayManagerService( 1948): Display info not found in cache for display 635, callingUid 10243
09-23 16:54:40.508 W/DisplayManagerService( 1948): Display info not found in cache for display 628, callingUid 10243
09-23 16:54:40.508 W/DisplayManagerService( 1948): Display info not found in cache for display 621, callingUid 10243
09-23 16:54:40.508 W/DisplayManagerService( 1948): Display info not found in cache for display 614, callingUid 10243
09-23 16:54:40.508 W/DisplayManagerService( 1948): Display info not found in cache for display 609, callingUid 10243
09-23 16:54:40.509 W/DisplayManagerService( 1948): Display info not found in cache for display 604, callingUid 10243
09-23 16:54:40.509 W/DisplayManagerService( 1948): Display info not found in cache for display 598, callingUid 10243
09-23 16:54:40.509 W/DisplayManagerService( 1948): Display info not found in cache for display 592, callingUid 10243
09-23 16:54:40.509 W/DisplayManagerService( 1948): Display info not found in cache for display 586, callingUid 10243
09-23 16:54:40.509 W/DisplayManagerService( 1948): Display info not found in cache for display 580, callingUid 10243
09-23 16:54:40.510 W/DisplayManagerService( 1948): Display info not found in cache for display 574, callingUid 10243
09-23 16:54:40.510 W/DisplayManagerService( 1948): Display info not found in cache for display 568, callingUid 10243
09-23 16:54:40.510 W/DisplayManagerService( 1948): Display info not found in cache for display 562, callingUid 10243
09-23 16:54:40.510 W/DisplayManagerService( 1948): Display info not found in cache for display 556, callingUid 10243
09-23 16:54:40.510 W/DisplayManagerService( 1948): Display info not found in cache for display 554, callingUid 10243
09-23 16:54:40.510 W/DisplayManagerService( 1948): Display info not found in cache for display 548, callingUid 10243
09-23 16:54:40.511 W/DisplayManagerService( 1948): Display info not found in cache for display 542, callingUid 10243
09-23 16:54:40.511 W/DisplayManagerService( 1948): Display info not found in cache for display 536, callingUid 10243
09-23 16:54:40.511 W/DisplayManagerService( 1948): Display info not found in cache for display 530, callingUid 10243
09-23 16:54:40.511 W/DisplayManagerService( 1948): Display info not found in cache for display 523, callingUid 10243
09-23 16:54:40.511 W/DisplayManagerService( 1948): Display info not found in cache for display 517, callingUid 10243
09-23 16:54:40.511 W/DisplayManagerService( 1948): Display info not found in cache for display 511, callingUid 10243
09-23 16:54:40.511 W/DisplayManagerService( 1948): Display info not found in cache for display 505, callingUid 10243
09-23 16:54:40.512 W/DisplayManagerService( 1948): Display info not found in cache for display 497, callingUid 10243
09-23 16:54:40.512 W/DisplayManagerService( 1948): Display info not found in cache for display 491, callingUid 10243
09-23 16:54:40.512 W/DisplayManagerService( 1948): Display info not found in cache for display 484, callingUid 10243
09-23 16:54:40.512 W/DisplayManagerService( 1948): Display info not found in cache for display 479, callingUid 10243
09-23 16:54:40.512 W/DisplayManagerService( 1948): Display info not found in cache for display 473, callingUid 10243
09-23 16:54:40.512 W/DisplayManagerService( 1948): Display info not found in cache for display 462, callingUid 10243
09-23 16:54:40.512 W/DisplayManagerService( 1948): Display info not found in cache for display 455, callingUid 10243
09-23 16:54:40.512 W/DisplayManagerService( 1948): Display info not found in cache for display 450, callingUid 10243
09-23 16:54:40.513 W/DisplayManagerService( 1948): Display info not found in cache for display 445, callingUid 10243
09-23 16:54:40.513 W/DisplayManagerService( 1948): Display info not found in cache for display 439, callingUid 10243
09-23 16:54:40.513 W/DisplayManagerService( 1948): Display info not found in cache for display 433, callingUid 10243
09-23 16:54:40.513 W/DisplayManagerService( 1948): Display info not found in cache for display 426, callingUid 10243
09-23 16:54:40.513 W/DisplayManagerService( 1948): Display info not found in cache for display 419, callingUid 10243
09-23 16:54:40.513 W/DisplayManagerService( 1948): Display info not found in cache for display 411, callingUid 10243
09-23 16:54:40.513 W/DisplayManagerService( 1948): Display info not found in cache for display 404, callingUid 10243
09-23 16:54:40.513 W/DisplayManagerService( 1948): Display info not found in cache for display 397, callingUid 10243
09-23 16:54:40.514 W/DisplayManagerService( 1948): Display info not found in cache for display 390, callingUid 10243
09-23 16:54:40.514 W/DisplayManagerService( 1948): Display info not found in cache for display 385, callingUid 10243
09-23 16:54:40.514 W/DisplayManagerService( 1948): Display info not found in cache for display 380, callingUid 10243
09-23 16:54:40.514 W/DisplayManagerService( 1948): Display info not found in cache for display 374, callingUid 10243
09-23 16:54:40.514 W/DisplayManagerService( 1948): Display info not found in cache for display 367, callingUid 10243
09-23 16:54:40.514 W/DisplayManagerService( 1948): Display info not found in cache for display 360, callingUid 10243
09-23 16:54:40.515 W/DisplayManagerService( 1948): Display info not found in cache for display 353, callingUid 10243
09-23 16:54:40.515 W/DisplayManagerService( 1948): Display info not found in cache for display 348, callingUid 10243
09-23 16:54:40.515 W/DisplayManagerService( 1948): Display info not found in cache for display 343, callingUid 10243
09-23 16:54:40.515 W/DisplayManagerService( 1948): Display info not found in cache for display 336, callingUid 10243
09-23 16:54:40.515 W/DisplayManagerService( 1948): Display info not found in cache for display 329, callingUid 10243
09-23 16:54:40.515 W/DisplayManagerService( 1948): Display info not found in cache for display 322, callingUid 10243
09-23 16:54:40.515 W/DisplayManagerService( 1948): Display info not found in cache for display 315, callingUid 10243
09-23 16:54:40.516 W/DisplayManagerService( 1948): Display info not found in cache for display 308, callingUid 10243
09-23 16:54:40.516 W/DisplayManagerService( 1948): Display info not found in cache for display 301, callingUid 10243
09-23 16:54:40.516 W/DisplayManagerService( 1948): Display info not found in cache for display 294, callingUid 10243
09-23 16:54:40.516 W/DisplayManagerService( 1948): Display info not found in cache for display 287, callingUid 10243
09-23 16:54:40.516 W/DisplayManagerService( 1948): Display info not found in cache for display 280, callingUid 10243
09-23 16:54:40.516 W/DisplayManagerService( 1948): Display info not found in cache for display 273, callingUid 10243
09-23 16:54:40.517 W/DisplayManagerService( 1948): Display info not found in cache for display 266, callingUid 10243
09-23 16:54:40.517 W/DisplayManagerService( 1948): Display info not found in cache for display 259, callingUid 10243
09-23 16:54:40.517 W/DisplayManagerService( 1948): Display info not found in cache for display 252, callingUid 10243
09-23 16:54:40.517 W/DisplayManagerService( 1948): Display info not found in cache for display 245, callingUid 10243
09-23 16:54:40.517 W/DisplayManagerService( 1948): Display info not found in cache for display 238, callingUid 10243
09-23 16:54:40.517 W/DisplayManagerService( 1948): Display info not found in cache for display 231, callingUid 10243
09-23 16:54:40.518 W/DisplayManagerService( 1948): Display info not found in cache for display 225, callingUid 10243
09-23 16:54:40.518 W/DisplayManagerService( 1948): Display info not found in cache for display 219, callingUid 10243
09-23 16:54:40.518 W/DisplayManagerService( 1948): Display info not found in cache for display 213, callingUid 10243
09-23 16:54:40.518 W/DisplayManagerService( 1948): Display info not found in cache for display 207, callingUid 10243
09-23 16:54:40.518 W/DisplayManagerService( 1948): Display info not found in cache for display 201, callingUid 10243
09-23 16:54:40.518 W/DisplayManagerService( 1948): Display info not found in cache for display 188, callingUid 10243
09-23 16:54:40.519 W/DisplayManagerService( 1948): Display info not found in cache for display 181, callingUid 10243
09-23 16:54:40.519 W/DisplayManagerService( 1948): Display info not found in cache for display 175, callingUid 10243
09-23 16:54:40.519 W/DisplayManagerService( 1948): Display info not found in cache for display 168, callingUid 10243
09-23 16:54:40.519 W/DisplayManagerService( 1948): Display info not found in cache for display 160, callingUid 10243
09-23 16:54:40.519 W/DisplayManagerService( 1948): Display info not found in cache for display 153, callingUid 10243
09-23 16:54:40.519 W/DisplayManagerService( 1948): Display info not found in cache for display 146, callingUid 10243
09-23 16:54:40.520 W/DisplayManagerService( 1948): Display info not found in cache for display 139, callingUid 10243
09-23 16:54:40.520 W/DisplayManagerService( 1948): Display info not found in cache for display 132, callingUid 10243
09-23 16:54:40.520 W/DisplayManagerService( 1948): Display info not found in cache for display 125, callingUid 10243
09-23 16:54:40.520 W/DisplayManagerService( 1948): Display info not found in cache for display 118, callingUid 10243
09-23 16:54:40.520 W/DisplayManagerService( 1948): Display info not found in cache for display 111, callingUid 10243
09-23 16:54:40.520 W/DisplayManagerService( 1948): Display info not found in cache for display 104, callingUid 10243
09-23 16:54:40.521 W/DisplayManagerService( 1948): Display info not found in cache for display 99, callingUid 10243
09-23 16:54:40.521 W/DisplayManagerService( 1948): Display info not found in cache for display 93, callingUid 10243
09-23 16:54:40.521 W/DisplayManagerService( 1948): Display info not found in cache for display 86, callingUid 10243
09-23 16:54:40.521 W/DisplayManagerService( 1948): Display info not found in cache for display 80, callingUid 10243
09-23 16:54:40.521 W/DisplayManagerService( 1948): Display info not found in cache for display 74, callingUid 10243
09-23 16:54:40.522 W/DisplayManagerService( 1948): Display info not found in cache for display 68, callingUid 10243
09-23 16:54:40.522 W/DisplayManagerService( 1948): Display info not found in cache for display 60, callingUid 10243
09-23 16:54:40.522 W/DisplayManagerService( 1948): Display info not found in cache for display 53, callingUid 10243
09-23 16:54:40.522 W/DisplayManagerService( 1948): Display info not found in cache for display 46, callingUid 10243
09-23 16:54:40.522 W/DisplayManagerService( 1948): Display info not found in cache for display 40, callingUid 10243
09-23 16:54:40.522 W/DisplayManagerService( 1948): Display info not found in cache for display 33, callingUid 10243
09-23 16:54:40.523 W/DisplayManagerService( 1948): Display info not found in cache for display 27, callingUid 10243
09-23 16:54:40.523 W/DisplayManagerService( 1948): Display info not found in cache for display 21, callingUid 10243
09-23 16:54:40.523 W/DisplayManagerService( 1948): Display info not found in cache for display 15, callingUid 10243
09-23 16:54:40.523 W/DisplayManagerService( 1948): Display info not found in cache for display 9, callingUid 10243
09-23 16:54:40.523 W/DisplayManagerService( 1948): Display info not found in cache for display 3, callingUid 10243
09-23 16:54:40.525 I/NoBackGesture( 3031): Config changed: newConfig={1.0 505mcc1mnc [en_US_#u-mu-celsius,en_AU_#u-mu-celsius] ldltr sw448dp w448dp h997dp 480dpi nrml long compactNeeded hdr widecg port finger -keyb/v/h -nav/h winConfig={ mBounds=Rect(0, 0 - 1344, 2992) mAppBounds=Rect(0, 0 - 1344, 2992) mMaxBounds=Rect(0, 0 - 1344, 2992) mDisplayRotation=ROTATION_0 mWindowingMode=fullscreen mActivityType=undefined mAlwaysOnTop=undefined mRotation=ROTATION_0} as.2 s.241544 fontWeightAdjustment=0} lastReportedConfig={1.0 505mcc1mnc [en_US_#u-mu-celsius,en_AU_#u-mu-celsius] ldltr sw448dp w997dp h448dp 480dpi nrml long compactNeeded hdr widecg land finger -keyb/v/h -nav/h winConfig={ mBounds=Rect(0, 0 - 2992, 1344) mAppBounds=Rect(0, 0 - 2992, 1344) mMaxBounds=Rect(0, 0 - 2992, 1344) mDisplayRotation=ROTATION_270 mWindowingMode=fullscreen mActivityType=undefined mAlwaysOnTop=undefined mRotation=ROTATION_270} as.2 s.241403 fontWeightAdjustment=0}
09-23 16:54:40.526 I/NoBackGesture( 3031): NavbarController: newConfig={1.0 505mcc1mnc [en_US_#u-mu-celsius,en_AU_#u-mu-celsius] ldltr sw448dp w448dp h997dp 480dpi nrml long compactNeeded hdr widecg port finger -keyb/v/h -nav/h winConfig={ mBounds=Rect(0, 0 - 1344, 2992) mAppBounds=Rect(0, 0 - 1344, 2992) mMaxBounds=Rect(0, 0 - 1344, 2992) mDisplayRotation=ROTATION_0 mWindowingMode=fullscreen mActivityType=undefined mAlwaysOnTop=undefined mRotation=ROTATION_0} as.2 s.241544 fontWeightAdjustment=0} mTaskbarDelegate initialized=true willApplyConfigToNavbars=false navBarCount=0
09-23 16:54:40.529 I/SP      ( 8428): Sync for emoticon_content_description succeeded in 83 ms: no changes
09-23 16:54:40.529 I/SP      ( 8428): GC for 'emoticon_content_description' (10) with ttl of 0 ms took 0 ms (0/0/0)
09-23 16:54:40.530 I/SuperpacksManagerImpl( 8428): SuperpacksManagerImpl$19.onSyncSuccess():947 emoticon_content_description.sync() succeeded
09-23 16:54:40.535 I/SP      ( 8428): Sync for content_cache succeeded in 45 ms: no changes
09-23 16:54:40.535 I/SP      ( 8428): GC for 'content_cache' (10) with ttl of 0 ms took 0 ms (0/0/0)
09-23 16:54:40.535 I/SuperpacksManagerImpl( 8428): SuperpacksManagerImpl$19.onSyncSuccess():947 content_cache.sync() succeeded
09-23 16:54:40.536 W/ConstraintSet( 3031): id unknown seamless_vertical_guideline
09-23 16:54:40.536 W/ConstraintSet( 3031): id unknown icon
09-23 16:54:40.536 W/ConstraintSet( 3031): id unknown device_suggestion_container
09-23 16:54:40.536 W/ConstraintSet( 3031): id unknown media_session_vertical_barrier
09-23 16:54:40.536 W/ConstraintSet( 3031): id unknown media_seamless
09-23 16:54:40.536 W/ConstraintSet( 3031): id unknown media_action_barrier_end
09-23 16:54:40.536 W/ConstraintSet( 3031): id unknown media_action_barrier_top
09-23 16:54:40.537 W/ConstraintSet( 3031): id unknown remove_text
09-23 16:54:40.537 W/ConstraintSet( 3031): id unknown settings
09-23 16:54:40.537 W/ConstraintSet( 3031): id unknown dismiss
09-23 16:54:40.537 W/ConstraintSet( 3031): id unknown cancel
09-23 16:54:40.545 W/ConstraintSet( 3031): id unknown seamless_vertical_guideline
09-23 16:54:40.545 W/ConstraintSet( 3031): id unknown action_button_guideline
09-23 16:54:40.545 W/ConstraintSet( 3031): id unknown icon
09-23 16:54:40.545 W/ConstraintSet( 3031): id unknown device_suggestion_container
09-23 16:54:40.545 W/ConstraintSet( 3031): id unknown media_session_vertical_barrier
09-23 16:54:40.545 W/ConstraintSet( 3031): id unknown media_seamless
09-23 16:54:40.546 W/ConstraintSet( 3031): id unknown media_action_barrier_start
09-23 16:54:40.546 W/ConstraintSet( 3031): id unknown media_action_barrier_end
09-23 16:54:40.546 W/ConstraintSet( 3031): id unknown media_action_barrier_top
09-23 16:54:40.546 W/ConstraintSet( 3031): id unknown remove_text
09-23 16:54:40.546 W/ConstraintSet( 3031): id unknown settings
09-23 16:54:40.546 W/ConstraintSet( 3031): id unknown dismiss
09-23 16:54:40.546 W/ConstraintSet( 3031): id unknown cancel
09-23 16:54:40.577 I/WindowManager( 1948): finishDrawing of orientation change: Window{5cd40d7 u0 ScreenDecorHwcOverlay} 182ms
09-23 16:54:40.579 W/ConstraintSet( 3031): id unknown seamless_vertical_guideline
09-23 16:54:40.579 W/ConstraintSet( 3031): id unknown action_button_guideline
09-23 16:54:40.579 W/ConstraintSet( 3031): id unknown icon
09-23 16:54:40.579 W/ConstraintSet( 3031): id unknown device_suggestion_container
09-23 16:54:40.579 W/ConstraintSet( 3031): id unknown media_session_vertical_barrier
09-23 16:54:40.579 W/ConstraintSet( 3031): id unknown media_seamless
09-23 16:54:40.579 W/ConstraintSet( 3031): id unknown media_action_barrier_start
09-23 16:54:40.579 W/ConstraintSet( 3031): id unknown media_action_barrier_end
09-23 16:54:40.579 W/ConstraintSet( 3031): id unknown media_action_barrier_top
09-23 16:54:40.579 W/ConstraintSet( 3031): id unknown remove_text
09-23 16:54:40.579 W/ConstraintSet( 3031): id unknown settings
09-23 16:54:40.579 W/ConstraintSet( 3031): id unknown dismiss
09-23 16:54:40.579 W/ConstraintSet( 3031): id unknown cancel
09-23 16:54:40.598 W/ConstraintSet( 3031): id unknown seamless_vertical_guideline
09-23 16:54:40.598 W/ConstraintSet( 3031): id unknown action_button_guideline
09-23 16:54:40.598 W/ConstraintSet( 3031): id unknown icon
09-23 16:54:40.598 W/ConstraintSet( 3031): id unknown device_suggestion_container
09-23 16:54:40.598 W/ConstraintSet( 3031): id unknown media_session_vertical_barrier
09-23 16:54:40.598 W/ConstraintSet( 3031): id unknown media_seamless
09-23 16:54:40.598 W/ConstraintSet( 3031): id unknown media_action_barrier_start
09-23 16:54:40.598 W/ConstraintSet( 3031): id unknown media_action_barrier_end
09-23 16:54:40.598 W/ConstraintSet( 3031): id unknown media_action_barrier_top
09-23 16:54:40.598 W/ConstraintSet( 3031): id unknown remove_text
09-23 16:54:40.598 W/ConstraintSet( 3031): id unknown settings
09-23 16:54:40.598 W/ConstraintSet( 3031): id unknown dismiss
09-23 16:54:40.598 W/ConstraintSet( 3031): id unknown cancel
09-23 16:54:40.604 W/View    ( 3031): requestLayout() improperly called by android.widget.ImageButton{7a9b621 IF.D..C.. ......ID 0,276-0,276 #7f0a0699 app:id/page_left} during layout: running second layout pass
09-23 16:54:40.604 W/View    ( 3031): requestLayout() improperly called by android.widget.ImageButton{2e9a407 IFED..C.. ......ID 2745,276-2745,276 #7f0a069a app:id/page_right} during layout: running second layout pass
09-23 16:54:40.604 W/View    ( 3031): requestLayout() improperly called by androidx.constraintlayout.widget.Barrier{c8b7a1b I.ED..... ......ID 2374,0-2374,0 #7f0a0584 app:id/media_session_vertical_barrier} during layout: running second layout pass
09-23 16:54:40.604 W/View    ( 3031): requestLayout() improperly called by androidx.constraintlayout.widget.Barrier{27967b8 I.ED..... ......ID 0,0-0,0 #7f0a056e app:id/media_action_barrier_start} during layout: running second layout pass
09-23 16:54:40.604 W/View    ( 3031): requestLayout() improperly called by androidx.constraintlayout.widget.Barrier{b9b6991 I.ED..... ......ID 2745,0-2745,0 #7f0a056d app:id/media_action_barrier_end} during layout: running second layout pass
09-23 16:54:40.604 W/View    ( 3031): requestLayout() improperly called by androidx.constraintlayout.widget.Barrier{27c50f6 I.ED..... ......ID 0,408-0,408 #7f0a056f app:id/media_action_barrier_top} during layout: running second layout pass
09-23 16:54:40.604 W/View    ( 3031): requestLayout() improperly called by android.widget.TextView{9394764 I.ED..... ......ID 144,552-144,552 #7f0a057e app:id/media_scrubbing_elapsed_time} during layout: running second layout pass
09-23 16:54:40.604 W/View    ( 3031): requestLayout() improperly called by android.widget.TextView{6948682 I.ED..... ......ID 2745,552-2745,552 #7f0a057f app:id/media_scrubbing_total_time} during layout: running second layout pass
09-23 16:54:40.604 W/View    ( 3031): requestLayout() improperly called by com.android.systemui.util.animation.TransitionLayout{746ca46 VFE...CL. ......ID 0,0-2745,552 #7f0a071a app:id/qs_media_controls} during layout: running second layout pass
09-23 16:54:40.604 W/View    ( 3031): requestLayout() improperly called by com.android.internal.widget.CachingIconView{3a863da I.ED..... ......ID 48,356-48,356 #7f0a0575 app:id/media_explicit_indicator} during layout: running second layout pass
09-23 16:54:40.604 W/View    ( 3031): requestLayout() improperly called by android.widget.ImageButton{8c51193 IF.D..C.. ......ID 2745,552-2745,552 #7f0a0054 app:id/action0} during layout: running second layout pass
09-23 16:54:40.604 W/View    ( 3031): requestLayout() improperly called by android.widget.ImageButton{1f575d0 IF.D..C.. ......ID 2745,552-2745,552 #7f0a0055 app:id/action1} during layout: running second layout pass
09-23 16:54:40.604 W/View    ( 3031): requestLayout() improperly called by android.widget.ImageButton{cca935d IFED..C.. ......ID 2745,552-2745,552 #7f0a0056 app:id/action2} during layout: running second layout pass
09-23 16:54:40.604 W/View    ( 3031): requestLayout() improperly called by android.widget.ImageButton{a7279a3 IFED..C.. ......ID 2745,552-2745,552 #7f0a0057 app:id/action3} during layout: running second layout pass
09-23 16:54:40.604 W/View    ( 3031): requestLayout() improperly called by android.widget.ImageButton{9220859 IFED..C.. ......ID 2745,552-2745,552 #7f0a0058 app:id/action4} during layout: running second layout pass
09-23 16:54:40.618 I/ImeTracker( 1948): system_server:65426f0: onRequestHide at ORIGIN_SERVER reason IME_REQUESTED_CHANGED_LISTENER fromUser false displayId 0
09-23 16:54:40.618 I/ImeTracker( 1948): system_server:65426f0: onCancelled at PHASE_SERVER_SHOULD_HIDE
09-23 16:54:40.621 W/ImageLoader( 3031): Failed to load source Resource{name=com.android.systemui:drawable/ic_brightness_medium}
09-23 16:54:40.621 W/ImageLoader( 3031): android.graphics.ImageDecoder$DecodeException: Failed to create image decoder with message 'unimplemented'Input contained an error.
09-23 16:54:40.621 W/ImageLoader( 3031): 	at android.graphics.ImageDecoder.nCreate(Native Method)
09-23 16:54:40.621 W/ImageLoader( 3031): 	at android.graphics.ImageDecoder.createFromAsset(ImageDecoder.java:551)
09-23 16:54:40.621 W/ImageLoader( 3031): 	at android.graphics.ImageDecoder.-$$Nest$smcreateFromAsset(ImageDecoder.java:0)
09-23 16:54:40.621 W/ImageLoader( 3031): 	at android.graphics.ImageDecoder$ResourceSource.createImageDecoder(ImageDecoder.java:528)
09-23 16:54:40.621 W/ImageLoader( 3031): 	at android.graphics.ImageDecoder.decodeDrawableImpl(ImageDecoder.java:1879)
09-23 16:54:40.621 W/ImageLoader( 3031): 	at android.graphics.ImageDecoder.decodeDrawable(ImageDecoder.java:1871)
09-23 16:54:40.621 W/ImageLoader( 3031): 	at com.android.systemui.graphics.ImageLoaderImpl.loadDrawableSync(go/retraceme 109b9d95419d40ed7f94ba06f2e494aa100aa2b80b21457e78a8af5d54598634:37)
09-23 16:54:40.621 W/ImageLoader( 3031): 	at com.android.systemui.graphics.ImageLoaderImpl$loadDrawable$4.invokeSuspend(go/retraceme 109b9d95419d40ed7f94ba06f2e494aa100aa2b80b21457e78a8af5d54598634:155)
09-23 16:54:40.621 W/ImageLoader( 3031): 	at kotlin.coroutines.jvm.internal.BaseContinuationImpl.resumeWith(go/retraceme 109b9d95419d40ed7f94ba06f2e494aa100aa2b80b21457e78a8af5d54598634:7)
09-23 16:54:40.621 W/ImageLoader( 3031): 	at kotlinx.coroutines.DispatchedTask.run(go/retraceme 109b9d95419d40ed7f94ba06f2e494aa100aa2b80b21457e78a8af5d54598634:111)
09-23 16:54:40.621 W/ImageLoader( 3031): 	at java.util.concurrent.ThreadPoolExecutor.runWorker(ThreadPoolExecutor.java:1100)
09-23 16:54:40.621 W/ImageLoader( 3031): 	at java.util.concurrent.ThreadPoolExecutor$Worker.run(ThreadPoolExecutor.java:624)
09-23 16:54:40.621 W/ImageLoader( 3031): 	at java.lang.Thread.run(Thread.java:1572)
09-23 16:54:40.622 I/DisplayBrightnessStrategySelector( 1948): Changing the DisplayBrightnessStrategy from OverrideBrightnessStrategy to FallbackBrightnessStrategy for display 0
09-23 16:54:40.623 I/DisplayPowerController[0]( 1948): BrightnessEvent: brt=0.09565224(64.0%), nits=153.29436, lux=-1.0, reason=manual, strat=FallbackBrightnessStrategy, state=ON, stateReason=DEFAULT_POLICY, policy=BRIGHT, flags=, initBrt=0.63, rcmdBrt=NaN, preBrt=NaN, preLux=0.0, wasShortTermModelActive=false, autoBrightness=true (default), unclampedBrt=0.09565224, hbmMax=0.63, hbmMode=off, thrmMax=1.0, rbcStrength=35, powerFactor=1.0, physDisp=Built-in Screen(local:4619827535830457088), logicalId=0, slowChange=false, rampSpeed=0.7047244, colorTemp=NaN, thermalStatus=none
09-23 16:54:40.624 I/DisplayBrightnessStrategySelector( 1948): Changing the DisplayBrightnessStrategy from FallbackBrightnessStrategy to AutomaticBrightnessStrategy for display 0
09-23 16:54:40.626 I/DisplayPowerController[0]( 1948): BrightnessEvent: brt=0.094265535(74.0%), nits=151.10373, lux=31.111017, reason=automatic, strat=AutomaticBrightnessStrategy, state=ON, stateReason=DEFAULT_POLICY, policy=BRIGHT, flags=, initBrt=0.09565224, rcmdBrt=0.094265535, preBrt=NaN, preLux=-1.0, lastReadLux=31.111017, wasShortTermModelActive=false, autoBrightness=true (default), unclampedBrt=0.094265535, brtRange=[0.0, 0.377495], hbmMax=0.63, hbmMode=off, thrmMax=1.0, rbcStrength=35, powerFactor=1.0, physDisp=Built-in Screen(local:4619827535830457088), logicalId=0, slowChange=false, rampSpeed=0.7047244, colorTemp=NaN, thermalStatus=none
09-23 16:54:40.627 I/PixelDisplayManager( 3337): onDisplayChanged(Built-in Screen, 0, local:4619827535830457088): screenOn=true, hbmMode=0, br=0.094265535, product=DeviceProductInfo{name=HK3-A0B-00, manufacturerPnpId=GGL, productId=0, modelYear=null, manufactureDate=ManufactureDate{week=1, year=1990}, connectionToSinkType=1, edidStructureMetadata=EdidStructureMetadata{version=0, revision=0}, videoInputType=0}
09-23 16:54:40.628 I/PixelDisplayManager( 3337): ZonalAtt input info - currentBrightness : 0.094265535 UniqueId : local:4619827535830457088 isRearDisplay : false ambientLight : 0.0 mScreenOprDataArrayList : [0.27425542] isDrmContent : false
09-23 16:54:40.647 W/BcSmartspaceView( 3031): Current card is not present in the Adapter; cannot log.
09-23 16:54:40.647 E/DateSmartspaceView( 3031): No tap action can be set up
09-23 16:54:40.648 W/AlarmManager( 3031): Unrecognized alarm listener com.google.android.systemui.smartspace.KeyguardZenAlarmViewController$showNextAlarm$1@ca675a3
09-23 16:54:40.648 W/AlarmManager( 3031): Unrecognized alarm listener com.google.android.systemui.smartspace.KeyguardZenAlarmViewController$showNextAlarm$1@ca675a3
09-23 16:54:40.648 W/BcSmartspaceView( 3031): Current card is not present in the Adapter; cannot log.
09-23 16:54:40.649 I/WeatherSmartspaceView( 3031): setFormattedContentDescription: text=20°C, iconDescription=Mostly clear day, contentDescription=Mostly clear day, 20°C
09-23 16:54:40.649 W/BcSmartspaceView( 3031): Current card is not present in the Adapter; cannot log.
09-23 16:54:40.649 E/DateSmartspaceView( 3031): No tap action can be set up
09-23 16:54:40.649 W/AlarmManager( 3031): Unrecognized alarm listener com.google.android.systemui.smartspace.KeyguardZenAlarmViewController$showNextAlarm$1@ca675a3
09-23 16:54:40.650 W/BcSmartspaceView( 3031): Current card is not present in the Adapter; cannot log.
09-23 16:54:40.650 I/WeatherSmartspaceView( 3031): setFormattedContentDescription: text=20°C, iconDescription=Mostly clear day, contentDescription=Mostly clear day, 20°C
09-23 16:54:40.650 W/BcSmartspaceView( 3031): Current card is not present in the Adapter; cannot log.
09-23 16:54:40.653 I/AiAiEcho(14091): (REDACTED) Predicting[%d]: %s
09-23 16:54:40.657 I/hwc-display(  680): path=drm, id=0, level=3221, nits=943.491150, brightness=0.594328, DimmingOn=0, Hbm=0, LhbmOn=0, OpRate=60
09-23 16:54:40.658 W/TextView(17675): onProvideContentCaptureStructure(): calling assumeLayout()
09-23 16:54:40.659 I/AiAiEcho(14091): (REDACTED) EchoTargets: %s
09-23 16:54:40.659 I/AiAiEcho(14091): Filtered by AiAi flag check: %s
09-23 16:54:40.661 I/AiAiEcho(14091): (REDACTED) #weatherSubItemsTwiddler: Weather removes SubtitleSupplementalItem in surface: %s
09-23 16:54:40.661 I/AiAiEcho(14091): #remoteViewsTwiddler: feature disabled.
09-23 16:54:40.662 I/AiAiEcho(14091): (REDACTED) Predicting[%d]: %s
09-23 16:54:40.662 I/AiAiEcho(14091): (REDACTED) EchoTargets: %s
09-23 16:54:40.662 I/AiAiEcho(14091): Filtered by AiAi flag check: %s
09-23 16:54:40.662 I/AiAiEcho(14091): (REDACTED) #weatherSubItemsTwiddler: Weather removes SubtitleSupplementalItem in surface: %s
09-23 16:54:40.663 I/AiAiEcho(14091): #remoteViewsTwiddler: feature disabled.
09-23 16:54:40.664 I/AiAiEcho(14091): (REDACTED) #postPredictionTargets: Sending updates to UISurface %s with targets# %s (types=[%s])
09-23 16:54:40.664 I/WindowManager( 1948): finishDrawing of orientation change: Window{adc2ce u0 app.morphe.android.youtube/com.google.android.apps.youtube.app.watchwhile.InternalMainActivity} 270ms
09-23 16:54:40.664 I/AiAiEcho(14091): (REDACTED) Predicting[%d]: %s
09-23 16:54:40.665 I/AiAiEcho(14091): (REDACTED) EchoTargets: %s
09-23 16:54:40.665 I/AiAiEcho(14091): Filtered by AiAi flag check: %s
09-23 16:54:40.665 I/AiAiEcho(14091): (REDACTED) #weatherSubItemsTwiddler: Weather removes SubtitleSupplementalItem in surface: %s
09-23 16:54:40.665 I/AiAiEcho(14091): #remoteViewsTwiddler: feature disabled.
09-23 16:54:40.665 I/AiAiEcho(14091): (REDACTED) Predicting[%d]: %s
09-23 16:54:40.666 I/AiAiEcho(14091): (REDACTED) EchoTargets: %s
09-23 16:54:40.666 I/AiAiEcho(14091): Filtered by AiAi flag check: %s
09-23 16:54:40.666 I/AiAiEcho(14091): (REDACTED) #weatherSubItemsTwiddler: Weather removes SubtitleSupplementalItem in surface: %s
09-23 16:54:40.666 I/AiAiEcho(14091): #remoteViewsTwiddler: feature disabled.
09-23 16:54:40.667 I/AiAiEcho(14091): (REDACTED) #postPredictionTargets: Sending updates to UISurface %s with targets# %s (types=[%s])
09-23 16:54:40.669 I/AiAiEcho(14091): (REDACTED) #postPredictionTargets: Sending updates to UISurface %s with targets# %s (types=[%s])
09-23 16:54:40.670 I/AiAiEcho(14091): (REDACTED) #postPredictionTargets: Sending updates to UISurface %s with targets# %s (types=[%s])
09-23 16:54:40.674 I/WeatherSmartspaceView( 3031): setFormattedContentDescription: text=20°C, iconDescription=Mostly clear day, contentDescription=Mostly clear day, 20°C
09-23 16:54:40.674 I/WeatherSmartspaceView( 3031): setFormattedContentDescription: text=20°C, iconDescription=Mostly clear day, contentDescription=Mostly clear day, 20°C
09-23 16:54:40.674 I/WeatherData( 3031): Weather data parsed MOSTLY_SUNNY ("Mostly clear day") 20°C from Bundle[{description=Mostly clear day, feedback_intent=null, explanation_intent=Supplier{VAL_PARCELABLE@160+1920}, is_gaia_linked_data=true, use_celsius=true, state=3, temperature=20}]
09-23 16:54:40.674 I/hwc-display(  680): path=drm, id=0, level=3130, nits=886.118286, brightness=0.558111, DimmingOn=0, Hbm=0, LhbmOn=0, OpRate=60
09-23 16:54:40.675 I/WeatherSmartspaceView( 3031): setFormattedContentDescription: text=20°C, iconDescription=Mostly clear day, contentDescription=Mostly clear day, 20°C
09-23 16:54:40.675 I/WeatherSmartspaceView( 3031): setFormattedContentDescription: text=20°C, iconDescription=Mostly clear day, contentDescription=Mostly clear day, 20°C
09-23 16:54:40.675 I/WeatherData( 3031): Weather data parsed MOSTLY_SUNNY ("Mostly clear day") 20°C from Bundle[{description=Mostly clear day, feedback_intent=null, explanation_intent=Supplier{VAL_PARCELABLE@160+1920}, is_gaia_linked_data=true, use_celsius=true, state=3, temperature=20}]
09-23 16:54:40.680 I/AiAiEcho(14091): (REDACTED) Predicting[%d]: %s
09-23 16:54:40.682 I/AiAiEcho(14091): (REDACTED) EchoTargets: %s
09-23 16:54:40.682 I/AiAiEcho(14091): Filtered by AiAi flag check: %s
09-23 16:54:40.683 I/AiAiEcho(14091): (REDACTED) #weatherSubItemsTwiddler: Weather removes SubtitleSupplementalItem in surface: %s
09-23 16:54:40.684 I/AiAiEcho(14091): #remoteViewsTwiddler: feature disabled.
09-23 16:54:40.685 I/AiAiEcho(14091): (REDACTED) Predicting[%d]: %s
09-23 16:54:40.686 I/AiAiEcho(14091): (REDACTED) EchoTargets: %s
09-23 16:54:40.686 I/AiAiEcho(14091): Filtered by AiAi flag check: %s
09-23 16:54:40.687 I/AiAiEcho(14091): (REDACTED) #weatherSubItemsTwiddler: Weather removes SubtitleSupplementalItem in surface: %s
09-23 16:54:40.687 I/AiAiEcho(14091): #remoteViewsTwiddler: feature disabled.
09-23 16:54:40.693 I/hwc-display(  680): path=drm, id=0, level=3042, nits=832.407471, brightness=0.524206, DimmingOn=0, Hbm=0, LhbmOn=0, OpRate=60
09-23 16:54:40.693 I/AiAiEcho(14091): (REDACTED) #postPredictionTargets: Sending updates to UISurface %s with targets# %s (types=[%s])
09-23 16:54:40.698 I/AiAiEcho(14091): (REDACTED) #postPredictionTargets: Sending updates to UISurface %s with targets# %s (types=[%s])
09-23 16:54:40.699 I/AiAiEcho(14091): (REDACTED) Predicting[%d]: %s
09-23 16:54:40.700 I/AiAiEcho(14091): (REDACTED) EchoTargets: %s
09-23 16:54:40.700 I/AiAiEcho(14091): Filtered by AiAi flag check: %s
09-23 16:54:40.701 I/AiAiEcho(14091): (REDACTED) #weatherSubItemsTwiddler: Weather removes SubtitleSupplementalItem in surface: %s
09-23 16:54:40.702 I/AiAiEcho(14091): #remoteViewsTwiddler: feature disabled.
09-23 16:54:40.702 I/AiAiEcho(14091): (REDACTED) Predicting[%d]: %s
09-23 16:54:40.702 I/AiAiEcho(14091): (REDACTED) EchoTargets: %s
09-23 16:54:40.702 I/AiAiEcho(14091): Filtered by AiAi flag check: %s
09-23 16:54:40.703 I/AiAiEcho(14091): (REDACTED) #weatherSubItemsTwiddler: Weather removes SubtitleSupplementalItem in surface: %s
09-23 16:54:40.703 I/AiAiEcho(14091): #remoteViewsTwiddler: feature disabled.
09-23 16:54:40.704 I/AiAiEcho(14091): (REDACTED) #postPredictionTargets: Sending updates to UISurface %s with targets# %s (types=[%s])
09-23 16:54:40.707 W/KeyguardRootViewBinder( 3031): Skipping onNotificationContainerBoundsChanged during transition
09-23 16:54:40.707 I/WeatherSmartspaceView( 3031): setFormattedContentDescription: text=20°C, iconDescription=Mostly clear day, contentDescription=Mostly clear day, 20°C
09-23 16:54:40.707 I/WeatherSmartspaceView( 3031): setFormattedContentDescription: text=20°C, iconDescription=Mostly clear day, contentDescription=Mostly clear day, 20°C
09-23 16:54:40.708 I/WeatherData( 3031): Weather data parsed MOSTLY_SUNNY ("Mostly clear day") 20°C from Bundle[{description=Mostly clear day, feedback_intent=null, explanation_intent=Supplier{VAL_PARCELABLE@160+1920}, is_gaia_linked_data=true, use_celsius=true, state=3, temperature=20}]
09-23 16:54:40.708 I/hwc-display(  680): path=drm, id=0, level=2957, nits=782.135071, brightness=0.492471, DimmingOn=0, Hbm=0, LhbmOn=0, OpRate=60
09-23 16:54:40.709 I/AiAiEcho(14091): (REDACTED) #postPredictionTargets: Sending updates to UISurface %s with targets# %s (types=[%s])
09-23 16:54:40.714 I/pixel-thermal( 2330): disp_therm:34.51 raw data: disp_therm:34510 
09-23 16:54:40.714 I/pixel-thermal( 2330): north_therm:33.553 raw data: north_therm:33553 
09-23 16:54:40.714 I/pixel-thermal( 2330): cam_therm:34.154 raw data: cam_therm:34154 
09-23 16:54:40.724 I/WeatherSmartspaceView( 3031): setFormattedContentDescription: text=20°C, iconDescription=Mostly clear day, contentDescription=Mostly clear day, 20°C
09-23 16:54:40.724 I/WeatherSmartspaceView( 3031): setFormattedContentDescription: text=20°C, iconDescription=Mostly clear day, contentDescription=Mostly clear day, 20°C
09-23 16:54:40.724 I/WeatherData( 3031): Weather data parsed MOSTLY_SUNNY ("Mostly clear day") 20°C from Bundle[{description=Mostly clear day, feedback_intent=null, explanation_intent=Supplier{VAL_PARCELABLE@160+1920}, is_gaia_linked_data=true, use_celsius=true, state=3, temperature=20}]
09-23 16:54:40.724 I/hwc-display(  680): path=drm, id=0, level=2875, nits=735.010010, brightness=0.462722, DimmingOn=0, Hbm=0, LhbmOn=0, OpRate=60
09-23 16:54:40.736 I/AiAiAdaptiveAudio(14091): (REDACTED) Mic avg: %s
09-23 16:54:40.736 I/AiAiAdaptiveAudio(14091): Pb avg: %s
09-23 16:54:40.736 I/AiAiAdaptiveAudio(14091): EQ: %s
09-23 16:54:40.741 I/hwc-display(  680): path=drm, id=0, level=2795, nits=690.907654, brightness=0.434882, DimmingOn=0, Hbm=0, LhbmOn=0, OpRate=60
09-23 16:54:40.742 E/ldisplayservice( 3337): Invalid resource ID 0x00000000.
09-23 16:54:40.743 I/PixelDisplayManager( 3337): onDisplayChanged(Built-in Screen, 0, local:4619827535830457088): screenOn=true, hbmMode=0, br=0.094265535, product=DeviceProductInfo{name=HK3-A0B-00, manufacturerPnpId=GGL, productId=0, modelYear=null, manufactureDate=ManufactureDate{week=1, year=1990}, connectionToSinkType=1, edidStructureMetadata=EdidStructureMetadata{version=0, revision=0}, videoInputType=0}
09-23 16:54:40.757 I/hwc-display(  680): path=drm, id=0, level=2718, nits=649.560242, brightness=0.408781, DimmingOn=0, Hbm=0, LhbmOn=0, OpRate=60
09-23 16:54:40.774 I/hwc-display(  680): path=drm, id=0, level=2643, nits=610.862183, brightness=0.384353, DimmingOn=0, Hbm=0, LhbmOn=0, OpRate=60
09-23 16:54:40.790 I/hwc-display(  680): path=drm, id=0, level=2571, nits=574.639404, brightness=0.361487, DimmingOn=0, Hbm=0, LhbmOn=0, OpRate=60
09-23 16:54:40.800 I/NearbyMediums(31664): Found Fast Ble Advertisements :
09-23 16:54:40.800 I/NearbyMediums(31664): BleAdvertisement { version=2, socketVersion=2, isFast=true, serviceIdHash=null, data=[ 0x23 0x51 0x5a 0x37 0x45 0x11 0x32 0x6f 0xd3 0x3d 0x93 0x8d 0xe4 0x24 0x58 0xb3 0xc7 0xe7 0xec 0xe9 0xe0 0x22 0x9a ], deviceToken=[ 0xe1 0xa7 ], rxAdvertisement=[ 0xa0 0x17 0x40 0x77 0xb6 0x4a 0xa2 0xf1 0xb8 0x5e 0x89 0xd0 0xfa 0x3b 0xb9 0x21 0xf4 0xe6 0x35 0x5a 0x51 0x3f 0x27 0x59 0xc1 0xcd 0x0d 0x49 0x08 0x20 0x37 0x65 0xbb 0x5c 0x84 0x15 0x05 0x7f 0x1f 0x00 0x84 0x15 0x06 0x60 0x1f 0x00 0x84 0x15 0x04 0x7f 0x1f 0x00 0x84 0x15 0x07 0x63 0x1f 0x00 0x83 0x15 0x01 0x16 0x71 ] } : 3 times.
09-23 16:54:40.800 I/NearbyMediums(31664): Total 3 fast advertisements from 1 unique advertisers.
09-23 16:54:40.800 I/NearbyMediums(31664): Current Tracked Scanning Clients are : {NearbyConnections.EnvironmentMonitor, NearbySharing}
09-23 16:54:40.807 I/hwc-display(  680): path=drm, id=0, level=2501, nits=540.672180, brightness=0.340045, DimmingOn=0, Hbm=0, LhbmOn=0, OpRate=60
09-23 16:54:40.824 I/hwc-display(  680): path=drm, id=0, level=2433, nits=508.894043, brightness=0.319984, DimmingOn=0, Hbm=0, LhbmOn=0, OpRate=60
09-23 16:54:40.840 I/hwc-display(  680): path=drm, id=0, level=2367, nits=479.109863, brightness=0.301183, DimmingOn=0, Hbm=0, LhbmOn=0, OpRate=60
09-23 16:54:40.857 I/hwc-display(  680): path=drm, id=0, level=2303, nits=451.245819, brightness=0.283593, DimmingOn=0, Hbm=0, LhbmOn=0, OpRate=60
09-23 16:54:40.874 I/hwc-display(  680): path=drm, id=0, level=2242, nits=425.136749, brightness=0.267112, DimmingOn=0, Hbm=0, LhbmOn=0, OpRate=60
09-23 16:54:40.890 I/hwc-display(  680): path=drm, id=0, level=2182, nits=400.680969, brightness=0.251674, DimmingOn=0, Hbm=0, LhbmOn=0, OpRate=60
09-23 16:54:40.905 I/ImeTracker( 1948): system_server:d4b75259: onRequestHide at ORIGIN_SERVER reason IME_REQUESTED_CHANGED_LISTENER fromUser false displayId 0
09-23 16:54:40.906 I/ImeTracker( 1948): system_server:d4b75259: onCancelled at PHASE_SERVER_SHOULD_HIDE
09-23 16:54:40.907 I/hwc-display(  680): path=drm, id=0, level=2125, nits=377.771942, brightness=0.237212, DimmingOn=0, Hbm=0, LhbmOn=0, OpRate=60
09-23 16:54:40.923 I/hwc-display(  680): path=drm, id=0, level=2069, nits=356.322174, brightness=0.223672, DimmingOn=0, Hbm=0, LhbmOn=0, OpRate=60
09-23 16:54:40.940 I/hwc-display(  680): path=drm, id=0, level=2015, nits=336.193726, brightness=0.210966, DimmingOn=0, Hbm=0, LhbmOn=0, OpRate=60
09-23 16:54:40.957 I/hwc-display(  680): path=drm, id=0, level=1963, nits=317.336517, brightness=0.199062, DimmingOn=0, Hbm=0, LhbmOn=0, OpRate=60
09-23 16:54:40.973 I/hwc-display(  680): path=drm, id=0, level=1912, nits=299.728638, brightness=0.187947, DimmingOn=0, Hbm=0, LhbmOn=0, OpRate=60
09-23 16:54:40.989 I/hwc-display(  680): path=drm, id=0, level=1864, nits=283.232269, brightness=0.177533, DimmingOn=0, Hbm=0, LhbmOn=0, OpRate=60
09-23 16:54:41.011 I/hwc-display(  680): path=drm, id=0, level=1817, nits=267.792969, brightness=0.167787, DimmingOn=0, Hbm=0, LhbmOn=0, OpRate=60
09-23 16:54:41.025 I/hwc-display(  680): path=drm, id=0, level=1772, nits=253.316299, brightness=0.158648, DimmingOn=0, Hbm=0, LhbmOn=0, OpRate=60
09-23 16:54:41.039 I/hwc-display(  680): path=drm, id=0, level=1728, nits=239.755127, brightness=0.150088, DimmingOn=0, Hbm=0, LhbmOn=0, OpRate=60
09-23 16:54:41.055 I/hwc-display(  680): path=drm, id=0, level=1686, nits=227.050156, brightness=0.142068, DimmingOn=0, Hbm=0, LhbmOn=0, OpRate=60
09-23 16:54:41.073 I/hwc-display(  680): path=drm, id=0, level=1645, nits=215.161240, brightness=0.134563, DimmingOn=0, Hbm=0, LhbmOn=0, OpRate=60
09-23 16:54:41.088 I/hwc-display(  680): path=drm, id=0, level=1606, nits=204.008438, brightness=0.127522, DimmingOn=0, Hbm=0, LhbmOn=0, OpRate=60
09-23 16:54:41.106 I/hwc-display(  680): path=drm, id=0, level=1568, nits=193.564529, brightness=0.120929, DimmingOn=0, Hbm=0, LhbmOn=0, OpRate=60
09-23 16:54:41.123 I/hwc-display(  680): path=drm, id=0, level=1531, nits=183.768570, brightness=0.114746, DimmingOn=0, Hbm=0, LhbmOn=0, OpRate=60
09-23 16:54:41.139 I/hwc-display(  680): path=drm, id=0, level=1496, nits=174.628830, brightness=0.108976, DimmingOn=0, Hbm=0, LhbmOn=0, OpRate=60
09-23 16:54:41.156 I/hwc-display(  680): path=drm, id=0, level=1462, nits=166.062393, brightness=0.103568, DimmingOn=0, Hbm=0, LhbmOn=0, OpRate=60
09-23 16:54:41.172 I/hwc-display(  680): path=drm, id=0, level=1430, nits=158.033951, brightness=0.098500, DimmingOn=0, Hbm=0, LhbmOn=0, OpRate=60
09-23 16:54:41.189 I/hwc-display(  680): path=drm, id=0, level=1402, nits=151.325378, brightness=0.094266, DimmingOn=0, Hbm=0, LhbmOn=0, OpRate=60
09-23 16:54:41.193 I/hwc-display(  680): path=sysfs, id=0, level=1402, nits=151.325378, brightness=0.094266, DimmingOn=0, Hbm=0, LhbmOn=0, OpRate=60
09-23 16:54:41.260 E/ldisplayservice( 3337): Invalid resource ID 0x00000000.
09-23 16:54:41.749 I/AiAiAdaptiveAudio(14091): (REDACTED) Mic avg: %s
09-23 16:54:41.749 I/AiAiAdaptiveAudio(14091): Pb avg: %s
09-23 16:54:41.749 I/AiAiAdaptiveAudio(14091): EQ: %s
09-23 16:54:41.810 I/PixelDisplayManager( 3337): Stop ZA compensation manager
09-23 16:54:41.811 I/ScreenOprObserver( 3337): screen opr observer stop
09-23 16:54:42.758 I/AiAiAdaptiveAudio(14091): (REDACTED) Mic avg: %s
09-23 16:54:42.758 I/AiAiAdaptiveAudio(14091): Pb avg: %s
09-23 16:54:42.758 I/AiAiAdaptiveAudio(14091): EQ: %s
09-23 16:54:42.953 I/WifiHAL ( 1519): Creating message to get link statistics; iface = 48
09-23 16:54:43.116 I/WifiHAL ( 1519): Getting cached scan results, iface handle = 0xb400007cee0138d0
09-23 16:54:43.116 E/WifiHAL ( 1519): Creating message to get cached scan results
09-23 16:54:43.120 I/WifiHAL ( 1519): In GetCachedScanResultsCommand::handleResponse
09-23 16:54:43.120 E/libbinder.IPCThreadState( 1519): binder thread pool (1 threads) starved for 167 ms
09-23 16:54:43.146 I/WifiHAL ( 1519): CreateRequest mType = GET_FEATURE
09-23 16:54:43.175 I/WM-WorkerWrapper(22531): Worker result SUCCESS for Work [ id=88b76172-1521-4c97-9ea2-b0d5ca65f871, tags={ com.whatsapp.infra.networking.xmpp.lifecycle.XmppLifecycleWorker } ]
09-23 16:54:43.498 I/AUtl::Battery( 1458): UpdateProperty: update Battery Levelfrom 23 to 22
09-23 16:54:43.498 W/HWUI    (17675): Warning: Reusing an immutable bitmap as an image decoder target.
09-23 16:54:43.509 I/ReverseChargingControl( 3031): handleIntentForReverseCharging(): rtx=0 wlc=0 plgac=0 ac=0 acrtx=0 extra=0 this=com.google.android.systemui.reversecharging.ReverseChargingController@26e1043
09-23 16:54:43.516 I/BatteryEventService( 3031): notify all AIDL callbacks, cost: 0 ms
09-23 16:54:43.518 I/BatteryEventService( 3031): notify all broadcast intent, cost: 2 ms
09-23 16:54:43.530 W/JobInfo (16587): Job 'com.google.android.apps.turbo/.deadline.library.BatteryFlagService#201' has a deadline with no functional constraints. The deadline won't improve job execution latency. Consider removing the deadline.
09-23 16:54:43.530 W/Turbo.OnDeviceBatteryHistory(16587): addEvents: loaded 0 battery events.
09-23 16:54:43.530 W/Turbo.OnDeviceBatteryHistory(16587): addEvents: loaded battery events completed.
09-23 16:54:43.531 W/JobInfo ( 1948): Job 'com.google.android.apps.turbo/.deadline.library.BatteryFlagService#201' has a deadline with no functional constraints. The deadline won't improve job execution latency. Consider removing the deadline.
09-23 16:54:43.532 W/Turbo.RemainingTimeModelLoader(16587): Start to load model for: [battery_remaining_time] model file with new version 20240305
09-23 16:54:43.536 W/Turbo.EstimatedTimeRemainingProvider(16587): queryTimeToDischarge: 7540882
09-23 16:54:43.540 I/bthal.activitywatcher( 1461): getStateResidency: ActivityStat{0 : totalTimeMs 1420498243 totalEntryCount 1064812355517 lastEntryMs 2629254219}
09-23 16:54:43.540 I/bthal.activitywatcher( 1461): getStateResidency: ActivityStat{1 : totalTimeMs 600635448 totalEntryCount 83886952036 lastEntryMs 2629253690}
09-23 16:54:43.540 I/bthal.activitywatcher( 1461): getStateResidency: ActivityStat{2 : totalTimeMs 55556425 totalEntryCount 416587818676 lastEntryMs 2629254336}
09-23 16:54:43.540 I/bthal.activitywatcher( 1461): getStateResidency: ActivityStat{3 : totalTimeMs 176756748 totalEntryCount 648224520785 lastEntryMs 2629254339}
09-23 16:54:43.552 I/bthal.activitywatcher( 1461): send_hci_activities_vsc: Sent VSC <[4]{89, 253, 1, 1}>
09-23 16:54:43.552 W/JobInfo ( 1948): Job 'com.google.android.apps.turbo/.deadline.library.DeadlineUpdateJobService#200' has a deadline with no functional constraints. The deadline won't improve job execution latency. Consider removing the deadline.
09-23 16:54:43.552 W/android.hardware.power.stats-service.pixel( 1484): getStateResidency latency for Bluetooth exceeded time allowed: 11645us
09-23 16:54:43.553 I/bthal.activitywatcher( 1461): filter_hci_activities_vse: Filtered <[103]{14, 101, 1, 89, 253, 0, 1, 75, 243, 194, 2, 188, 42, 0, 0, 15, 209, 34, 0, 0, 0, 0, 0, 65, 209, 34, 0, 0, 0, 0, 0, 48, 34, 26, 0, 47, 17, 0, 0, 65, 209, 34, 0, 0, 0, 0, 0, 15, 209, 34, 0, 0, 0, 0, 0, 96, 180, 58, 1, 241, 0, 0, 0, 14, 209, 34, 0, 0, 0, 0, 0, 14, 209, 34, 0, 0, 0, 0, 0, 234, 62, 136, 1, 117, 4, 0, 0, 14, 209, 34, 0, 0, 0, 0, 0, 14, 209, 34, 0, 0, 0, 0, 0}>
09-23 16:54:43.553 I/bthal.flowcontrol( 1461): HciEventPreProcess: HCI Event 0xe Opcode 0xfd59 Length 103 handled by ControllerActivityWatcher
09-23 16:54:43.553 I/bthal.bqr( 1461): Batt_Per: 22, Avg_Cur_Pwr: 1 mA, BEr_Tx_Plv: 12 dBm, Le_Tx_Plv: 12 dBm, Idle_Tm: 12317 ms, Act_Tm: 4399 ms, BEr_Tx_Tm: 0 ms, BEr_Rx_Tm: 5 ms, Le_Tx_Tm: 0 ms, Le_Rx_Tm: 0 ms, total_Tm 12322 ms, Rx_1Ch_Tm 2 ms, Rx_2Ch_Tm 3 ms, Tx_iPA_1Ch_Tm 0 ms, Tx_iPA_2Ch_Tm 0 ms, Tx_ePA_1Ch_Tm 0 ms, Tx_ePA_2Ch_Tm 0 ms
09-23 16:54:43.553 I/bthal.bqr( 1461): update_bqr_energy_reportv6: Avg_Cur_Pwr: 1, BEr_Tx_Plv: 12 dBm, Le_Tx_Plv: 12
09-23 16:54:43.556 I/bthal.flowcontrol( 1461): HciEventPreProcess: HCI Event 0xff Opcode 0 Length 84 unhandled by debug_VendorEvent
09-23 16:54:43.557 W/btm_acl (10944): system/stack/acl/btm_acl.cc:1376 BTM_ReadRemoteVersion: Unable to find active acl
09-23 16:54:43.558 I/bluetooth(10944): system/btif/src/btif_bqr.cc:1064 bqr_delivery_event: len: 81, addr: ff:ff:ff:ff:ff:ff, lmp_ver: 0, manufacturer_id: 0, lmp_subver: 0
09-23 16:54:43.558 I/BluetoothQualityReportJni(10944): android/app/jni/com_android_bluetooth_BluetoothQualityReport.cpp:52 bqr_delivery_callback: 
09-23 16:54:43.558 I/BluetoothQualityReportNativeCallback(10944): BQR: {
09-23 16:54:43.558 I/BluetoothQualityReportNativeCallback(10944):   mAddr: FF:FF:FF:FF:FF:FF, mLmpVer: 0x00, mLmpSubVer: 0x0000, mManufacturerId: 0x0000, mName: , mBluetoothClass: 0,
09-23 16:54:43.558 I/BluetoothQualityReportNativeCallback(10944):   BqrCommon: {
09-23 16:54:43.558 I/BluetoothQualityReportNativeCallback(10944):     mQualityReportId: Energy Monitor(0x06), mPacketType: INVALID(0x00), mConnectionHandle: 0x0000, mConnectionRole: 0(0), mTxPowerLevel: 0, mRssi: 0, mSnr: 0, mUnusedAfhChannelCount: 0,
09-23 16:54:43.558 I/BluetoothQualityReportNativeCallback(10944):     mAfhSelectUnidealChannelCount: 0, mLsto: 0, mPiconetClock: 0x00000000, mRetransmissionCount: 0, mNoRxCount: 0, mNakCount: 0, mLastTxAckTimestamp: 0x00000000, mFlowOffCount: 0,
09-23 16:54:43.558 I/BluetoothQualityReportNativeCallback(10944):     mLastFlowOnTimestamp: 0x00000000, mOverflowCount: 0, mUnderflowCount: 0, mAddr: null, mCalFailedItemCount: 0,
09-23 16:54:43.558 I/BluetoothQualityReportNativeCallback(10944):     mTxTotalPackets: 0, mTxUnackPackets: 0, mTxFlushPackets: 0, mTxLastSubeventPackets: 0, mCrcErrorPackets: 0, mRxDupPackets: 0, mRxUnRecvPackets: 0, mCoexInfoMask: 0
09-23 16:54:43.558 I/BluetoothQualityReportNativeCallback(10944):   }
09-23 16:54:43.558 I/BluetoothQualityReportNativeCallback(10944):   BqrEnergyMonitor: {
09-23 16:54:43.558 I/BluetoothQualityReportNativeCallback(10944):     AvgCurrentConsume: 1, mIdleTotalTime: 12317, mIdleStateEnterCount: 1378, mActiveTotalTime: 4399, mActiveStateEnterCount: 1248,
09-23 16:54:43.558 I/BluetoothQualityReportNativeCallback(10944):     mBredrTxTotalTime: 0, mBredrTxStateEnterCount: 8, mBredrTxAvgPowerLevel: 12, mBredrRxTotalTime: 5, mBredrRxStateEnterCount: 961, mLeTxTotalTime: 0, mLeTxStateEnterCount: 13, mLeTxAvgPowerLevel: 12, mLeRxTotalTime: 0, mLeRxStateEnterCount: 395, mReportTotalTime: 12322, mRxActiveOneChainTime: 2, mRxActiveTwoChainTime: 3, mTxiPaActiveOneChainTime: 0, mTxiPaActiveTwoChainTime: 0, mTxePaActiveOneChainTime: 0, mTxePaActiveTwoChainTime: 0
09-23 16:54:43.558 I/BluetoothQualityReportNativeCallback(10944):   }
09-23 16:54:43.558 I/BluetoothQualityReportNativeCallback(10944): }
09-23 16:54:43.581 W/JobInfo (16587): Job 'com.google.android.apps.turbo/.nudges.broadcasts.BatteryHistoryLoggerJobService#2' has a deadline with no functional constraints. The deadline won't improve job execution latency. Consider removing the deadline.
09-23 16:54:43.582 W/JobInfo ( 1948): Job 'com.google.android.apps.turbo/.nudges.broadcasts.BatteryHistoryLoggerJobService#2' has a deadline with no functional constraints. The deadline won't improve job execution latency. Consider removing the deadline.
09-23 16:54:43.583 I/bthal.activitywatcher( 1461): getStateResidency: ActivityStat{0 : totalTimeMs 1420509183 totalEntryCount 1064858686216 lastEntryMs 2629254219}
09-23 16:54:43.583 I/bthal.activitywatcher( 1461): getStateResidency: ActivityStat{1 : totalTimeMs 600639847 totalEntryCount 83888664724 lastEntryMs 2629253690}
09-23 16:54:43.583 I/bthal.activitywatcher( 1461): getStateResidency: ActivityStat{2 : totalTimeMs 55556666 totalEntryCount 416608443156 lastEntryMs 2629254336}
09-23 16:54:43.583 I/bthal.activitywatcher( 1461): getStateResidency: ActivityStat{3 : totalTimeMs 176757889 totalEntryCount 648250227003 lastEntryMs 2629254339}
09-23 16:54:43.583 I/bthal.activitywatcher( 1461): send_hci_activities_vsc: Sent VSC <[4]{89, 253, 1, 1}>
09-23 16:54:43.584 I/bthal.activitywatcher( 1461): filter_hci_activities_vse: Filtered <[103]{14, 101, 1, 89, 253, 0, 1, 75, 243, 194, 2, 0, 0, 0, 0, 15, 209, 34, 0, 0, 0, 0, 0, 65, 209, 34, 0, 0, 0, 0, 0, 48, 34, 26, 0, 0, 0, 0, 0, 65, 209, 34, 0, 0, 0, 0, 0, 15, 209, 34, 0, 0, 0, 0, 0, 96, 180, 58, 1, 0, 0, 0, 0, 14, 209, 34, 0, 0, 0, 0, 0, 14, 209, 34, 0, 0, 0, 0, 0, 234, 62, 136, 1, 0, 0, 0, 0, 14, 209, 34, 0, 0, 0, 0, 0, 14, 209, 34, 0, 0, 0, 0, 0}>
09-23 16:54:43.584 I/bthal.flowcontrol( 1461): HciEventPreProcess: HCI Event 0xe Opcode 0xfd59 Length 103 handled by ControllerActivityWatcher
09-23 16:54:43.585 I/bthal.bqr( 1461): Batt_Per: 22, Avg_Cur_Pwr: 0 mA, BEr_Tx_Plv: 0 dBm, Le_Tx_Plv: 0 dBm, Idle_Tm: 0 ms, Act_Tm: 0 ms, BEr_Tx_Tm: 0 ms, BEr_Rx_Tm: 0 ms, Le_Tx_Tm: 0 ms, Le_Rx_Tm: 0 ms, total_Tm 0 ms, Rx_1Ch_Tm 0 ms, Rx_2Ch_Tm 0 ms, Tx_iPA_1Ch_Tm 0 ms, Tx_iPA_2Ch_Tm 0 ms, Tx_ePA_1Ch_Tm 0 ms, Tx_ePA_2Ch_Tm 0 ms
09-23 16:54:43.585 I/bthal.bqr( 1461): update_bqr_energy_reportv6: Avg_Cur_Pwr: 0, BEr_Tx_Plv: 0 dBm, Le_Tx_Plv: 0
09-23 16:54:43.585 I/bthal.flowcontrol( 1461): HciEventPreProcess: HCI Event 0xff Opcode 0 Length 84 unhandled by debug_VendorEvent
09-23 16:54:43.586 W/btm_acl (10944): system/stack/acl/btm_acl.cc:1376 BTM_ReadRemoteVersion: Unable to find active acl
09-23 16:54:43.586 I/bluetooth(10944): system/btif/src/btif_bqr.cc:1064 bqr_delivery_event: len: 81, addr: ff:ff:ff:ff:ff:ff, lmp_ver: 0, manufacturer_id: 0, lmp_subver: 0
09-23 16:54:43.586 I/BluetoothQualityReportJni(10944): android/app/jni/com_android_bluetooth_BluetoothQualityReport.cpp:52 bqr_delivery_callback: 
09-23 16:54:43.587 I/BluetoothQualityReportNativeCallback(10944): BQR: {
09-23 16:54:43.587 I/BluetoothQualityReportNativeCallback(10944):   mAddr: FF:FF:FF:FF:FF:FF, mLmpVer: 0x00, mLmpSubVer: 0x0000, mManufacturerId: 0x0000, mName: , mBluetoothClass: 0,
09-23 16:54:43.587 I/BluetoothQualityReportNativeCallback(10944):   BqrCommon: {
09-23 16:54:43.587 I/BluetoothQualityReportNativeCallback(10944):     mQualityReportId: Energy Monitor(0x06), mPacketType: INVALID(0x00), mConnectionHandle: 0x0000, mConnectionRole: 0(0), mTxPowerLevel: 0, mRssi: 0, mSnr: 0, mUnusedAfhChannelCount: 0,
09-23 16:54:43.587 I/BluetoothQualityReportNativeCallback(10944):     mAfhSelectUnidealChannelCount: 0, mLsto: 0, mPiconetClock: 0x00000000, mRetransmissionCount: 0, mNoRxCount: 0, mNakCount: 0, mLastTxAckTimestamp: 0x00000000, mFlowOffCount: 0,
09-23 16:54:43.587 I/BluetoothQualityReportNativeCallback(10944):     mLastFlowOnTimestamp: 0x00000000, mOverflowCount: 0, mUnderflowCount: 0, mAddr: null, mCalFailedItemCount: 0,
09-23 16:54:43.587 I/BluetoothQualityReportNativeCallback(10944):     mTxTotalPackets: 0, mTxUnackPackets: 0, mTxFlushPackets: 0, mTxLastSubeventPackets: 0, mCrcErrorPackets: 0, mRxDupPackets: 0, mRxUnRecvPackets: 0, mCoexInfoMask: 0
09-23 16:54:43.587 I/BluetoothQualityReportNativeCallback(10944):   }
09-23 16:54:43.587 I/BluetoothQualityReportNativeCallback(10944):   BqrEnergyMonitor: {
09-23 16:54:43.587 I/BluetoothQualityReportNativeCallback(10944):     AvgCurrentConsume: 0, mIdleTotalTime: 0, mIdleStateEnterCount: 0, mActiveTotalTime: 0, mActiveStateEnterCount: 0,
09-23 16:54:43.587 I/BluetoothQualityReportNativeCallback(10944):     mBredrTxTotalTime: 0, mBredrTxStateEnterCount: 0, mBredrTxAvgPowerLevel: 0, mBredrRxTotalTime: 0, mBredrRxStateEnterCount: 0, mLeTxTotalTime: 0, mLeTxStateEnterCount: 0, mLeTxAvgPowerLevel: 0, mLeRxTotalTime: 0, mLeRxStateEnterCount: 0, mReportTotalTime: 0, mRxActiveOneChainTime: 0, mRxActiveTwoChainTime: 0, mTxiPaActiveOneChainTime: 0, mTxiPaActiveTwoChainTime: 0, mTxePaActiveOneChainTime: 0, mTxePaActiveTwoChainTime: 0
09-23 16:54:43.587 I/BluetoothQualityReportNativeCallback(10944):   }
09-23 16:54:43.587 I/BluetoothQualityReportNativeCallback(10944): }
09-23 16:54:43.590 W/ProcessStats( 1948): Tracking association SourceState{31796d6 com.google.android.apps.turbo/10113 BFgs #5432686} whose proc state 4 is better than process ProcessState{9cf56bf com.google.android.turboadapter/10215 pkg=com.google.android.turboadapter} proc state 14 (1 skipped)
09-23 16:54:43.605 W/Turbo.RemainingTimeModelLoader(16587): Start to load model for: [battery_remaining_time] model file with new version 20240305
09-23 16:54:43.610 W/Turbo.RemainingTimeModelLoader(16587): Start to load model for: [battery_remaining_time] model file with new version 20240305
09-23 16:54:43.612 W/Turbo.RemainingTimeModelLoader(16587): Start to load model for: [battery_remaining_time] model file with new version 20240305
09-23 16:54:43.612 W/Turbo.RemainingTimeModelLoader(16587): Start to load model for: [battery_remaining_time] model file with new version 20240305
09-23 16:54:43.613 W/Turbo.RemainingTimeModelLoader(16587): Start to load model for: [battery_remaining_time] model file with new version 20240305
09-23 16:54:43.614 W/Turbo.RemainingTimeModelLoader(16587): Start to load model for: [battery_remaining_time] model file with new version 20240305
09-23 16:54:43.614 W/Turbo.RemainingTimeModelLoader(16587): Start to load model for: [battery_remaining_time] model file with new version 20240305
09-23 16:54:43.620 W/Turbo.RemainingTimeModelLoader(16587): Start to load model for: [battery_remaining_time] model file with new version 20240305
09-23 16:54:43.625 W/Turbo.RemainingTimeModelLoader(16587): Start to load model for: [battery_remaining_time] model file with new version 20240305
09-23 16:54:43.627 W/Turbo.RemainingTimeModelLoader(16587): Start to load model for: [battery_remaining_time] model file with new version 20240305
09-23 16:54:43.627 W/Turbo.RemainingTimeModelLoader(16587): Start to load model for: [battery_remaining_time] model file with new version 20240305
09-23 16:54:43.628 W/Turbo.RemainingTimeModelLoader(16587): Start to load model for: [battery_remaining_time] model file with new version 20240305
09-23 16:54:43.629 W/Turbo.RemainingTimeModelLoader(16587): Start to load model for: [battery_remaining_time] model file with new version 20240305
09-23 16:54:43.631 W/Turbo.EstimatedTimeRemainingProvider(16587): queryTimeToDischarge: 7540840
09-23 16:54:43.631 W/Turbo.EstimatedTimeRemainingProvider(16587): queryTimeToDischarge: 7540839
09-23 16:54:43.736 I/AiAiAdaptiveAudio(14091): (REDACTED) Mic avg: %s
09-23 16:54:43.736 I/AiAiAdaptiveAudio(14091): Pb avg: %s
09-23 16:54:43.736 I/AiAiAdaptiveAudio(14091): EQ: %s
09-23 16:54:44.007 I/GearModuleS$Call$SACallHandlerService@rel201912n1o1@211117_1( 4672): onReceive - action: android.intent.action.BATTERY_CHANGED
09-23 16:54:44.189 I/fghg    (12246): (REDACTED) HDM. appOpsListener %s %s
09-23 16:54:44.189 I/fghg    (12246): (REDACTED) HDM. Ignoring irrelevant audio permission changes for package %s
09-23 16:54:44.745 I/AiAiAdaptiveAudio(14091): (REDACTED) Mic avg: %s
09-23 16:54:44.745 I/AiAiAdaptiveAudio(14091): Pb avg: %s
09-23 16:54:44.745 I/AiAiAdaptiveAudio(14091): EQ: %s
09-23 16:54:45.747 I/AiAiAdaptiveAudio(14091): (REDACTED) Mic avg: %s
09-23 16:54:45.747 I/AiAiAdaptiveAudio(14091): Pb avg: %s
09-23 16:54:45.747 I/AiAiAdaptiveAudio(14091): EQ: %s
09-23 16:54:46.151 I/WifiHAL ( 1519): Creating message to get link statistics; iface = 48
09-23 16:54:46.191 I/WifiHAL ( 1519): Getting cached scan results, iface handle = 0xb400007cee0138d0
09-23 16:54:46.191 E/WifiHAL ( 1519): Creating message to get cached scan results
09-23 16:54:46.195 I/WifiHAL ( 1519): In GetCachedScanResultsCommand::handleResponse
09-23 16:54:46.216 I/WifiHAL ( 1519): CreateRequest mType = GET_FEATURE
09-23 16:54:46.237 I/AiAiAdaptiveAudio(14091): (REDACTED) Stopping calibration from cancelation task. Convergence: %.3f
09-23 16:54:46.237 I/AiAiAdaptiveAudio(14091): (REDACTED) Stopping calibration, EQ: %s
09-23 16:54:46.243 I/AiAiAdaptiveAudio(14091): RecorderController is stopped, stopping recorder
09-23 16:54:46.251 I/ASvc::Effect( 1458): command (0xb400007c9a468620): Visualizer Effect receive command STOP
09-23 16:54:46.251 I/EHal::OffloadEffect( 1458): Stop (Visualizer Effect): stop
09-23 16:54:46.251 I/ASvc::Effect( 1458): command (0xb400007c9a468620): Visualizer Effect current state = IDLE
09-23 16:54:46.264 I/ASvc::StreamInSyncStates( 1458): cw-primary-capture: Command{flush: Void{}} in StreamInPausedState
09-23 16:54:46.265 I/AHal::Stream( 1458): Stop: stop stream primary-capture
09-23 16:54:46.265 I/AHal::TinyalsaDriverOperations( 1458): Stop: pcm_close card_index 0 device 8
09-23 16:54:46.269 I/AiAiAdaptiveAudio(14091): Stopping polling recorders.
09-23 16:54:46.270 I/AiAiAdaptiveAudio(14091): (REDACTED) Updating calibration state: %s -> %s
09-23 16:54:46.288 I/EffectHalAidl( 1521): Visualizer skipping process because it's IDLE
09-23 16:54:46.290 I/ASvc::Effect( 1458): command (0xb400007c9a468620): Visualizer Effect receive command RESET
09-23 16:54:46.290 I/EHal::OffloadEffect( 1458): Stop (Visualizer Effect): stop
09-23 16:54:46.290 W/ASvc::Effect( 1458): Stop: no start time, skip end time
09-23 16:54:46.290 I/ASvc::Effect( 1458): command (0xb400007c9a468620): Visualizer Effect current state = IDLE
09-23 16:54:46.291 I/EHal::OffloadEffect( 1458): SetVolumeStereo (Dynamics Processing Effect): volume VolumeStereo{left: 1.000000, right: 1.000000}
09-23 16:54:46.306 I/AHal::Router( 1458): Deactivate: deactivate 415393
09-23 16:54:46.306 I/AHal::DspModeAdapter( 1458): OnEarlyNotifyRoutingGraphChange: Just return, it's the case from inactive to active.
09-23 16:54:46.306 I/AHal::Router( 1458): InvalidateLocked: new graph #115598 Edges(1):
09-23 16:54:46.306 I/AHal::Router( 1458):   [direction: 0, use case: deep-buffer-playback, id: 0, use case extras: [aec: false, ns: false], use case attributes: [active track: true][sample_rate: 48000][channel layout: AudioChannelLayout{layoutMask: 3}][format: AudioFormatDescription{type: PCM, pcm: FLOAT_32_BIT, encoding: }], device: speaker, handle: 0xb400007b9a45e0b0, device extras: [source: SYS_RESERVED_INVALID, voice call: false, st aec: false, hac: false, sr: 48000, ch: AudioChannelLayout{layoutMask: 3}, f: AudioFormatDescription{type: PCM, pcm: FLOAT_32_BIT, encoding: }, hifi: 0], config id: [u: 400002, d:100001], priority: 0000]
09-23 16:54:46.306 I/AHal::Router( 1458): InvalidateLocked: ============ apply graph #115598 [Wed Sep 23 16:54:46 2026] start ============
09-23 16:54:46.306 I/AHal::DeviceInterface( 1458): Disconnect: disconnect microphones -> primary-capture-0
09-23 16:54:46.307 I/AHal::AudioRoutePathController( 1458): ResetPath: microphones -> primary-capture-0: true
09-23 16:54:46.308 I/AHal::AudioRoutePathController( 1458): ResetPath: microphones (VOICE_RECOGNITION): true
09-23 16:54:46.308 I/AHal::Router( 1458): LogTransferring: Transferring (1):
09-23 16:54:46.308 I/AHal::Router( 1458): LogTransferring:   microphones -> primary-capture-0 => (null)
09-23 16:54:46.308 I/AHal::VoiceCall( 1458): Update: set echo reference on speaker for deep-buffer-playback
09-23 16:54:46.308 I/AHal::Router( 1458): InvalidateLocked: ============ apply graph #115598 end ============
09-23 16:54:46.309 I/AHal::AocDspModeAdapter( 1458): RemoveRoutes: remove Route:{{use case = primary-capture, device = microphones, source = VOICE_RECOGNITION, channel_count = 1}}, current active route: {{use case = deep-buffer-playback, device = speaker, source = SYS_RESERVED_INVALID, channel_count = 2}},
09-23 16:54:46.309 I/ASvc::PeriodicWorker( 1458): SetLinkedConfigIds: update linked configs []
09-23 16:54:46.313 I/ASvc::Module( 1458): resetAudioPatch: patch id = 12849
09-23 16:54:46.314 I/AHal::Router( 1458): InvalidateLocked: nothing change between graph #115598 and #115599
09-23 16:54:47.008 I/pixel-thermal( 2330): cellular-emergency:34.4074 raw data: VIRTUAL-SKIN:34407.4 VIRTUAL-SKIN-SUB-0:34187.5 VIRTUAL-SKIN-SUB-1:31905.8 VIRTUAL-SKIN-SUB-10:33573.3 VIRTUAL-SKIN-SUB-2:32351.7 VIRTUAL-SKIN-SUB-3:32736.2 VIRTUAL-SKIN-SUB-4:33196.4 VIRTUAL-SKIN-SUB-5:33533.5 VIRTUAL-SKIN-SUB-6:31863.7 VIRTUAL-SKIN-SUB-7:33847.9 VIRTUAL-SKIN-SUB-8:34273.6 VIRTUAL-SKIN-SUB-9:34407.4 battery:34300 cam_therm:34154 cellular-emergency:34407.4 charge_therm:37871 disp_therm:34443 neutral_therm:35378 north_therm:33531 quiet_therm:35534 soc_therm:38695 usb_pwr_therm:34577 
09-23 16:54:47.008 I/pixel-thermal( 2330): VIRTUAL-SKIN-HINT:34.4074 raw data: VIRTUAL-SKIN:34407.4 VIRTUAL-SKIN-HINT:34407.4 
09-23 16:54:47.008 I/pixel-thermal( 2330): VIRTUAL-SKIN-CPU-LIGHT-ODPM:34.4074 raw data: VIRTUAL-SKIN:34407.4 VIRTUAL-SKIN-CPU-LIGHT-ODPM:34407.4 
09-23 16:54:47.008 I/pixel-thermal( 2330): VIRTUAL-SKIN-CPU-MID:34.4074 raw data: VIRTUAL-SKIN:34407.4 VIRTUAL-SKIN-CPU-MID:34407.4 
09-23 16:54:47.009 I/pixel-thermal( 2330): VIRTUAL-SKIN-CPU-HIGH:34.4074 raw data: VIRTUAL-SKIN:34407.4 VIRTUAL-SKIN-CPU-HIGH:34407.4 
09-23 16:54:47.009 I/pixel-thermal( 2330): VIRTUAL-SKIN-SOC:34.4074 raw data: VIRTUAL-SKIN:34407.4 VIRTUAL-SKIN-SOC:34407.4 
09-23 16:54:47.009 I/pixel-thermal( 2330): VIRTUAL-SKIN-GPU:34.4074 raw data: VIRTUAL-SKIN:34407.4 VIRTUAL-SKIN-GPU:34407.4 
09-23 16:54:47.009 I/pixel-thermal( 2330): VIRTUAL-SKIN-SPEAKER:30.9918 raw data: VIRTUAL-SKIN-SPEAKER:30991.8 VIRTUAL-SKIN-SPEAKER-SUB-0:29982.1 VIRTUAL-SKIN-SPEAKER-SUB-1:30772.3 VIRTUAL-SKIN-SPEAKER-SUB-2:30991.8 battery:34300 cam_therm:34154 charge_therm:37871 disp_therm:34443 neutral_therm:35378 north_therm:33531 quiet_therm:35534 soc_therm:38695 usb_pwr_therm:34577 
09-23 16:54:47.009 I/pixel-thermal( 2330): VIRTUAL-SKIN-CHARGE-WIRED:34.2736 raw data: NO_WLC:1 VIRTUAL-SKIN-CHARGE:34273.6 VIRTUAL-SKIN-CHARGE-SUB-0:34134.5 VIRTUAL-SKIN-CHARGE-SUB-1:32891.7 VIRTUAL-SKIN-CHARGE-SUB-2:32908.6 VIRTUAL-SKIN-CHARGE-SUB-3:34273.6 VIRTUAL-SKIN-CHARGE-WIRED:34273.6 WLC_CHECK:1 battery:34300 cam_therm:34154 charge_therm:37871 disp_therm:34443 neutral_therm:35378 north_therm:33531 quiet_therm:35534 soc_therm:38695 thb_hda:0 usb_pwr_therm:34577 
09-23 16:54:47.009 I/pixel-thermal( 2330): VIRTUAL-SKIN-CHARGE-WIRED power_budget=4007.27 err=3.7264 s_power=2527 time_elapsed_ms=7018 p=443.442 i=1302 d=-0 dt_per_min=nan compensation=0 budget transient=0 control target=2 excluded power budget=265.173 (PARTIAL_SYSTEM_POWER: 2209.78 mW, cdev_weight: 0.120000)
09-23 16:54:47.010 I/pixel-thermal( 2330): VIRTUAL-SKIN:34.4074 raw data: VIRTUAL-SKIN:34407.4 
09-23 16:54:47.010 I/pixel-thermal( 2330): quiet_therm:35.534 raw data: quiet_therm:35534 
09-23 16:54:47.010 I/pixel-thermal( 2330): VIRTUAL-SKIN-CHARGE-PERSIST:34.2736 raw data: VIRTUAL-SKIN-CHARGE:34273.6 VIRTUAL-SKIN-CHARGE-PERSIST:34273.6 
09-23 16:54:47.010 I/pixel-thermal( 2330): VIRTUAL-SKIN-CHARGE-PERSIST power_budget=4734.67 err=6.7264 s_power=2383 time_elapsed_ms=7018 p=1432.72 i=1383 d=-0 dt_per_min=nan compensation=0 budget transient=0 control target=2 excluded power budget=464.054 (PARTIAL_SYSTEM_POWER: 2209.78 mW, cdev_weight: 0.210000)
09-23 16:54:47.360 I/pixel-thermal( 2330): VIRTUAL-SKIN:34.4074 raw data: VIRTUAL-SKIN:34407.4 
09-23 16:54:47.666 I/AHal::Cs35l41Health( 1458): GetImpedances: speaker [0] impedance: 6.57999 Ohms
09-23 16:54:47.667 I/AHal::Cs35l41Health( 1458): GetImpedances: speaker [1] impedance: 7.01542 Ohms
09-23 16:54:47.667 I/AHal::Cs35l41Health( 1458): GetTemperatures: DSP1 Protection cd BDLOG_MAX_TEMP Max temp: 0x169534 ==> 90.3313 C
09-23 16:54:47.667 I/AHal::Cs35l41Health( 1458): GetTemperatures: R DSP1 Protection cd BDLOG_MAX_TEMP Max temp: 0x13e6f4 ==> 79.6086 C
09-23 16:54:47.667 I/AHal::Cs35l41Health( 1458): GetExcursions: DSP1 Protection cd BDLOG_MAX_EXC Max exc: 0x39999 ==> 0.449999 mm
09-23 16:54:47.667 I/AHal::Cs35l41Health( 1458): GetExcursions: R DSP1 Protection cd BDLOG_MAX_EXC Max exc: 0x3ffff ==> 0.499998 mm
09-23 16:54:47.667 I/AHal::Cs35l41Health( 1458): GetHeartBeats: DSP1 Protection 400a4 HALO_HEARTBEAT dsp heartbeat = 0x578562
09-23 16:54:47.667 I/AHal::Cs35l41Health( 1458): GetHeartBeats: R DSP1 Protection 400a4 HALO_HEARTBEAT dsp heartbeat = 0x578564
09-23 16:54:47.746 I/pixel-thermal( 2330): disp_therm:34.443 raw data: disp_therm:34443 
09-23 16:54:47.747 I/pixel-thermal( 2330): north_therm:33.531 raw data: north_therm:33531 
09-23 16:54:47.747 I/pixel-thermal( 2330): cam_therm:34.154 raw data: cam_therm:34154 
09-23 16:54:47.930 I/bthal.activity( 1461): bt_power: LeAdvStat: 16:54:46:926 - 16:54:47:930, duration: 1003, le_adv_count: 1, total_le_adv_count: 113059, total_event_count: 0
09-23 16:54:49.219 I/WifiHAL ( 1519): Creating message to get link statistics; iface = 48
09-23 16:54:49.336 E/libbinder.IPCThreadState( 1519): binder thread pool (1 threads) starved for 117 ms
09-23 16:54:49.336 I/WifiHAL ( 1519): Getting cached scan results, iface handle = 0xb400007cee0138d0
09-23 16:54:49.336 E/WifiHAL ( 1519): Creating message to get cached scan results
09-23 16:54:49.344 I/WifiHAL ( 1519): In GetCachedScanResultsCommand::handleResponse
09-23 16:54:49.358 I/bthal.activity( 1461): bt_power: LeAdvStat: 16:54:48:358 - 16:54:49:358, duration: 1000, le_adv_count: 1, total_le_adv_count: 113060, total_event_count: 1
09-23 16:54:49.386 I/WifiHAL ( 1519): CreateRequest mType = GET_FEATURE
09-23 16:54:50.813 I/NearbyMediums(31664): Found Fast Ble Advertisements :
09-23 16:54:50.813 I/NearbyMediums(31664): BleAdvertisement { version=2, socketVersion=2, isFast=true, serviceIdHash=null, data=[ 0x23 0x51 0x5a 0x37 0x45 0x11 0x32 0x6f 0xd3 0x3d 0x93 0x8d 0xe4 0x24 0x58 0xb3 0xc7 0xe7 0xec 0xe9 0xe0 0x22 0x9a ], deviceToken=[ 0xe1 0xa7 ], rxAdvertisement=[ 0xa0 0x17 0x40 0x77 0xb6 0x4a 0xa2 0xf1 0xb8 0x5e 0x89 0xd0 0xfa 0x3b 0xb9 0x21 0xf4 0xe6 0x35 0x5a 0x51 0x3f 0x27 0x59 0xc1 0xcd 0x0d 0x49 0x08 0x20 0x37 0x65 0xbb 0x5c 0x84 0x15 0x05 0x7f 0x1f 0x00 0x84 0x15 0x06 0x60 0x1f 0x00 0x84 0x15 0x04 0x7f 0x1f 0x00 0x84 0x15 0x07 0x63 0x1f 0x00 0x83 0x15 0x01 0x16 0x71 ] } : 2 times.
09-23 16:54:50.813 I/NearbyMediums(31664): Total 2 fast advertisements from 1 unique advertisers.
09-23 16:54:50.813 I/NearbyMediums(31664): Current Tracked Scanning Clients are : {NearbyConnections.EnvironmentMonitor, NearbySharing}
09-23 16:54:51.969 I/DisplayDeviceRepository( 1948): Display device changed render timings: "Built-in Screen", renderFrameRate=60.0, presentationDeadlineNanos=11500000, appVsyncOffsetNanos=6233334, frameRateOverrides=[{uid=10576 frameRateHz=60.0}]
09-23 16:54:52.391 I/WifiHAL ( 1519): Creating message to get link statistics; iface = 48
09-23 16:54:52.468 I/WifiHAL ( 1519): Getting cached scan results, iface handle = 0xb400007cee0138d0
09-23 16:54:52.468 E/WifiHAL ( 1519): Creating message to get cached scan results
09-23 16:54:52.476 I/WifiHAL ( 1519): In GetCachedScanResultsCommand::handleResponse
09-23 16:54:52.519 I/WifiHAL ( 1519): CreateRequest mType = GET_FEATURE
09-23 16:54:52.767 W/AppOps  ( 1948): Noting op not finished: uid 10147 pkg com.google.android.gms code 79 startTime of in progress event=1790142079993
09-23 16:54:52.782 I/AHS_PassiveTrackingMana(31664): (REDACTED) passiveDataUpdate: %s
09-23 16:54:52.782 I/AHS_PassiveTrackingMana(31664): (REDACTED) passiveDataUpdate: %s
09-23 16:54:52.923 I/WindowManager( 1948): Display id=0 rotation changed to 3 from 0, lastOrientation=-1 userRotationMode=0 userRotation=0 lastSensorRotation=3
09-23 16:54:52.925 I/DisplayDeviceRepository( 1948): Display device changed render timings: "Built-in Screen", renderFrameRate=60.0, presentationDeadlineNanos=11500000, appVsyncOffsetNanos=6233334, frameRateOverrides=[]
09-23 16:54:52.929 I/libbinder.BpBinder(  676): onLastStrongRef automatically unlinking death recipients for binder (0xb4000077cc36e9f0) with descriptor: '(not cached)'
09-23 16:54:52.929 I/DisplayTopology( 1948): Display with ID 0 updated, new logical width: 2992, new logicalHeight: 1344, new density: 480
09-23 16:54:52.931 I/ActivityTaskManager( 1948): Config changes=20000480 {1.0 505mcc1mnc [en_US_#u-mu-celsius,en_AU_#u-mu-celsius] ldltr sw448dp w997dp h448dp 480dpi nrml long compactNeeded hdr widecg land finger -keyb/v/h -nav/h winConfig={ mBounds=Rect(0, 0 - 2992, 1344) mAppBounds=Rect(0, 0 - 2992, 1344) mMaxBounds=Rect(0, 0 - 2992, 1344) mDisplayRotation=ROTATION_270 mWindowingMode=fullscreen mActivityType=undefined mAlwaysOnTop=undefined mRotation=ROTATION_270} as.2 s.241563 fontWeightAdjustment=0}
09-23 16:54:52.938 I/WindowManager( 1948): Override config changes=20000480 {1.0 505mcc1mnc [en_US_#u-mu-celsius,en_AU_#u-mu-celsius] ldltr sw448dp w997dp h448dp 480dpi nrml long compactNeeded hdr widecg land finger -keyb/v/h -nav/h winConfig={ mBounds=Rect(0, 0 - 2992, 1344) mAppBounds=Rect(0, 0 - 2992, 1344) mMaxBounds=Rect(0, 0 - 2992, 1344) mDisplayRotation=ROTATION_270 mWindowingMode=fullscreen mActivityType=undefined mAlwaysOnTop=undefined mRotation=ROTATION_270} as.2 s.241563 fontWeightAdjustment=0} for displayId=0
09-23 16:54:52.938 W/TransitionChain( 1948): Combining dispOverCfg into #49084(CHANGE|R|0x0) from updateRot
09-23 16:54:52.952 I/Surface ( 1948): Creating surface for consumer unnamed-1948-9667 with slotExpansion=1 for 64 slots
09-23 16:54:52.952 I/Surface ( 1948): Creating surface for consumer ImageReader-1344x2992f1m1-1948-8895 with slotExpansion=1 for 64 slots
09-23 16:54:52.952 W/ImageReader_JNI( 1948): Unable to acquire a buffer item, very likely client tried to acquire more than maxImages buffers
09-23 16:54:52.954 I/PixelDisplayManager( 3337): onDisplayChanged(Built-in Screen, 0, local:4619827535830457088): screenOn=true, hbmMode=0, br=0.094265535, product=DeviceProductInfo{name=HK3-A0B-00, manufacturerPnpId=GGL, productId=0, modelYear=null, manufactureDate=ManufactureDate{week=1, year=1990}, connectionToSinkType=1, edidStructureMetadata=EdidStructureMetadata{version=0, revision=0}, videoInputType=0}
09-23 16:54:52.954 E/ConsumerBase( 1948): [ImageReader-1344x2992f1m1-1948-8895] abandonLocked: ConsumerBase is abandoned!
09-23 16:54:52.954 I/SigHubManager( 3206): sendEventToNanoApp 1 [2]
09-23 16:54:52.955 I/AlarmManager(31664): setExactAndAllowWhileIdle [name: FcmRetry type: 2 triggerAtMillis: 2955706721]
09-23 16:54:52.961 I/AppBase ( 8428): AppBase.onConfigurationChanged():283 onConfigurationChanged() : NewConfig = {1.0 505mcc1mnc [en_US_#u-mu-celsius,en_AU_#u-mu-celsius] ldltr sw448dp w997dp h448dp 480dpi nrml long compactNeeded hdr widecg land finger -keyb/v/h -nav/h winConfig={ mBounds=Rect(0, 0 - 2992, 1344) mAppBounds=Rect(0, 0 - 2992, 1344) mMaxBounds=Rect(0, 0 - 2992, 1344) mDisplayRotation=ROTATION_270 mWindowingMode=fullscreen mActivityType=undefined mAlwaysOnTop=undefined mRotation=ROTATION_270} as.2 s.241638 fontWeightAdjustment=0}
09-23 16:54:52.963 I/GoogleInputMethodService( 8428): GoogleInputMethodService.onConfigurationChanged():1207 onConfigurationChanged() : NewConfig = {1.0 505mcc1mnc [en_US_#u-mu-celsius,en_AU_#u-mu-celsius] ldltr sw448dp w997dp h448dp 480dpi nrml long compactNeeded hdr widecg land finger -keyb/v/h -nav/h winConfig={ mBounds=Rect(0, 0 - 2992, 1344) mAppBounds=Rect(0, 0 - 2992, 1344) mMaxBounds=Rect(0, 0 - 2992, 1344) mDisplayRotation=ROTATION_270 mWindowingMode=fullscreen mActivityType=undefined mAlwaysOnTop=undefined mRotation=ROTATION_270} as.2 s.241563 fontWeightAdjustment=0}
09-23 16:54:52.963 I/GoogleInputMethodService( 8428): GoogleInputMethodService.onConfigurationChanged():1208 device real metrics: DisplayMetrics{density=3.0, width=2992, height=1344, scaledDensity=3.0, xdpi=487.68, ydpi=490.301}
09-23 16:54:52.963 I/GoogleInputMethodService( 8428): GoogleInputMethodService.onConfigurationChanged():1232 Maybe update OEM conditional config because of configuration change
09-23 16:54:52.963 I/InputMethodEntryManager( 8428): InputMethodEntryManager.notifyCurrentInputMethodEntryOnContextChanged():607 notifyCurrentInputMethodEntryOnContextChanged()
09-23 16:54:52.963 I/InputMethodEntryManager( 8428): InputMethodEntryManager.notifyCurrentInputMethodEntryOnContextChanged():624 Notify current input method entry changed on context change
09-23 16:54:52.963 I/SystemSubtypesReportModule( 8428): SystemSubtypesReportModule$1.onCurrentInputMethodEntryChanged():115 entry: en-US, source: UNSPECIFIED
09-23 16:54:52.963 W/DisplayManagerService( 1948): Display info not found in cache for display 1649, callingUid 10243
09-23 16:54:52.963 W/DisplayManagerService( 1948): Display info not found in cache for display 1642, callingUid 10243
09-23 16:54:52.963 W/DisplayManagerService( 1948): Display info not found in cache for display 1635, callingUid 10243
09-23 16:54:52.964 W/DisplayManagerService( 1948): Display info not found in cache for display 1628, callingUid 10243
09-23 16:54:52.964 W/DisplayManagerService( 1948): Display info not found in cache for display 1623, callingUid 10243
09-23 16:54:52.964 W/DisplayManagerService( 1948): Display info not found in cache for display 1615, callingUid 10243
09-23 16:54:52.964 I/KeyboardContextProvider( 8428): KeyboardContextProvider$KeyboardContextCache.createKeyboardContext():173 createKeyboardContext(): en-US, nmm@2d6acff(com.android.inputmethod.latin.LatinIME@4506f3a), {1.0 505mcc1mnc [en_US] ldltr sw448dp w997dp h448dp 480dpi nrml long compactNeeded hdr widecg land finger -keyb/v/h -nav/h winConfig={ mBounds=Rect(0, 0 - 2992, 1344) mAppBounds=Rect(0, 0 - 2992, 1344) mMaxBounds=Rect(0, 0 - 2992, 1344) mDisplayRotation=ROTATION_270 mWindowingMode=fullscreen mActivityType=undefined mAlwaysOnTop=undefined mRotation=ROTATION_270} as.2 s.241563 fontWeightAdjustment=0}
09-23 16:54:52.964 I/GoogleInputMethodService( 8428): GoogleInputMethodService.onCurrentInputMethodEntryChanged():2618 onCurrentInputMethodEntryChanged(): imeDefsChanged=false, entryLanguageVariantChanged=false, keyboardContextChanged=true
09-23 16:54:52.964 W/DisplayManagerService( 1948): Display info not found in cache for display 1607, callingUid 10243
09-23 16:54:52.964 I/KeyboardContextProvider( 8428): KeyboardContextProvider.setBaseContextAndInvalidKeyboardContextCache():88 setBaseContextAndInvalidKeyboardContextCache(): com.android.inputmethod.latin.LatinIME@4506f3a
09-23 16:54:52.965 I/DeviceModeModule( 8428): DeviceModeModule.calculateAndNotify():242 Device mode 'phone' from display metrics 'DisplayMetrics{density=0.0, width=1344, height=2992, scaledDensity=0.0, xdpi=487.68, ydpi=490.301}' or smallestScreenWidthDp: 448
09-23 16:54:52.965 I/InputMethodEntryManager( 8428): InputMethodEntryManager.resetLanguages():2905 resetLanguages() debounced: languages=null, conditionName=orientation
09-23 16:54:52.965 I/ImeDefCache( 8428): ImeDefCache.clearCacheForLanguages():340 clearCacheForLanguages: languagesToClear=null, conditionName=orientation
09-23 16:54:52.965 W/DisplayManagerService( 1948): Display info not found in cache for display 1602, callingUid 10243
09-23 16:54:52.965 I/AdditionalImeDefCache( 8428): AdditionalImeDefCache.clearAdditionalImeDefsForCondition():303 clearAdditionalImeDefsForCondition() clear additional ImeDefs: []
09-23 16:54:52.965 I/InputMethodEntryManager( 8428): InputMethodEntryManager.startLoadingInputMethodEntrySettings():814 Start loading input method entry settings: [LanguageTagVariantTuple{languageTag=en-US, variant=qwerty}, LanguageTagVariantTuple{languageTag=en-AU, variant=qwerty}]
09-23 16:54:52.965 I/InputMethodEntryManager( 8428): InputMethodEntryManager.updateInputMethodEntrySettingsLoadingTask():944 update loading task with resetImplicitlyEnabledEntries is false
09-23 16:54:52.965 W/DisplayManagerService( 1948): Display info not found in cache for display 1596, callingUid 10243
09-23 16:54:52.965 I/InputMethodEntryManager( 8428): InputMethodEntryManager$4.onSuccess():966 Success load entries: [LanguageTagVariantTuple{languageTag=en-US, variant=qwerty}, LanguageTagVariantTuple{languageTag=en-AU, variant=qwerty}], resetImplicitlyEnabledEntries=false, initialized=true
09-23 16:54:52.965 W/DisplayManagerService( 1948): Display info not found in cache for display 1589, callingUid 10243
09-23 16:54:52.966 W/DisplayManagerService( 1948): Display info not found in cache for display 1584, callingUid 10243
09-23 16:54:52.966 I/KeyboardContextProvider( 8428): KeyboardContextProvider$KeyboardContextCache.createKeyboardContext():173 createKeyboardContext(): en-AU, nmm@cc070f6(com.android.inputmethod.latin.LatinIME@4506f3a), {1.0 505mcc1mnc [en_AU] ldltr sw448dp w997dp h448dp 480dpi nrml long compactNeeded hdr widecg land finger -keyb/v/h -nav/h winConfig={ mBounds=Rect(0, 0 - 2992, 1344) mAppBounds=Rect(0, 0 - 2992, 1344) mMaxBounds=Rect(0, 0 - 2992, 1344) mDisplayRotation=ROTATION_270 mWindowingMode=fullscreen mActivityType=undefined mAlwaysOnTop=undefined mRotation=ROTATION_270} as.2 s.241563 fontWeightAdjustment=0}
09-23 16:54:52.966 W/DisplayManagerService( 1948): Display info not found in cache for display 1579, callingUid 10243
09-23 16:54:52.966 I/InputMethodEntryManager( 8428): InputMethodEntryManager.changeCurrentInputMethodEntry():3177 Set current input method entry: source=UNSPECIFIED, entryChanged=false, enablePersist=true, ouv{languageTag=en-US, variant=qwerty, hasLocalizedResources=true, conditionCacheKey=_android_software_xr_api_spatial=false_device=phone_device_size=default_enable_free_cursor_by_long_press_space=true_enable_number_row=false_enable_number_row_in_password=true_enable_pk_simulator=false_enable_pk_simulator_setting=false_enable_scrub_move=true_enable_secondary_digits=true_enable_secondary_symbols=false_enable_simplified_expression_keyboard=false_expressions=normal_four_or_more_letter_rows=false_free_cursor=false_free_cursor_in_split_keyboard_gap=false_keyboard_font_size_setting=_keyboard_mode=normal_language=en-US_layout_9key_split=false_orientation=landscape_physical_keyboard=nokeys_pk_simulator_vk_ready=false_pref_enable_flick_symbols=false_rtl_layout=false_show_comma_key=true_show_period_key=true_show_secondary_digits=true_show_suggestion_strip=true_show_suggestions=true_split_with_duplicate_keys=true_true=true_variant=qwerty_writing_helper_enable_by_word_revert=false, imeDef.stringId=ime_english_united_states, imeDef.className=com.google.android.apps.inputmethod.libs.latin5.LatinIme, imeDef.languageTag=en-US}
09-23 16:54:52.966 I/InputMethodEntryManager( 8428): InputMethodEntryManager.loadAdditionalImeDefsForCurrentEntry():3210 loadAdditionalImeDefsForCurrentEntry(): ouv{languageTag=en-US, variant=qwerty, hasLocalizedResources=true, conditionCacheKey=_android_software_xr_api_spatial=false_device=phone_device_size=default_enable_free_cursor_by_long_press_space=true_enable_number_row=false_enable_number_row_in_password=true_enable_pk_simulator=false_enable_pk_simulator_setting=false_enable_scrub_move=true_enable_secondary_digits=true_enable_secondary_symbols=false_enable_simplified_expression_keyboard=false_expressions=normal_four_or_more_letter_rows=false_free_cursor=false_free_cursor_in_split_keyboard_gap=false_keyboard_font_size_setting=_keyboard_mode=normal_language=en-US_layout_9key_split=false_orientation=landscape_physical_keyboard=nokeys_pk_simulator_vk_ready=false_pref_enable_flick_symbols=false_rtl_layout=false_show_comma_key=true_show_period_key=true_show_secondary_digits=true_show_suggestion_strip=true_show_suggestions=true_split_with_duplicate_keys=true_true=true_variant=qwerty_writing_helper_enable_by_word_revert=false, imeDef.stringId=ime_english_united_states, imeDef.className=com.google.android.apps.inputmethod.libs.latin5.LatinIme, imeDef.languageTag=en-US}
09-23 16:54:52.966 I/InputMethodEntryManager( 8428): InputMethodEntryManager$6.onSuccess():3257 Success load additional ImeDefs, entryChanged=false, additionalImeDefsChanged=false, [ImeDef{stringId=password, language=und-Latn-x-password, languageTag=und-Latn-x-password, processedConditions={language=en-US, variant=qwerty, enable_number_row=true, device=phone, enable_pk_simulator=false, true=true, writing_helper_enable_by_word_revert=false, enable_number_row_in_password=true}, className=com.google.android.libraries.inputmethod.ime.password.PasswordIme, label=2132019413, keyEventInterpreter=null, inlineComposing=true, autoCapital=true, announceAutoSelectedCandidate=true, statusIcon=0, indicatorIcon=0, indicatorLabel=null, displayAppCompletions=false, extraValues=ppy{}, processors=com.google.android.libraries.inputmethod.metadata.ProcessorsDef@ea7c9ef, unacceptableMetaKeys=4098, languageSpecificSettings=0, asciiCapable=false, alwaysShowSuggestions=false, useAsciiPasswordKeyboard=false, keyboardGroupDef=KeyboardGroupDef(variant=qwerty, variantLabel=0, pkLanguageTag=, pkLayoutType=, dynamicLayout=null, layoutSpecificSettings=[], layoutSpecificTheme=2132083614, order=0, supportsSplitMode=true, supportsOneHandedMode=true, isVariantNameMandatory=false, keyboardDefInfos={prime=KeyboardDefInfo(kbType=prime, initialStates=0, keyboardSources=[Xml(resId=2132215151), Xml(resId=2132215814), Xml(resId=2132215343)], extraValues=ppy{}), digit=KeyboardDefInfo(kbType=digit, initialStates=0, keyboardSources=[Xml(resId=2132215775)], extraValues=ppy{}), symbol=KeyboardDefInfo(kbType=symbol, initialStates=0, keyboardSources=[Xml(resId=2132215955)], extraValues=ppy{})}, overrideKeyboardXmlConditions=com.google.android.libraries.inputmethod.metadata.OverrideKeyboardXmlConditionsDef@22e58d1), phenotypeFlagId=0, localizationLanguageTag=null, supportsInlineSuggestion=false}, ImeDef{stringId=number, language=und-Latn-x-number, languageTag=und-Latn-x-number, processedConditions={}, className=com.google.android.libraries.inputmethod.ime.DummyIme, label=2132019373, keyEventInterpreter=null, inlineComposing=true, autoCapital=false, announceAutoSelectedCandidate=false, statusIcon=0, indicatorIcon=0, indicatorLabel=null, displayAppCompletions=false, extraValues=ppy{}, processors=com.google.android.libraries.inputmethod.metadata.ProcessorsDef@ea7c9ef, unacceptableMetaKeys=4098, languageSpecificSettings=0, asciiCapable=false, alwaysShowSuggestions=false, useAsciiPasswordKeyboard=false, keyboardGroupDef=KeyboardGroupDef(variant=, variantLabel=0, pkLanguageTag=, pkLayoutType=, dynamicLayout=null, layoutSpecificSettings=[], layoutSpecificTheme=0, order=0, supportsSplitMode=false, supportsOneHandedMode=true, isVariantNameMandatory=false, keyboardDefInfos={prime=KeyboardDefInfo(kbType=prime, initialStates=0, keyboardSources=[Xml(resId=2132215780)], extraValues=ppy{})}, overrideKeyboardXmlConditions=com.google.android.libraries.inputmethod.metadata.OverrideKeyboardXmlConditionsDef@1), phenotypeFlagId=0, localizationLanguageTag=null, supportsInlineSuggestion=false}, ImeDef{stringId=number_password, language=und-Latn-x-number-password, languageTag=und-Latn-x-number-password, processedConditions={}, className=com.google.android.libraries.inputmethod.ime.DummyIme, label=2132019374, keyEventInterpreter=null, inlineComposing=true, autoCapital=false, announceAutoSelectedCandidate=false, statusIcon=0, indicatorIcon=0, indicatorLabel=null, displayAppCompletions=false, extraValues=ppy{}, processors=com.google.android.libraries.inputmethod.metadata.ProcessorsDef@ea7c9ef, unacceptableMetaKeys=4098, languageSpecificSettings=0, asciiCapable=false, alwaysShowSuggestions=false, useAsciiPasswordKeyboard=false, keyboardGroupDef=KeyboardGroupDef(variant=, variantLabel=0, pkLanguageTag=, pkLayoutType=, dynamicLayout=null, layoutSpecificSettings=[], layoutSpecificTheme=0, order=0, supportsSplitMode=false, supportsOneHandedMode=true, isVariantNameMandatory=false, keyboardDefInfos={prime=KeyboardDefInfo(kbType=prime, initialStates=0, keyboardSources=[Xml(
09-23 16:54:52.966 I/InputMethodEntryManager( 8428): resId=2132215781)], extraValues=ppy{})}, overrideKeyboardXmlConditions=com.google.android.libraries.inputmethod.metadata.OverrideKeyboardXmlConditionsDef@1), phenotypeFlagId=0, localizationLanguageTag=null, supportsInlineSuggestion=false}, ImeDef{stringId=phone_number, language=und-Latn-x-phone-number, languageTag=und-Latn-x-phone-number, processedConditions={}, className=com.google.android.libraries.inputmethod.ime.DummyIme, label=2132019445, keyEventInterpreter=null, inlineComposing=true, autoCapital=false, announceAutoSelectedCandidate=false, statusIcon=0, indicatorIcon=0, indicatorLabel=null, displayAppCompletions=false, extraValues=ppy{}, processors=com.google.android.libraries.inputmethod.metadata.ProcessorsDef@ea7c9ef, unacceptableMetaKeys=4098, languageSpecificSettings=0, asciiCapable=false, alwaysShowSuggestions=false, useAsciiPasswordKeyboard=false, keyboardGroupDef=KeyboardGroupDef(variant=, variantLabel=0, pkLanguageTag=, pkLayoutType=, dynamicLayout=null, layoutSpecificSettings=[], layoutSpecificTheme=0, order=0, supportsSplitMode=false, supportsOneHandedMode=true, isVariantNameMandatory=false, keyboardDefInfos={prime=KeyboardDefInfo(kbType=prime, initialStates=0, keyboardSources=[Xml(resId=2132215806)], extraValues=ppy{})}, overrideKeyboardXmlConditions=com.google.android.libraries.inputmethod.metadata.OverrideKeyboardXmlConditionsDef@1), phenotypeFlagId=0, localizationLanguageTag=null, supportsInlineSuggestion=false}, ImeDef{stringId=date_time, language=und-Latn-x-date-time, languageTag=und-Latn-x-date-time, processedConditions={}, className=com.google.android.libraries.inputmethod.ime.DummyIme, label=2132017836, keyEventInterpreter=null, inlineComposing=true, autoCapital=false, announceAutoSelectedCandidate=false, statusIcon=0, indicatorIcon=0, indicatorLabel=null, displayAppCompletions=false, extraValues=ppy{}, processors=com.google.android.libraries.inputmethod.metadata.ProcessorsDef@ea7c9ef, unacceptableMetaKeys=4098, languageSpecificSettings=0, asciiCapable=false, alwaysShowSuggestions=false, useAsciiPasswordKeyboard=false, keyboardGroupDef=KeyboardGroupDef(variant=, variantLabel=0, pkLanguageTag=, pkLayoutType=, dynamicLayout=null, layoutSpecificSettings=[], layoutSpecificTheme=0, order=0, supportsSplitMode=false, supportsOneHandedMode=true, isVariantNameMandatory=false, keyboardDefInfos={prime=KeyboardDefInfo(kbType=prime, initialStates=0, keyboardSources=[Xml(resId=2132215646)], extraValues=ppy{})}, overrideKeyboardXmlConditions=com.google.android.libraries.inputmethod.metadata.OverrideKeyboardXmlConditionsDef@1), phenotypeFlagId=0, localizationLanguageTag=null, supportsInlineSuggestion=false}]
09-23 16:54:52.966 I/InputMethodEntryManager( 8428): InputMethodEntryManager.onSuccessLoadingAdditionalImeDefs():3333 Additional ImeDefs have been loaded, maybe notify entry change: false
09-23 16:54:52.966 W/DisplayManagerService( 1948): Display info not found in cache for display 1572, callingUid 10243
09-23 16:54:52.966 I/SystemSubtypesReportModule( 8428): SystemSubtypesReportModule$1.onCurrentInputMethodEntryChanged():115 entry: en-US, source: UNSPECIFIED
09-23 16:54:52.966 I/GoogleInputMethodService( 8428): GoogleInputMethodService.onCurrentInputMethodEntryChanged():2618 onCurrentInputMethodEntryChanged(): imeDefsChanged=false, entryLanguageVariantChanged=false, keyboardContextChanged=false
09-23 16:54:52.966 I/GoogleInputMethodService( 8428): GoogleInputMethodService.onCurrentInputMethodEntryChanged():2645 Skip the entry change as the input method entry is consider as not changed.
09-23 16:54:52.967 I/GoogleInputMethodService( 8428): GoogleInputMethodService.onConfigurationChanged():1250 changedMask : 20000480
09-23 16:54:52.967 I/GoogleInputMethodService( 8428): GoogleInputMethodService.clearInputMethodServiceData():1193 clearInputMethodServiceData for configurationChange
09-23 16:54:52.967 I/GoogleInputMethodService( 8428): GoogleInputMethodService.discardAllKeyboardViewAndInputView():1447 discardAllKeyboardViewAndInputView()
09-23 16:54:52.967 I/AbstractOpenableExtension( 8428): AbstractOpenableExtension.maybeDestroyExistingKeyboardGroupManager():552 Destroy existing keyboard group manager in izi
09-23 16:54:52.967 I/AbstractOpenableExtension( 8428): AbstractOpenableExtension$3.onSuccess():572 KeyboardGroupManager destroyed in izi.
09-23 16:54:52.967 I/AbstractOpenableExtension( 8428): AbstractOpenableExtension.createKeyboardGroupManagerListenableFuture():122 Create keyboard group manager listenable future in izi
09-23 16:54:52.967 I/AbstractOpenableExtension( 8428): AbstractOpenableExtension.maybeDestroyExistingKeyboardGroupManager():552 Destroy existing keyboard group manager in ghn
09-23 16:54:52.967 I/AbstractOpenableExtension( 8428): AbstractOpenableExtension$3.onSuccess():572 KeyboardGroupManager destroyed in ghn.
09-23 16:54:52.967 I/AbstractOpenableExtension( 8428): AbstractOpenableExtension.createKeyboardGroupManagerListenableFuture():122 Create keyboard group manager listenable future in ghn
09-23 16:54:52.967 W/ModuleManager( 8428): ModuleManager.loadModule():641 Module rru is not available
09-23 16:54:52.967 W/LatinCommonMetricsProcessor( 8428): LatinCommonMetricsProcessor.processInputMethodEntryChanged():2602 The new entry is equal to the old entry
09-23 16:54:52.968 W/DisplayManagerService( 1948): Display info not found in cache for display 1566, callingUid 10243
09-23 16:54:52.968 I/SP      ( 8428): Registering emoticon_content_description.2022081613, url: https://www.gstatic.com/android/keyboard/emoticon_content_desc/202208161305/superpacks_manifest.json, constraints: W:*:*:*, flags: bg, requested: 2022081613, current: 2022081613
09-23 16:54:52.968 W/DisplayManagerService( 1948): Display info not found in cache for display 1560, callingUid 10243
09-23 16:54:52.969 I/KeyboardGroupDefParser( 8428): KeyboardGroupDefParser.parseKeyboardGroupDef():72 parseKeyboardGroupDef() 2132213851 -> 0_resource_name_obfuscated : WaitTime = 1 ms : RunTime = 1 ms
09-23 16:54:52.969 W/DisplayManagerService( 1948): Display info not found in cache for display 1554, callingUid 10243
09-23 16:54:52.969 I/PerLanguageDataDownloader( 8428): PerLanguageDataDownloader.downloadDataInternal():168 downloading Data for en
09-23 16:54:52.969 I/ManifestedDataDownloader( 8428): ManifestedDataDownloader.download():67 downloading manifest https://www.gstatic.com/android/keyboard/modelpack/proactiveek/embedding_gemma/2025120304/en_manifest.json
09-23 16:54:52.969 I/SuperpacksManagerImpl( 8428): SuperpacksManagerImpl$3$1.onSuccess():552 emoticon_content_description.registerManifest() succeeded
09-23 16:54:52.969 W/DisplayManagerService( 1948): Display info not found in cache for display 1548, callingUid 10243
09-23 16:54:52.969 I/AbstractOpenableExtension( 8428): AbstractOpenableExtension.maybeDestroyExistingKeyboardGroupManager():552 Destroy existing keyboard group manager in jcz
09-23 16:54:52.969 I/AbstractOpenableExtension( 8428): AbstractOpenableExtension$3.onSuccess():572 KeyboardGroupManager destroyed in jcz.
09-23 16:54:52.969 I/AbstractOpenableExtension( 8428): AbstractOpenableExtension.createKeyboardGroupManagerListenableFuture():122 Create keyboard group manager listenable future in jcz
09-23 16:54:52.970 I/DeviceModeModule( 8428): DeviceModeModule.calculateAndNotify():242 Device mode 'phone' from display metrics 'DisplayMetrics{density=0.0, width=2992, height=1344, scaledDensity=0.0, xdpi=487.68, ydpi=490.301}' or smallestScreenWidthDp: 448
09-23 16:54:52.970 W/DisplayManagerService( 1948): Display info not found in cache for display 1542, callingUid 10243
09-23 16:54:52.970 W/DisplayManagerService( 1948): Display info not found in cache for display 1535, callingUid 10243
09-23 16:54:52.971 I/KeyboardGroupDefParser( 8428): KeyboardGroupDefParser.parseKeyboardGroupDef():72 parseKeyboardGroupDef() 2132213855 -> 0_resource_name_obfuscated : WaitTime = 1 ms : RunTime = 0 ms
09-23 16:54:52.971 I/GoogleInputMethodService( 8428): GoogleInputMethodService$8.onWindowMetricsChanged():859 windowMetrics: bounds() = Rect(0, 84 - 2841, 1344), insets() = Rect(0, 0 - 0, 0)
09-23 16:54:52.971 W/LatinIMEBase( 8428): LatinIMEBase.updateInputViewCoverNavigation():322 Null input view, cannot update padding!
09-23 16:54:52.971 I/WindowMetricsNotification( 8428): WindowMetricsNotification.notify():169 tad[bounds=Rect(0, 84 - 2841, 1344), insets=Rect(0, 0 - 0, 0), decorBounds=Rect(0, 0 - 2992, 1344), densityDpi=480, smallestScreenWidthDp=448, displayWidth=2992, displayHeight=1344, xdpi=487.68, ydpi=490.301, isTrustable=true, displayId=0]; DisplayMetrics{density=3.0, width=2992, height=1344, scaledDensity=3.0, xdpi=487.68, ydpi=490.301}
09-23 16:54:52.971 I/WindowMetricsHelper( 8428): WindowMetricsHelper.predictAndNotify():148 Window metrics predicted.
09-23 16:54:52.971 W/DisplayManagerService( 1948): Display info not found in cache for display 1529, callingUid 10243
09-23 16:54:52.971 I/GoogleInputMethodService( 8428): GoogleInputMethodService.initializeInputMethodServiceData():914 initializeInputMethodServiceData for ouv{languageTag=en-US, variant=qwerty, hasLocalizedResources=true, conditionCacheKey=_android_software_xr_api_spatial=false_device=phone_device_size=default_enable_free_cursor_by_long_press_space=true_enable_number_row=false_enable_number_row_in_password=true_enable_pk_simulator=false_enable_pk_simulator_setting=false_enable_scrub_move=true_enable_secondary_digits=true_enable_secondary_symbols=false_enable_simplified_expression_keyboard=false_expressions=normal_four_or_more_letter_rows=false_free_cursor=false_free_cursor_in_split_keyboard_gap=false_keyboard_font_size_setting=_keyboard_mode=normal_language=en-US_layout_9key_split=false_orientation=landscape_physical_keyboard=nokeys_pk_simulator_vk_ready=false_pref_enable_flick_symbols=false_rtl_layout=false_show_comma_key=true_show_period_key=true_show_secondary_digits=true_show_suggestion_strip=true_show_suggestions=true_split_with_duplicate_keys=true_true=true_variant=qwerty_writing_helper_enable_by_word_revert=false, imeDef.stringId=ime_english_united_states, imeDef.className=com.google.android.apps.inputmethod.libs.latin5.LatinIme, imeDef.languageTag=en-US}
09-23 16:54:52.971 W/SystemServiceRegistry(22609): No service published for: personal_context
09-23 16:54:52.971 W/DisplayManagerService( 1948): Display info not found in cache for display 1523, callingUid 10243
09-23 16:54:52.971 W/AmbientCueRepository(22609): spoonBarOptedIn not found, default to enabled
09-23 16:54:52.971 W/DisplayManagerService( 1948): Display info not found in cache for display 1517, callingUid 10243
09-23 16:54:52.971 W/DisplayManagerService( 1948): Display info not found in cache for display 1511, callingUid 10243
09-23 16:54:52.972 W/DisplayManagerService( 1948): Display info not found in cache for display 1505, callingUid 10243
09-23 16:54:52.972 I/KeyboardGroupDefParser( 8428): KeyboardGroupDefParser.parseKeyboardGroupDef():72 parseKeyboardGroupDef() 2132213854 -> 0_resource_name_obfuscated : WaitTime = 1 ms : RunTime = 2 ms
09-23 16:54:52.973 W/DisplayManagerService( 1948): Display info not found in cache for display 1498, callingUid 10243
09-23 16:54:52.973 I/KeyboardThemeProvider( 8428): KeyboardThemeProvider.applyKeyboardTheme():27 Apply keyboard theme: theme,!gsf,!pgsf,!use_system_font,BORDER,FLAVOR_DPI=XXHDPI,IS_LIGHT,KEYBOARD_MODE=1,KEYBOARD_WIDTH_CATEGORY=NORMAL,KEY_BORDER_SHAPE=1,LANDSCAPE,LIGHT_THEME=true,ORIENTATION=2,PHYSICAL_DIAGONAL=6.474737,POPUP,SCREEN_SHORTEST_WIDTH=448,SCREEN_SHORTEST_WIDTH_NO_SCALE=448,SW400DP,XXHDPI,enable_popup_on_keypress=true,non_linear_scale,noshadow,overlay_builtin_dynamic_color_light_base.binarypb:gm3-light-fffff4f3-ff400d00-6253c8bf50d70951027564a8b1a025da,pgsans,silkpopup
09-23 16:54:52.973 I/InputMethodEntryManager( 8428): InputMethodEntryManager.getAdditionalImeDefs():2571 getAdditionalImeDefs() called, flag enabled: false, isUserUnlocked: true
09-23 16:54:52.973 I/InputMethodEntryManager( 8428): InputMethodEntryManager.getAdditionalImeDefs():2579 OptimizeAdditionalImeDefLoadingFlag disabled, retrieving additional ImeDefs synchronously for entry: ouv{languageTag=en-US, variant=qwerty, hasLocalizedResources=true, conditionCacheKey=_android_software_xr_api_spatial=false_device=phone_device_size=default_enable_free_cursor_by_long_press_space=true_enable_number_row=false_enable_number_row_in_password=true_enable_pk_simulator=false_enable_pk_simulator_setting=false_enable_scrub_move=true_enable_secondary_digits=true_enable_secondary_symbols=false_enable_simplified_expression_keyboard=false_expressions=normal_four_or_more_letter_rows=false_free_cursor=false_free_cursor_in_split_keyboard_gap=false_keyboard_font_size_setting=_keyboard_mode=normal_language=en-US_layout_9key_split=false_orientation=landscape_physical_keyboard=nokeys_pk_simulator_vk_ready=false_pref_enable_flick_symbols=false_rtl_layout=false_show_comma_key=true_show_period_key=true_show_secondary_digits=true_show_suggestion_strip=true_show_suggestions=true_split_with_duplicate_keys=true_true=true_variant=qwerty_writing_helper_enable_by_word_revert=false, imeDef.stringId=ime_english_united_states, imeDef.className=com.google.android.apps.inputmethod.libs.latin5.LatinIme, imeDef.languageTag=en-US}
09-23 16:54:52.973 I/InputBundle( 8428): InputBundle.prefetchKeyboard():679 prefetchKeyboard: prime
09-23 16:54:52.973 I/KeyboardDefManager( 8428): KeyboardDefManager.requestKeyboardDef():127 requestKeyboardDef(): type=prime, info=prm{defIds=[#0x7f17056f, #0x7f170806], defIdsCacheKey=2132215151,2132215814}
09-23 16:54:52.973 I/KeyboardDefManager( 8428): KeyboardDefManager.requestKeyboardDef():204 requestKeyboardDef(): getOrCreate from cache, info=prm{defIds=[#0x7f17056f, #0x7f170806], defIdsCacheKey=2132215151,2132215814}
09-23 16:54:52.973 I/KeyboardDefManager( 8428): KeyboardDefManager$Companion$addFutureCallbackForKeyboardDefReceiver$<anonymous>.onSuccess():467 requestKeyboardDef onSuccess(): info=prm{defIds=[#0x7f17056f, #0x7f170806], defIdsCacheKey=2132215151,2132215814}
09-23 16:54:52.973 W/DisplayManagerService( 1948): Display info not found in cache for display 1492, callingUid 10243
09-23 16:54:52.973 W/DisplayManagerService( 1948): Display info not found in cache for display 1485, callingUid 10243
09-23 16:54:52.973 I/KeyboardInterfacePrivate( 8428): IKeyboard.createKeyboard():71 Keyboard created from HiltKeyboardFactory: com.google.android.apps.inputmethod.latin.keyboard.LatinPrimeKeyboard
09-23 16:54:52.974 I/InputBundleManager( 8428): InputBundleManager.loadActiveInputBundleId():552 loadActiveInputBundleId: und-Latn-x-password, password
09-23 16:54:52.974 W/DisplayManagerService( 1948): Display info not found in cache for display 1479, callingUid 10243
09-23 16:54:52.974 W/DisplayManagerService( 1948): Display info not found in cache for display 1474, callingUid 10243
09-23 16:54:52.974 W/DisplayManagerService( 1948): Display info not found in cache for display 1468, callingUid 10243
09-23 16:54:52.974 W/DisplayManagerService( 1948): Display info not found in cache for display 1460, callingUid 10243
09-23 16:54:52.974 I/GoogleInputMethodService( 8428): GoogleInputMethodService.onStartInput():1532 onStartInput(EditorInfo{EditorInfo{packageName=app.morphe.android.youtube, inputType=0, inputTypeString=NULL, enableLearning=false, autoCorrection=false, autoComplete=false, imeOptions=0, privateImeOptions=null, actionName=UNSPECIFIED, actionLabel=null, initialSelStart=-1, initialSelEnd=-1, initialCapsMode=0, label=null, fieldId=0, fieldName=null, extras=null, hintText=null, hintLocales=[]}}, true)
09-23 16:54:52.975 W/SessionManager( 8428): SessionManager.beginSession():73 Try to begin an already begun session [INPUT_SESSION], end it first
09-23 16:54:52.975 W/LatinIMEBase( 8428): LatinIMEBase.updateInputViewCoverNavigation():322 Null input view, cannot update padding!
09-23 16:54:52.975 W/DisplayManagerService( 1948): Display info not found in cache for display 1454, callingUid 10243
09-23 16:54:52.975 W/PrimesLoggerHolder( 8428): FrameMetricServiceImpl.start():170 measurement already started: MeasurementKey{rawStringEventName=null, noPiiEventName=OnConfigurationChanged, isActivity=false}
09-23 16:54:52.975 W/DisplayManagerService( 1948): Display info not found in cache for display 1450, callingUid 10243
09-23 16:54:52.975 W/DisplayManagerService( 1948): Display info not found in cache for display 1443, callingUid 10243
09-23 16:54:52.975 W/DisplayManagerService( 1948): Display info not found in cache for display 1437, callingUid 10243
09-23 16:54:52.976 I/InputManager-JNI( 1948): Viewport [0] to add: local:4619827535830457088, isActive: true
09-23 16:54:52.976 I/Module  ( 8428): DeviceLockedStatusModuleProvider$Module.updateDeviceLockedStatusInternal():119 repeatCheckTimes = 1, locked = false
09-23 16:54:52.976 I/DeviceStatusMonitor( 8428): DeviceStatusMonitor.onDisplayChanged():442 Display 0 rotation changed: 0 -> 3
09-23 16:54:52.976 I/SP      ( 8428): Registering content_cache.2024032915, url: https://www.gstatic.com/android/keyboard/modelpack/contentcache/202403291544/superpacks_manifest.json, constraints: W:*:*:*, flags: bg, requested: 2024032915, current: 2024032915
09-23 16:54:52.976 I/InputReader( 1948): Reconfiguring input devices, changes=DISPLAY_INFO
09-23 16:54:52.976 I/SP      ( 8428): Syncing emoticon_content_description (2022081613) with slices: [7a635888cb828dfa2fc744b7b9b50f04], metadata: false
09-23 16:54:52.977 I/SuperpacksManagerImpl( 8428): SuperpacksManagerImpl$3$1.onSuccess():552 content_cache.registerManifest() succeeded
09-23 16:54:52.978 W/PackageConfigPersister( 1948): App-specific configuration not found for packageName: app.morphe.android.youtube and userId: 0
09-23 16:54:52.978 W/DisplayManagerService( 1948): Display info not found in cache for display 1431, callingUid 10243
09-23 16:54:52.978 W/DisplayManagerService( 1948): Display info not found in cache for display 1425, callingUid 10243
09-23 16:54:52.979 W/DisplayManagerService( 1948): Display info not found in cache for display 1419, callingUid 10243
09-23 16:54:52.979 W/DisplayManagerService( 1948): Display info not found in cache for display 1413, callingUid 10243
09-23 16:54:52.979 W/DisplayManagerService( 1948): Display info not found in cache for display 1407, callingUid 10243
09-23 16:54:52.981 W/DisplayManagerService( 1948): Display info not found in cache for display 1402, callingUid 10243
09-23 16:54:52.981 W/DisplayManagerService( 1948): Display info not found in cache for display 1396, callingUid 10243
09-23 16:54:52.982 W/DisplayManagerService( 1948): Display info not found in cache for display 1390, callingUid 10243
09-23 16:54:52.982 I/twoshay.TouchContextService( 1979): Got new packet! ContextPacket{orientation: LANDSCAPE_RIGHT, audioMode: NORMAL, adaptiveTouchSensitivity: OFF, screenProtectorMode: ON, imeState: ImeState{displayId: 0, visible: false, top: 0, left: 0, bottom: 0, right: 0}, audioDeviceInfo: TYPE_BUILTIN_EARPIECE}
09-23 16:54:52.982 W/DisplayManagerService( 1948): Display info not found in cache for display 1384, callingUid 10243
09-23 16:54:52.983 W/DisplayManagerService( 1948): Display info not found in cache for display 1378, callingUid 10243
09-23 16:54:52.983 W/DisplayManagerService( 1948): Display info not found in cache for display 1372, callingUid 10243
09-23 16:54:52.984 W/DisplayManagerService( 1948): Display info not found in cache for display 1366, callingUid 10243
09-23 16:54:52.984 W/DisplayManagerService( 1948): Display info not found in cache for display 1360, callingUid 10243
09-23 16:54:52.984 W/DisplayManagerService( 1948): Display info not found in cache for display 1353, callingUid 10243
09-23 16:54:52.984 W/DisplayManagerService( 1948): Display info not found in cache for display 1347, callingUid 10243
09-23 16:54:52.984 W/DisplayManagerService( 1948): Display info not found in cache for display 1341, callingUid 10243
09-23 16:54:52.985 W/DisplayManagerService( 1948): Display info not found in cache for display 1335, callingUid 10243
09-23 16:54:52.985 W/DisplayManagerService( 1948): Display info not found in cache for display 1329, callingUid 10243
09-23 16:54:52.985 W/DisplayManagerService( 1948): Display info not found in cache for display 1323, callingUid 10243
09-23 16:54:52.985 W/DisplayManagerService( 1948): Display info not found in cache for display 1317, callingUid 10243
09-23 16:54:52.986 W/DisplayManagerService( 1948): Display info not found in cache for display 1311, callingUid 10243
09-23 16:54:52.986 W/DisplayManagerService( 1948): Display info not found in cache for display 1305, callingUid 10243
09-23 16:54:52.987 W/DisplayManagerService( 1948): Display info not found in cache for display 1299, callingUid 10243
09-23 16:54:52.987 W/DisplayManagerService( 1948): Display info not found in cache for display 1293, callingUid 10243
09-23 16:54:52.987 W/DisplayManagerService( 1948): Display info not found in cache for display 1287, callingUid 10243
09-23 16:54:52.988 W/DisplayManagerService( 1948): Display info not found in cache for display 1281, callingUid 10243
09-23 16:54:52.988 W/DisplayManagerService( 1948): Display info not found in cache for display 1275, callingUid 10243
09-23 16:54:52.988 W/DisplayManagerService( 1948): Display info not found in cache for display 1268, callingUid 10243
09-23 16:54:52.988 W/DisplayManagerService( 1948): Display info not found in cache for display 1262, callingUid 10243
09-23 16:54:52.988 I/AHal::Waves::CustomAction( 1458): GetData: Custom Data: {2,0,1,}
09-23 16:54:52.989 W/DisplayManagerService( 1948): Display info not found in cache for display 1255, callingUid 10243
09-23 16:54:52.989 W/DisplayManagerService( 1948): Display info not found in cache for display 1249, callingUid 10243
09-23 16:54:52.989 W/DisplayManagerService( 1948): Display info not found in cache for display 1243, callingUid 10243
09-23 16:54:52.989 W/DisplayManagerService( 1948): Display info not found in cache for display 1237, callingUid 10243
09-23 16:54:52.989 W/DisplayManagerService( 1948): Display info not found in cache for display 1229, callingUid 10243
09-23 16:54:52.990 W/DisplayManagerService( 1948): Display info not found in cache for display 1222, callingUid 10243
09-23 16:54:52.990 W/DisplayManagerService( 1948): Display info not found in cache for display 1215, callingUid 10243
09-23 16:54:52.990 W/DisplayManagerService( 1948): Display info not found in cache for display 1208, callingUid 10243
09-23 16:54:52.990 W/DisplayManagerService( 1948): Display info not found in cache for display 1201, callingUid 10243
09-23 16:54:52.990 W/DisplayManagerService( 1948): Display info not found in cache for display 1194, callingUid 10243
09-23 16:54:52.991 W/DisplayManagerService( 1948): Display info not found in cache for display 1187, callingUid 10243
09-23 16:54:52.991 W/DisplayManagerService( 1948): Display info not found in cache for display 1180, callingUid 10243
09-23 16:54:52.991 W/DisplayManagerService( 1948): Display info not found in cache for display 1173, callingUid 10243
09-23 16:54:52.991 W/DisplayManagerService( 1948): Display info not found in cache for display 1166, callingUid 10243
09-23 16:54:52.991 W/DisplayManagerService( 1948): Display info not found in cache for display 1159, callingUid 10243
09-23 16:54:52.991 W/DisplayManagerService( 1948): Display info not found in cache for display 1152, callingUid 10243
09-23 16:54:52.992 W/DisplayManagerService( 1948): Display info not found in cache for display 1145, callingUid 10243
09-23 16:54:52.992 W/DisplayManagerService( 1948): Display info not found in cache for display 1138, callingUid 10243
09-23 16:54:52.992 W/DisplayManagerService( 1948): Display info not found in cache for display 1131, callingUid 10243
09-23 16:54:52.992 W/DisplayManagerService( 1948): Display info not found in cache for display 1124, callingUid 10243
09-23 16:54:52.992 W/DisplayManagerService( 1948): Display info not found in cache for display 1116, callingUid 10243
09-23 16:54:52.993 W/DisplayManagerService( 1948): Display info not found in cache for display 1109, callingUid 10243
09-23 16:54:52.994 W/DisplayManagerService( 1948): Display info not found in cache for display 1102, callingUid 10243
09-23 16:54:52.995 W/DisplayManagerService( 1948): Display info not found in cache for display 1095, callingUid 10243
09-23 16:54:52.995 W/DisplayManagerService( 1948): Display info not found in cache for display 1088, callingUid 10243
09-23 16:54:52.996 W/DisplayManagerService( 1948): Display info not found in cache for display 1081, callingUid 10243
09-23 16:54:52.997 I/SP      ( 8428): Syncing content_cache (2024032915) with slices: [74ed8b2e38ec1bc8af70aa63d8ec49de, 8722425f4121ffdea802b1066df73991, fa1da98da1212aad6fb9a8efaff48148], metadata: true
09-23 16:54:52.997 W/DisplayManagerService( 1948): Display info not found in cache for display 1074, callingUid 10243
09-23 16:54:52.998 W/DisplayManagerService( 1948): Display info not found in cache for display 1066, callingUid 10243
09-23 16:54:52.998 W/DisplayManagerService( 1948): Display info not found in cache for display 1059, callingUid 10243
09-23 16:54:52.998 I/AHal::AocPlaybackTuningAdapter( 1458): WriteReadTuningBuffer: updated tuning with size 20
09-23 16:54:52.998 W/DisplayManagerService( 1948): Display info not found in cache for display 1053, callingUid 10243
09-23 16:54:52.999 W/DisplayManagerService( 1948): Display info not found in cache for display 1046, callingUid 10243
09-23 16:54:52.999 W/DisplayManagerService( 1948): Display info not found in cache for display 1039, callingUid 10243
09-23 16:54:52.999 W/DisplayManagerService( 1948): Display info not found in cache for display 1032, callingUid 10243
09-23 16:54:52.999 W/DisplayManagerService( 1948): Display info not found in cache for display 1025, callingUid 10243
09-23 16:54:53.000 W/DisplayManagerService( 1948): Display info not found in cache for display 1018, callingUid 10243
09-23 16:54:53.000 W/DisplayManagerService( 1948): Display info not found in cache for display 1013, callingUid 10243
09-23 16:54:53.000 W/DisplayManagerService( 1948): Display info not found in cache for display 1008, callingUid 10243
09-23 16:54:53.001 W/DisplayManagerService( 1948): Display info not found in cache for display 1003, callingUid 10243
09-23 16:54:53.001 W/DisplayManagerService( 1948): Display info not found in cache for display 996, callingUid 10243
09-23 16:54:53.001 W/DisplayManagerService( 1948): Display info not found in cache for display 991, callingUid 10243
09-23 16:54:53.002 W/DisplayManagerService( 1948): Display info not found in cache for display 984, callingUid 10243
09-23 16:54:53.002 W/DisplayManagerService( 1948): Display info not found in cache for display 978, callingUid 10243
09-23 16:54:53.003 W/DisplayManagerService( 1948): Display info not found in cache for display 972, callingUid 10243
09-23 16:54:53.003 W/DisplayManagerService( 1948): Display info not found in cache for display 966, callingUid 10243
09-23 16:54:53.003 W/DisplayManagerService( 1948): Display info not found in cache for display 960, callingUid 10243
09-23 16:54:53.003 W/DisplayManagerService( 1948): Display info not found in cache for display 954, callingUid 10243
09-23 16:54:53.004 W/DisplayManagerService( 1948): Display info not found in cache for display 948, callingUid 10243
09-23 16:54:53.004 W/DisplayManagerService( 1948): Display info not found in cache for display 942, callingUid 10243
09-23 16:54:53.004 W/DisplayManagerService( 1948): Display info not found in cache for display 935, callingUid 10243
09-23 16:54:53.004 W/DisplayManagerService( 1948): Display info not found in cache for display 929, callingUid 10243
09-23 16:54:53.004 W/DisplayManagerService( 1948): Display info not found in cache for display 923, callingUid 10243
09-23 16:54:53.005 W/DisplayManagerService( 1948): Display info not found in cache for display 917, callingUid 10243
09-23 16:54:53.005 W/DisplayManagerService( 1948): Display info not found in cache for display 911, callingUid 10243
09-23 16:54:53.005 W/DisplayManagerService( 1948): Display info not found in cache for display 905, callingUid 10243
09-23 16:54:53.005 W/DisplayManagerService( 1948): Display info not found in cache for display 899, callingUid 10243
09-23 16:54:53.006 W/DisplayManagerService( 1948): Display info not found in cache for display 893, callingUid 10243
09-23 16:54:53.006 W/DisplayManagerService( 1948): Display info not found in cache for display 886, callingUid 10243
09-23 16:54:53.006 W/DisplayManagerService( 1948): Display info not found in cache for display 879, callingUid 10243
09-23 16:54:53.007 W/DisplayManagerService( 1948): Display info not found in cache for display 872, callingUid 10243
09-23 16:54:53.009 W/DisplayManagerService( 1948): Display info not found in cache for display 865, callingUid 10243
09-23 16:54:53.010 W/DisplayManagerService( 1948): Display info not found in cache for display 856, callingUid 10243
09-23 16:54:53.010 W/DisplayManagerService( 1948): Display info not found in cache for display 851, callingUid 10243
09-23 16:54:53.010 W/DisplayManagerService( 1948): Display info not found in cache for display 846, callingUid 10243
09-23 16:54:53.011 W/DisplayManagerService( 1948): Display info not found in cache for display 840, callingUid 10243
09-23 16:54:53.011 W/DisplayManagerService( 1948): Display info not found in cache for display 833, callingUid 10243
09-23 16:54:53.011 W/DisplayManagerService( 1948): Display info not found in cache for display 827, callingUid 10243
09-23 16:54:53.011 W/DisplayManagerService( 1948): Display info not found in cache for display 821, callingUid 10243
09-23 16:54:53.012 W/DisplayManagerService( 1948): Display info not found in cache for display 811, callingUid 10243
09-23 16:54:53.012 W/DisplayManagerService( 1948): Display info not found in cache for display 802, callingUid 10243
09-23 16:54:53.012 W/DisplayManagerService( 1948): Display info not found in cache for display 760, callingUid 10243
09-23 16:54:53.012 W/DisplayManagerService( 1948): Display info not found in cache for display 794, callingUid 10243
09-23 16:54:53.013 W/DisplayManagerService( 1948): Display info not found in cache for display 788, callingUid 10243
09-23 16:54:53.013 W/DisplayManagerService( 1948): Display info not found in cache for display 782, callingUid 10243
09-23 16:54:53.013 W/DisplayManagerService( 1948): Display info not found in cache for display 776, callingUid 10243
09-23 16:54:53.013 I/DownloadManager( 8428): DownloadManager.completeDownload():434 Download for __PEKB_manifest_pek_blocklist__en scheduled with params pob[allowMetered=true, requireCharging=false, foreground=false, immediately=true, priority=0]
09-23 16:54:53.013 I/DownloadManager( 8428): DownloadManager.startDownload():518 start download of __PEKB_manifest_pek_blocklist__en
09-23 16:54:53.014 W/DisplayManagerService( 1948): Display info not found in cache for display 770, callingUid 10243
09-23 16:54:53.014 W/DisplayManagerService( 1948): Display info not found in cache for display 764, callingUid 10243
09-23 16:54:53.014 I/DownloadManager( 8428): DownloadManager$4.onSuccess():587 download for __PEKB_manifest_pek_blocklist__en is finished with files # tec@36f6f02f
09-23 16:54:53.014 W/DisplayManagerService( 1948): Display info not found in cache for display 754, callingUid 10243
09-23 16:54:53.014 W/DisplayManagerService( 1948): Display info not found in cache for display 748, callingUid 10243
09-23 16:54:53.014 W/DisplayManagerService( 1948): Display info not found in cache for display 741, callingUid 10243
09-23 16:54:53.015 W/DisplayManagerService( 1948): Display info not found in cache for display 735, callingUid 10243
09-23 16:54:53.015 W/DisplayManagerService( 1948): Display info not found in cache for display 725, callingUid 10243
09-23 16:54:53.015 I/ManifestedDataDownloader( 8428): ManifestedDataDownloader.checkVersionAndDownload():98 filegroup __PEKB_pek_blocklist__en with version 2025120304 is already downloaded
09-23 16:54:53.015 I/PerLanguageDataDownloader( 8428): PerLanguageDataDownloader$2.onSuccess():188 Data en downloaded with version 2025120304
09-23 16:54:53.015 W/DisplayManagerService( 1948): Display info not found in cache for display 719, callingUid 10243
09-23 16:54:53.015 W/DisplayManagerService( 1948): Display info not found in cache for display 713, callingUid 10243
09-23 16:54:53.016 W/DisplayManagerService( 1948): Display info not found in cache for display 707, callingUid 10243
09-23 16:54:53.016 W/DisplayManagerService( 1948): Display info not found in cache for display 700, callingUid 10243
09-23 16:54:53.016 W/DisplayManagerService( 1948): Display info not found in cache for display 694, callingUid 10243
09-23 16:54:53.016 W/DisplayManagerService( 1948): Display info not found in cache for display 657, callingUid 10243
09-23 16:54:53.016 W/DisplayManagerService( 1948): Display info not found in cache for display 688, callingUid 10243
09-23 16:54:53.016 I/zygote_next( 6223): native_activity_thread::native_application_thread: scheduleTrimMemory thread id=ThreadId(6)
09-23 16:54:53.016 W/DisplayManagerService( 1948): Display info not found in cache for display 682, callingUid 10243
09-23 16:54:53.016 I/zygote_next( 6223): native_activity_thread::native_application_thread: scheduleTrimMemory thread id=ThreadId(6)
09-23 16:54:53.016 I/zygote_next( 6223): native_activity_thread::native_application_thread: setProcessState thread id=ThreadId(6)
09-23 16:54:53.016 W/DisplayManagerService( 1948): Display info not found in cache for display 676, callingUid 10243
09-23 16:54:53.017 W/DisplayManagerService( 1948): Display info not found in cache for display 670, callingUid 10243
09-23 16:54:53.017 W/DisplayManagerService( 1948): Display info not found in cache for display 664, callingUid 10243
09-23 16:54:53.017 W/DisplayManagerService( 1948): Display info not found in cache for display 659, callingUid 10243
09-23 16:54:53.017 W/DisplayManagerService( 1948): Display info not found in cache for display 650, callingUid 10243
09-23 16:54:53.017 W/DisplayManagerService( 1948): Display info not found in cache for display 643, callingUid 10243
09-23 16:54:53.018 W/DisplayManagerService( 1948): Display info not found in cache for display 635, callingUid 10243
09-23 16:54:53.018 W/DisplayManagerService( 1948): Display info not found in cache for display 628, callingUid 10243
09-23 16:54:53.018 W/DisplayManagerService( 1948): Display info not found in cache for display 621, callingUid 10243
09-23 16:54:53.018 W/DisplayManagerService( 1948): Display info not found in cache for display 614, callingUid 10243
09-23 16:54:53.018 W/DisplayManagerService( 1948): Display info not found in cache for display 609, callingUid 10243
09-23 16:54:53.019 W/DisplayManagerService( 1948): Display info not found in cache for display 604, callingUid 10243
09-23 16:54:53.019 W/DisplayManagerService( 1948): Display info not found in cache for display 598, callingUid 10243
09-23 16:54:53.019 W/DisplayManagerService( 1948): Display info not found in cache for display 592, callingUid 10243
09-23 16:54:53.019 W/DisplayManagerService( 1948): Display info not found in cache for display 586, callingUid 10243
09-23 16:54:53.019 W/DisplayManagerService( 1948): Display info not found in cache for display 580, callingUid 10243
09-23 16:54:53.019 W/DisplayManagerService( 1948): Display info not found in cache for display 574, callingUid 10243
09-23 16:54:53.020 W/DisplayManagerService( 1948): Display info not found in cache for display 568, callingUid 10243
09-23 16:54:53.020 W/DisplayManagerService( 1948): Display info not found in cache for display 562, callingUid 10243
09-23 16:54:53.021 I/SP      ( 8428): Sync for emoticon_content_description succeeded in 44 ms: no changes
09-23 16:54:53.021 I/SP      ( 8428): GC for 'emoticon_content_description' (10) with ttl of 0 ms took 0 ms (0/0/0)
09-23 16:54:53.021 I/SuperpacksManagerImpl( 8428): SuperpacksManagerImpl$19.onSyncSuccess():947 emoticon_content_description.sync() succeeded
09-23 16:54:53.024 W/DisplayManagerService( 1948): Display info not found in cache for display 556, callingUid 10243
09-23 16:54:53.024 W/DisplayManagerService( 1948): Display info not found in cache for display 554, callingUid 10243
09-23 16:54:53.024 W/DisplayManagerService( 1948): Display info not found in cache for display 548, callingUid 10243
09-23 16:54:53.024 W/DisplayManagerService( 1948): Display info not found in cache for display 542, callingUid 10243
09-23 16:54:53.025 W/DisplayManagerService( 1948): Display info not found in cache for display 536, callingUid 10243
09-23 16:54:53.025 W/DisplayManagerService( 1948): Display info not found in cache for display 530, callingUid 10243
09-23 16:54:53.025 W/DisplayManagerService( 1948): Display info not found in cache for display 523, callingUid 10243
09-23 16:54:53.025 W/DisplayManagerService( 1948): Display info not found in cache for display 517, callingUid 10243
09-23 16:54:53.025 W/DisplayManagerService( 1948): Display info not found in cache for display 511, callingUid 10243
09-23 16:54:53.026 W/DisplayManagerService( 1948): Display info not found in cache for display 505, callingUid 10243
09-23 16:54:53.026 W/DisplayManagerService( 1948): Display info not found in cache for display 497, callingUid 10243
09-23 16:54:53.026 W/DisplayManagerService( 1948): Display info not found in cache for display 491, callingUid 10243
09-23 16:54:53.026 W/DisplayManagerService( 1948): Display info not found in cache for display 484, callingUid 10243
09-23 16:54:53.026 W/DisplayManagerService( 1948): Display info not found in cache for display 479, callingUid 10243
09-23 16:54:53.027 W/DisplayManagerService( 1948): Display info not found in cache for display 473, callingUid 10243
09-23 16:54:53.027 W/DisplayManagerService( 1948): Display info not found in cache for display 462, callingUid 10243
09-23 16:54:53.027 W/DisplayManagerService( 1948): Display info not found in cache for display 455, callingUid 10243
09-23 16:54:53.027 W/DisplayManagerService( 1948): Display info not found in cache for display 450, callingUid 10243
09-23 16:54:53.027 W/DisplayManagerService( 1948): Display info not found in cache for display 445, callingUid 10243
09-23 16:54:53.028 W/DisplayManagerService( 1948): Display info not found in cache for display 439, callingUid 10243
09-23 16:54:53.028 W/DisplayManagerService( 1948): Display info not found in cache for display 433, callingUid 10243
09-23 16:54:53.028 W/DisplayManagerService( 1948): Display info not found in cache for display 426, callingUid 10243
09-23 16:54:53.028 W/DisplayManagerService( 1948): Display info not found in cache for display 419, callingUid 10243
09-23 16:54:53.029 W/DisplayManagerService( 1948): Display info not found in cache for display 411, callingUid 10243
09-23 16:54:53.029 W/DisplayManagerService( 1948): Display info not found in cache for display 404, callingUid 10243
09-23 16:54:53.030 W/DisplayManagerService( 1948): Display info not found in cache for display 397, callingUid 10243
09-23 16:54:53.031 W/DisplayManagerService( 1948): Display info not found in cache for display 390, callingUid 10243
09-23 16:54:53.031 W/DisplayManagerService( 1948): Display info not found in cache for display 385, callingUid 10243
09-23 16:54:53.032 E/tmessages(18224): density = 3.0 display size = 2841 1188 487.68x490.301, screen layout: 268435810, statusbar height: 84, navbar height: 72
09-23 16:54:53.032 W/DisplayManagerService( 1948): Display info not found in cache for display 380, callingUid 10243
09-23 16:54:53.033 W/DisplayManagerService( 1948): Display info not found in cache for display 374, callingUid 10243
09-23 16:54:53.033 W/DisplayManagerService( 1948): Display info not found in cache for display 367, callingUid 10243
09-23 16:54:53.033 W/DisplayManagerService( 1948): Display info not found in cache for display 360, callingUid 10243
09-23 16:54:53.033 W/DisplayManagerService( 1948): Display info not found in cache for display 353, callingUid 10243
09-23 16:54:53.034 W/DisplayManagerService( 1948): Display info not found in cache for display 348, callingUid 10243
09-23 16:54:53.034 W/DisplayManagerService( 1948): Display info not found in cache for display 343, callingUid 10243
09-23 16:54:53.034 W/DisplayManagerService( 1948): Display info not found in cache for display 336, callingUid 10243
09-23 16:54:53.034 W/DisplayManagerService( 1948): Display info not found in cache for display 329, callingUid 10243
09-23 16:54:53.034 W/DisplayManagerService( 1948): Display info not found in cache for display 322, callingUid 10243
09-23 16:54:53.035 W/DisplayManagerService( 1948): Display info not found in cache for display 315, callingUid 10243
09-23 16:54:53.035 W/DisplayManagerService( 1948): Display info not found in cache for display 308, callingUid 10243
09-23 16:54:53.035 W/DisplayManagerService( 1948): Display info not found in cache for display 301, callingUid 10243
09-23 16:54:53.035 W/DisplayManagerService( 1948): Display info not found in cache for display 294, callingUid 10243
09-23 16:54:53.035 W/DisplayManagerService( 1948): Display info not found in cache for display 287, callingUid 10243
09-23 16:54:53.035 W/DisplayManagerService( 1948): Display info not found in cache for display 280, callingUid 10243
09-23 16:54:53.035 W/DisplayManagerService( 1948): Display info not found in cache for display 273, callingUid 10243
09-23 16:54:53.036 W/DisplayManagerService( 1948): Display info not found in cache for display 266, callingUid 10243
09-23 16:54:53.036 W/DisplayManagerService( 1948): Display info not found in cache for display 259, callingUid 10243
09-23 16:54:53.036 W/DisplayManagerService( 1948): Display info not found in cache for display 252, callingUid 10243
09-23 16:54:53.036 W/DisplayManagerService( 1948): Display info not found in cache for display 245, callingUid 10243
09-23 16:54:53.036 W/DisplayManagerService( 1948): Display info not found in cache for display 238, callingUid 10243
09-23 16:54:53.036 W/DisplayManagerService( 1948): Display info not found in cache for display 231, callingUid 10243
09-23 16:54:53.037 W/DisplayManagerService( 1948): Display info not found in cache for display 225, callingUid 10243
09-23 16:54:53.037 W/DisplayManagerService( 1948): Display info not found in cache for display 219, callingUid 10243
09-23 16:54:53.037 W/DisplayManagerService( 1948): Display info not found in cache for display 213, callingUid 10243
09-23 16:54:53.037 I/SP      ( 8428): Sync for content_cache succeeded in 42 ms: no changes
09-23 16:54:53.037 W/DisplayManagerService( 1948): Display info not found in cache for display 207, callingUid 10243
09-23 16:54:53.037 I/SP      ( 8428): GC for 'content_cache' (10) with ttl of 0 ms took 0 ms (0/0/0)
09-23 16:54:53.037 W/DisplayManagerService( 1948): Display info not found in cache for display 201, callingUid 10243
09-23 16:54:53.037 I/fghg    (12246): (REDACTED) HDM. appOpsListener %s %s
09-23 16:54:53.037 I/SuperpacksManagerImpl( 8428): SuperpacksManagerImpl$19.onSyncSuccess():947 content_cache.sync() succeeded
09-23 16:54:53.037 W/DisplayManagerService( 1948): Display info not found in cache for display 188, callingUid 10243
09-23 16:54:53.038 W/DisplayManagerService( 1948): Display info not found in cache for display 181, callingUid 10243
09-23 16:54:53.038 W/DisplayManagerService( 1948): Display info not found in cache for display 175, callingUid 10243
09-23 16:54:53.038 W/DisplayManagerService( 1948): Display info not found in cache for display 168, callingUid 10243
09-23 16:54:53.038 W/DisplayManagerService( 1948): Display info not found in cache for display 160, callingUid 10243
09-23 16:54:53.038 W/DisplayManagerService( 1948): Display info not found in cache for display 153, callingUid 10243
09-23 16:54:53.038 W/DisplayManagerService( 1948): Display info not found in cache for display 146, callingUid 10243
09-23 16:54:53.039 W/DisplayManagerService( 1948): Display info not found in cache for display 139, callingUid 10243
09-23 16:54:53.039 W/DisplayManagerService( 1948): Display info not found in cache for display 132, callingUid 10243
09-23 16:54:53.039 W/DisplayManagerService( 1948): Display info not found in cache for display 125, callingUid 10243
09-23 16:54:53.039 W/DisplayManagerService( 1948): Display info not found in cache for display 118, callingUid 10243
09-23 16:54:53.040 W/DisplayManagerService( 1948): Display info not found in cache for display 111, callingUid 10243
09-23 16:54:53.040 W/DisplayManagerService( 1948): Display info not found in cache for display 104, callingUid 10243
09-23 16:54:53.040 W/DisplayManagerService( 1948): Display info not found in cache for display 99, callingUid 10243
09-23 16:54:53.040 W/DisplayManagerService( 1948): Display info not found in cache for display 93, callingUid 10243
09-23 16:54:53.040 W/DisplayManagerService( 1948): Display info not found in cache for display 86, callingUid 10243
09-23 16:54:53.040 W/DisplayManagerService( 1948): Display info not found in cache for display 80, callingUid 10243
09-23 16:54:53.040 W/DisplayManagerService( 1948): Display info not found in cache for display 74, callingUid 10243
09-23 16:54:53.041 W/DisplayManagerService( 1948): Display info not found in cache for display 68, callingUid 10243
09-23 16:54:53.041 W/DisplayManagerService( 1948): Display info not found in cache for display 60, callingUid 10243
09-23 16:54:53.041 W/DisplayManagerService( 1948): Display info not found in cache for display 53, callingUid 10243
09-23 16:54:53.041 W/DisplayManagerService( 1948): Display info not found in cache for display 46, callingUid 10243
09-23 16:54:53.041 W/DisplayManagerService( 1948): Display info not found in cache for display 40, callingUid 10243
09-23 16:54:53.041 W/DisplayManagerService( 1948): Display info not found in cache for display 33, callingUid 10243
09-23 16:54:53.042 W/DisplayManagerService( 1948): Display info not found in cache for display 27, callingUid 10243
09-23 16:54:53.042 W/DisplayManagerService( 1948): Display info not found in cache for display 21, callingUid 10243
09-23 16:54:53.042 W/DisplayManagerService( 1948): Display info not found in cache for display 15, callingUid 10243
09-23 16:54:53.042 W/DisplayManagerService( 1948): Display info not found in cache for display 9, callingUid 10243
09-23 16:54:53.042 W/DisplayManagerService( 1948): Display info not found in cache for display 3, callingUid 10243
09-23 16:54:53.044 W/DisplayManagerService( 1948): Display info not found in cache for display 1649, callingUid 10243
09-23 16:54:53.045 W/DisplayManagerService( 1948): Display info not found in cache for display 1642, callingUid 10243
09-23 16:54:53.045 W/DisplayManagerService( 1948): Display info not found in cache for display 1635, callingUid 10243
09-23 16:54:53.045 W/DisplayManagerService( 1948): Display info not found in cache for display 1628, callingUid 10243
09-23 16:54:53.045 W/DisplayManagerService( 1948): Display info not found in cache for display 1623, callingUid 10243
09-23 16:54:53.045 W/DisplayManagerService( 1948): Display info not found in cache for display 1615, callingUid 10243
09-23 16:54:53.045 W/DisplayManagerService( 1948): Display info not found in cache for display 1607, callingUid 10243
09-23 16:54:53.046 W/DisplayManagerService( 1948): Display info not found in cache for display 1602, callingUid 10243
09-23 16:54:53.046 W/DisplayManagerService( 1948): Display info not found in cache for display 1596, callingUid 10243
09-23 16:54:53.046 W/DisplayManagerService( 1948): Display info not found in cache for display 1589, callingUid 10243
09-23 16:54:53.046 W/DisplayManagerService( 1948): Display info not found in cache for display 1584, callingUid 10243
09-23 16:54:53.046 W/DisplayManagerService( 1948): Display info not found in cache for display 1579, callingUid 10243
09-23 16:54:53.046 W/DisplayManagerService( 1948): Display info not found in cache for display 1572, callingUid 10243
09-23 16:54:53.047 W/DisplayManagerService( 1948): Display info not found in cache for display 1566, callingUid 10243
09-23 16:54:53.047 W/DisplayManagerService( 1948): Display info not found in cache for display 1560, callingUid 10243
09-23 16:54:53.047 W/DisplayManagerService( 1948): Display info not found in cache for display 1554, callingUid 10243
09-23 16:54:53.047 W/DisplayManagerService( 1948): Display info not found in cache for display 1548, callingUid 10243
09-23 16:54:53.048 W/DisplayManagerService( 1948): Display info not found in cache for display 1542, callingUid 10243
09-23 16:54:53.048 W/DisplayManagerService( 1948): Display info not found in cache for display 1535, callingUid 10243
09-23 16:54:53.048 W/DisplayManagerService( 1948): Display info not found in cache for display 1529, callingUid 10243
09-23 16:54:53.048 W/DisplayManagerService( 1948): Display info not found in cache for display 1523, callingUid 10243
09-23 16:54:53.048 W/DisplayManagerService( 1948): Display info not found in cache for display 1517, callingUid 10243
09-23 16:54:53.048 W/DisplayManagerService( 1948): Display info not found in cache for display 1511, callingUid 10243
09-23 16:54:53.049 W/DisplayManagerService( 1948): Display info not found in cache for display 1505, callingUid 10243
09-23 16:54:53.049 W/DisplayManagerService( 1948): Display info not found in cache for display 1498, callingUid 10243
09-23 16:54:53.049 W/DisplayManagerService( 1948): Display info not found in cache for display 1492, callingUid 10243
09-23 16:54:53.049 W/DisplayManagerService( 1948): Display info not found in cache for display 1485, callingUid 10243
09-23 16:54:53.049 W/DisplayManagerService( 1948): Display info not found in cache for display 1479, callingUid 10243
09-23 16:54:53.049 W/DisplayManagerService( 1948): Display info not found in cache for display 1474, callingUid 10243
09-23 16:54:53.049 W/DisplayManagerService( 1948): Display info not found in cache for display 1468, callingUid 10243
09-23 16:54:53.050 W/DisplayManagerService( 1948): Display info not found in cache for display 1460, callingUid 10243
09-23 16:54:53.050 W/DisplayManagerService( 1948): Display info not found in cache for display 1454, callingUid 10243
09-23 16:54:53.050 W/DisplayManagerService( 1948): Display info not found in cache for display 1450, callingUid 10243
09-23 16:54:53.050 W/DisplayManagerService( 1948): Display info not found in cache for display 1443, callingUid 10243
09-23 16:54:53.050 W/DisplayManagerService( 1948): Display info not found in cache for display 1437, callingUid 10243
09-23 16:54:53.050 W/DisplayManagerService( 1948): Display info not found in cache for display 1431, callingUid 10243
09-23 16:54:53.050 I/fghg    (12246): (REDACTED) HDM. Ignoring irrelevant audio permission changes for package %s
09-23 16:54:53.050 W/DisplayManagerService( 1948): Display info not found in cache for display 1425, callingUid 10243
09-23 16:54:53.051 W/DisplayManagerService( 1948): Display info not found in cache for display 1419, callingUid 10243
09-23 16:54:53.051 W/DisplayManagerService( 1948): Display info not found in cache for display 1413, callingUid 10243
09-23 16:54:53.051 W/DisplayManagerService( 1948): Display info not found in cache for display 1407, callingUid 10243
09-23 16:54:53.051 W/DisplayManagerService( 1948): Display info not found in cache for display 1402, callingUid 10243
09-23 16:54:53.051 W/DisplayManagerService( 1948): Display info not found in cache for display 1396, callingUid 10243
09-23 16:54:53.051 W/DisplayManagerService( 1948): Display info not found in cache for display 1390, callingUid 10243
09-23 16:54:53.052 W/DisplayManagerService( 1948): Display info not found in cache for display 1384, callingUid 10243
09-23 16:54:53.052 W/DisplayManagerService( 1948): Display info not found in cache for display 1378, callingUid 10243
09-23 16:54:53.052 W/DisplayManagerService( 1948): Display info not found in cache for display 1372, callingUid 10243
09-23 16:54:53.052 W/DisplayManagerService( 1948): Display info not found in cache for display 1366, callingUid 10243
09-23 16:54:53.053 W/DisplayManagerService( 1948): Display info not found in cache for display 1360, callingUid 10243
09-23 16:54:53.053 W/DisplayManagerService( 1948): Display info not found in cache for display 1353, callingUid 10243
09-23 16:54:53.054 W/DisplayManagerService( 1948): Display info not found in cache for display 1347, callingUid 10243
09-23 16:54:53.054 W/DisplayManagerService( 1948): Display info not found in cache for display 1341, callingUid 10243
09-23 16:54:53.054 W/DisplayManagerService( 1948): Display info not found in cache for display 1335, callingUid 10243
09-23 16:54:53.054 W/DisplayManagerService( 1948): Display info not found in cache for display 1329, callingUid 10243
09-23 16:54:53.054 W/DisplayManagerService( 1948): Display info not found in cache for display 1323, callingUid 10243
09-23 16:54:53.054 W/DisplayManagerService( 1948): Display info not found in cache for display 1317, callingUid 10243
09-23 16:54:53.055 W/DisplayManagerService( 1948): Display info not found in cache for display 1311, callingUid 10243
09-23 16:54:53.055 W/DisplayManagerService( 1948): Display info not found in cache for display 1305, callingUid 10243
09-23 16:54:53.055 W/DisplayManagerService( 1948): Display info not found in cache for display 1299, callingUid 10243
09-23 16:54:53.055 W/DisplayManagerService( 1948): Display info not found in cache for display 1293, callingUid 10243
09-23 16:54:53.055 W/DisplayManagerService( 1948): Display info not found in cache for display 1287, callingUid 10243
09-23 16:54:53.055 W/DisplayManagerService( 1948): Display info not found in cache for display 1281, callingUid 10243
09-23 16:54:53.056 W/DisplayManagerService( 1948): Display info not found in cache for display 1275, callingUid 10243
09-23 16:54:53.056 W/DisplayManagerService( 1948): Display info not found in cache for display 1268, callingUid 10243
09-23 16:54:53.057 W/DisplayManagerService( 1948): Display info not found in cache for display 1262, callingUid 10243
09-23 16:54:53.057 W/DisplayManagerService( 1948): Display info not found in cache for display 1255, callingUid 10243
09-23 16:54:53.057 W/DisplayManagerService( 1948): Display info not found in cache for display 1249, callingUid 10243
09-23 16:54:53.057 W/DisplayManagerService( 1948): Display info not found in cache for display 1243, callingUid 10243
09-23 16:54:53.058 W/DisplayManagerService( 1948): Display info not found in cache for display 1237, callingUid 10243
09-23 16:54:53.058 W/DisplayManagerService( 1948): Display info not found in cache for display 1229, callingUid 10243
09-23 16:54:53.058 W/DisplayManagerService( 1948): Display info not found in cache for display 1222, callingUid 10243
09-23 16:54:53.058 W/DisplayManagerService( 1948): Display info not found in cache for display 1215, callingUid 10243
09-23 16:54:53.059 W/DisplayManagerService( 1948): Display info not found in cache for display 1208, callingUid 10243
09-23 16:54:53.059 W/DisplayManagerService( 1948): Display info not found in cache for display 1201, callingUid 10243
09-23 16:54:53.059 W/DisplayManagerService( 1948): Display info not found in cache for display 1194, callingUid 10243
09-23 16:54:53.059 W/DisplayManagerService( 1948): Display info not found in cache for display 1187, callingUid 10243
09-23 16:54:53.059 W/DisplayManagerService( 1948): Display info not found in cache for display 1180, callingUid 10243
09-23 16:54:53.059 W/DisplayManagerService( 1948): Display info not found in cache for display 1173, callingUid 10243
09-23 16:54:53.059 W/DisplayManagerService( 1948): Display info not found in cache for display 1166, callingUid 10243
09-23 16:54:53.059 W/DisplayManagerService( 1948): Display info not found in cache for display 1159, callingUid 10243
09-23 16:54:53.060 W/DisplayManagerService( 1948): Display info not found in cache for display 1152, callingUid 10243
09-23 16:54:53.060 W/DisplayManagerService( 1948): Display info not found in cache for display 1145, callingUid 10243
09-23 16:54:53.060 W/DisplayManagerService( 1948): Display info not found in cache for display 1138, callingUid 10243
09-23 16:54:53.060 W/DisplayManagerService( 1948): Display info not found in cache for display 1131, callingUid 10243
09-23 16:54:53.060 W/DisplayManagerService( 1948): Display info not found in cache for display 1124, callingUid 10243
09-23 16:54:53.060 W/DisplayManagerService( 1948): Display info not found in cache for display 1116, callingUid 10243
09-23 16:54:53.060 W/DisplayManagerService( 1948): Display info not found in cache for display 1109, callingUid 10243
09-23 16:54:53.061 W/DisplayManagerService( 1948): Display info not found in cache for display 1102, callingUid 10243
09-23 16:54:53.061 W/DisplayManagerService( 1948): Display info not found in cache for display 1095, callingUid 10243
09-23 16:54:53.061 W/DisplayManagerService( 1948): Display info not found in cache for display 1088, callingUid 10243
09-23 16:54:53.061 W/DisplayManagerService( 1948): Display info not found in cache for display 1081, callingUid 10243
09-23 16:54:53.061 W/DisplayManagerService( 1948): Display info not found in cache for display 1074, callingUid 10243
09-23 16:54:53.061 W/DisplayManagerService( 1948): Display info not found in cache for display 1066, callingUid 10243
09-23 16:54:53.061 W/DisplayManagerService( 1948): Display info not found in cache for display 1059, callingUid 10243
09-23 16:54:53.062 W/DisplayManagerService( 1948): Display info not found in cache for display 1053, callingUid 10243
09-23 16:54:53.062 W/DisplayManagerService( 1948): Display info not found in cache for display 1046, callingUid 10243
09-23 16:54:53.062 W/DisplayManagerService( 1948): Display info not found in cache for display 1039, callingUid 10243
09-23 16:54:53.062 W/DisplayManagerService( 1948): Display info not found in cache for display 1032, callingUid 10243
09-23 16:54:53.062 W/DisplayManagerService( 1948): Display info not found in cache for display 1025, callingUid 10243
09-23 16:54:53.062 W/DisplayManagerService( 1948): Display info not found in cache for display 1018, callingUid 10243
09-23 16:54:53.062 W/DisplayManagerService( 1948): Display info not found in cache for display 1013, callingUid 10243
09-23 16:54:53.063 W/DisplayManagerService( 1948): Display info not found in cache for display 1008, callingUid 10243
09-23 16:54:53.063 W/DisplayManagerService( 1948): Display info not found in cache for display 1003, callingUid 10243
09-23 16:54:53.063 W/DisplayManagerService( 1948): Display info not found in cache for display 996, callingUid 10243
09-23 16:54:53.063 W/DisplayManagerService( 1948): Display info not found in cache for display 991, callingUid 10243
09-23 16:54:53.063 W/DisplayManagerService( 1948): Display info not found in cache for display 984, callingUid 10243
09-23 16:54:53.063 W/DisplayManagerService( 1948): Display info not found in cache for display 978, callingUid 10243
09-23 16:54:53.063 W/DisplayManagerService( 1948): Display info not found in cache for display 972, callingUid 10243
09-23 16:54:53.063 W/DisplayManagerService( 1948): Display info not found in cache for display 966, callingUid 10243
09-23 16:54:53.064 W/DisplayManagerService( 1948): Display info not found in cache for display 960, callingUid 10243
09-23 16:54:53.064 W/DisplayManagerService( 1948): Display info not found in cache for display 954, callingUid 10243
09-23 16:54:53.064 W/DisplayManagerService( 1948): Display info not found in cache for display 948, callingUid 10243
09-23 16:54:53.064 W/DisplayManagerService( 1948): Display info not found in cache for display 942, callingUid 10243
09-23 16:54:53.064 W/DisplayManagerService( 1948): Display info not found in cache for display 935, callingUid 10243
09-23 16:54:53.064 W/DisplayManagerService( 1948): Display info not found in cache for display 929, callingUid 10243
09-23 16:54:53.064 W/DisplayManagerService( 1948): Display info not found in cache for display 923, callingUid 10243
09-23 16:54:53.064 W/DisplayManagerService( 1948): Display info not found in cache for display 917, callingUid 10243
09-23 16:54:53.065 W/DisplayManagerService( 1948): Display info not found in cache for display 911, callingUid 10243
09-23 16:54:53.065 W/DisplayManagerService( 1948): Display info not found in cache for display 905, callingUid 10243
09-23 16:54:53.065 W/DisplayManagerService( 1948): Display info not found in cache for display 899, callingUid 10243
09-23 16:54:53.065 W/DisplayManagerService( 1948): Display info not found in cache for display 893, callingUid 10243
09-23 16:54:53.065 W/DisplayManagerService( 1948): Display info not found in cache for display 886, callingUid 10243
09-23 16:54:53.065 W/DisplayManagerService( 1948): Display info not found in cache for display 879, callingUid 10243
09-23 16:54:53.065 W/DisplayManagerService( 1948): Display info not found in cache for display 872, callingUid 10243
09-23 16:54:53.065 W/DisplayManagerService( 1948): Display info not found in cache for display 865, callingUid 10243
09-23 16:54:53.066 W/DisplayManagerService( 1948): Display info not found in cache for display 856, callingUid 10243
09-23 16:54:53.066 W/DisplayManagerService( 1948): Display info not found in cache for display 851, callingUid 10243
09-23 16:54:53.066 W/DisplayManagerService( 1948): Display info not found in cache for display 846, callingUid 10243
09-23 16:54:53.066 W/DisplayManagerService( 1948): Display info not found in cache for display 840, callingUid 10243
09-23 16:54:53.066 W/DisplayManagerService( 1948): Display info not found in cache for display 833, callingUid 10243
09-23 16:54:53.067 W/DisplayManagerService( 1948): Display info not found in cache for display 827, callingUid 10243
09-23 16:54:53.067 W/DisplayManagerService( 1948): Display info not found in cache for display 821, callingUid 10243
09-23 16:54:53.067 W/DisplayManagerService( 1948): Display info not found in cache for display 811, callingUid 10243
09-23 16:54:53.067 W/DisplayManagerService( 1948): Display info not found in cache for display 802, callingUid 10243
09-23 16:54:53.067 W/DisplayManagerService( 1948): Display info not found in cache for display 794, callingUid 10243
09-23 16:54:53.067 W/DisplayManagerService( 1948): Display info not found in cache for display 788, callingUid 10243
09-23 16:54:53.068 W/DisplayManagerService( 1948): Display info not found in cache for display 782, callingUid 10243
09-23 16:54:53.068 W/DisplayManagerService( 1948): Display info not found in cache for display 776, callingUid 10243
09-23 16:54:53.068 W/DisplayManagerService( 1948): Display info not found in cache for display 770, callingUid 10243
09-23 16:54:53.068 W/DisplayManagerService( 1948): Display info not found in cache for display 764, callingUid 10243
09-23 16:54:53.068 W/DisplayManagerService( 1948): Display info not found in cache for display 754, callingUid 10243
09-23 16:54:53.068 W/DisplayManagerService( 1948): Display info not found in cache for display 748, callingUid 10243
09-23 16:54:53.069 W/DisplayManagerService( 1948): Display info not found in cache for display 741, callingUid 10243
09-23 16:54:53.069 W/DisplayManagerService( 1948): Display info not found in cache for display 735, callingUid 10243
09-23 16:54:53.069 W/DisplayManagerService( 1948): Display info not found in cache for display 725, callingUid 10243
09-23 16:54:53.069 W/DisplayManagerService( 1948): Display info not found in cache for display 719, callingUid 10243
09-23 16:54:53.069 W/DisplayManagerService( 1948): Display info not found in cache for display 713, callingUid 10243
09-23 16:54:53.069 W/DisplayManagerService( 1948): Display info not found in cache for display 707, callingUid 10243
09-23 16:54:53.069 W/DisplayManagerService( 1948): Display info not found in cache for display 700, callingUid 10243
09-23 16:54:53.070 W/DisplayManagerService( 1948): Display info not found in cache for display 694, callingUid 10243
09-23 16:54:53.070 W/DisplayManagerService( 1948): Display info not found in cache for display 688, callingUid 10243
09-23 16:54:53.070 I/FirebaseMessaging( 6130): FirebaseApp has not being initialized. Device might be in direct boot mode. Skip exporting delivery metrics to Big Query
09-23 16:54:53.070 W/DisplayManagerService( 1948): Display info not found in cache for display 682, callingUid 10243
09-23 16:54:53.070 W/DisplayManagerService( 1948): Display info not found in cache for display 676, callingUid 10243
09-23 16:54:53.070 W/DisplayManagerService( 1948): Display info not found in cache for display 670, callingUid 10243
09-23 16:54:53.070 W/DisplayManagerService( 1948): Display info not found in cache for display 664, callingUid 10243
09-23 16:54:53.071 W/DisplayManagerService( 1948): Display info not found in cache for display 659, callingUid 10243
09-23 16:54:53.071 W/DisplayManagerService( 1948): Display info not found in cache for display 650, callingUid 10243
09-23 16:54:53.071 W/DisplayManagerService( 1948): Display info not found in cache for display 643, callingUid 10243
09-23 16:54:53.071 W/DisplayManagerService( 1948): Display info not found in cache for display 635, callingUid 10243
09-23 16:54:53.071 W/DisplayManagerService( 1948): Display info not found in cache for display 628, callingUid 10243
09-23 16:54:53.071 W/DisplayManagerService( 1948): Display info not found in cache for display 621, callingUid 10243
09-23 16:54:53.071 W/DisplayManagerService( 1948): Display info not found in cache for display 614, callingUid 10243
09-23 16:54:53.071 W/DisplayManagerService( 1948): Display info not found in cache for display 609, callingUid 10243
09-23 16:54:53.072 W/DisplayManagerService( 1948): Display info not found in cache for display 604, callingUid 10243
09-23 16:54:53.072 W/DisplayManagerService( 1948): Display info not found in cache for display 598, callingUid 10243
09-23 16:54:53.072 W/DisplayManagerService( 1948): Display info not found in cache for display 592, callingUid 10243
09-23 16:54:53.072 W/DisplayManagerService( 1948): Display info not found in cache for display 586, callingUid 10243
09-23 16:54:53.072 W/JobInfo ( 6130): Job 'com.android.chrome/org.chromium.components.background_task_scheduler.internal.BackgroundTaskJobService#1' has a deadline with no functional constraints. The deadline won't improve job execution latency. Consider removing the deadline.
09-23 16:54:53.072 W/DisplayManagerService( 1948): Display info not found in cache for display 580, callingUid 10243
09-23 16:54:53.073 W/DisplayManagerService( 1948): Display info not found in cache for display 574, callingUid 10243
09-23 16:54:53.073 W/DisplayManagerService( 1948): Display info not found in cache for display 568, callingUid 10243
09-23 16:54:53.073 I/ImeTracker(17675): app.morphe.android.youtube:791e87c4: onRequestHide at ORIGIN_CLIENT reason HIDE_SOFT_INPUT fromUser false userId 0 displayId 0
09-23 16:54:53.073 W/DisplayManagerService( 1948): Display info not found in cache for display 562, callingUid 10243
09-23 16:54:53.073 I/ImeTracker(17675): app.morphe.android.youtube:791e87c4: onCancelled at PHASE_CLIENT_ALREADY_HIDDEN
09-23 16:54:53.073 W/DisplayManagerService( 1948): Display info not found in cache for display 556, callingUid 10243
09-23 16:54:53.073 W/DisplayManagerService( 1948): Display info not found in cache for display 554, callingUid 10243
09-23 16:54:53.073 W/DisplayManagerService( 1948): Display info not found in cache for display 548, callingUid 10243
09-23 16:54:53.073 W/DisplayManagerService( 1948): Display info not found in cache for display 542, callingUid 10243
09-23 16:54:53.074 W/DisplayManagerService( 1948): Display info not found in cache for display 536, callingUid 10243
09-23 16:54:53.074 W/DisplayManagerService( 1948): Display info not found in cache for display 530, callingUid 10243
09-23 16:54:53.074 W/DisplayManagerService( 1948): Display info not found in cache for display 523, callingUid 10243
09-23 16:54:53.074 W/DisplayManagerService( 1948): Display info not found in cache for display 517, callingUid 10243
09-23 16:54:53.074 W/DisplayManagerService( 1948): Display info not found in cache for display 511, callingUid 10243
09-23 16:54:53.074 W/DisplayManagerService( 1948): Display info not found in cache for display 505, callingUid 10243
09-23 16:54:53.074 W/DisplayManagerService( 1948): Display info not found in cache for display 497, callingUid 10243
09-23 16:54:53.075 W/DisplayManagerService( 1948): Display info not found in cache for display 491, callingUid 10243
09-23 16:54:53.075 W/DisplayManagerService( 1948): Display info not found in cache for display 484, callingUid 10243
09-23 16:54:53.075 W/DisplayManagerService( 1948): Display info not found in cache for display 479, callingUid 10243
09-23 16:54:53.075 W/DisplayManagerService( 1948): Display info not found in cache for display 473, callingUid 10243
09-23 16:54:53.075 W/DisplayManagerService( 1948): Display info not found in cache for display 462, callingUid 10243
09-23 16:54:53.076 W/DisplayManagerService( 1948): Display info not found in cache for display 455, callingUid 10243
09-23 16:54:53.076 W/DisplayManagerService( 1948): Display info not found in cache for display 450, callingUid 10243
09-23 16:54:53.076 W/DisplayManagerService( 1948): Display info not found in cache for display 445, callingUid 10243
09-23 16:54:53.076 W/DisplayManagerService( 1948): Display info not found in cache for display 439, callingUid 10243
09-23 16:54:53.076 W/DisplayManagerService( 1948): Display info not found in cache for display 433, callingUid 10243
09-23 16:54:53.077 W/DisplayManagerService( 1948): Display info not found in cache for display 426, callingUid 10243
09-23 16:54:53.077 W/DisplayManagerService( 1948): Display info not found in cache for display 419, callingUid 10243
09-23 16:54:53.077 W/DisplayManagerService( 1948): Display info not found in cache for display 411, callingUid 10243
09-23 16:54:53.077 W/DisplayManagerService( 1948): Display info not found in cache for display 404, callingUid 10243
09-23 16:54:53.077 W/DisplayManagerService( 1948): Display info not found in cache for display 397, callingUid 10243
09-23 16:54:53.077 W/DisplayManagerService( 1948): Display info not found in cache for display 390, callingUid 10243
09-23 16:54:53.077 W/DisplayManagerService( 1948): Display info not found in cache for display 385, callingUid 10243
09-23 16:54:53.078 W/DisplayManagerService( 1948): Display info not found in cache for display 380, callingUid 10243
09-23 16:54:53.078 W/DisplayManagerService( 1948): Display info not found in cache for display 374, callingUid 10243
09-23 16:54:53.078 W/DisplayManagerService( 1948): Display info not found in cache for display 367, callingUid 10243
09-23 16:54:53.078 W/DisplayManagerService( 1948): Display info not found in cache for display 360, callingUid 10243
09-23 16:54:53.078 W/chromium( 6130): [WARNING:components/sync/engine/syncer_proto_util.cc:432] Error posting from syncer: Response Code (bogus on error): -1 Content-Length (bogus on error): -1 Server Status: CONNECTION_UNAVAILABLE
09-23 16:54:53.078 E/chromium( 6130): [ERROR:components/sync/engine/get_updates_processor.cc:270] PostClientToServerMessage() failed during GetUpdates with error Network error (ERR_NAME_NOT_RESOLVED)
09-23 16:54:53.078 W/DisplayManagerService( 1948): Display info not found in cache for display 353, callingUid 10243
09-23 16:54:53.079 W/DisplayManagerService( 1948): Display info not found in cache for display 348, callingUid 10243
09-23 16:54:53.079 W/DisplayManagerService( 1948): Display info not found in cache for display 343, callingUid 10243
09-23 16:54:53.079 W/DisplayManagerService( 1948): Display info not found in cache for display 336, callingUid 10243
09-23 16:54:53.079 W/DisplayManagerService( 1948): Display info not found in cache for display 329, callingUid 10243
09-23 16:54:53.080 W/DisplayManagerService( 1948): Display info not found in cache for display 322, callingUid 10243
09-23 16:54:53.080 W/DisplayManagerService( 1948): Display info not found in cache for display 315, callingUid 10243
09-23 16:54:53.080 W/DisplayManagerService( 1948): Display info not found in cache for display 308, callingUid 10243
09-23 16:54:53.080 W/DisplayManagerService( 1948): Display info not found in cache for display 301, callingUid 10243
09-23 16:54:53.080 W/DisplayManagerService( 1948): Display info not found in cache for display 294, callingUid 10243
09-23 16:54:53.080 W/DisplayManagerService( 1948): Display info not found in cache for display 287, callingUid 10243
09-23 16:54:53.080 W/DisplayManagerService( 1948): Display info not found in cache for display 280, callingUid 10243
09-23 16:54:53.081 W/DisplayManagerService( 1948): Display info not found in cache for display 273, callingUid 10243
09-23 16:54:53.081 W/DisplayManagerService( 1948): Display info not found in cache for display 266, callingUid 10243
09-23 16:54:53.081 W/DisplayManagerService( 1948): Display info not found in cache for display 259, callingUid 10243
09-23 16:54:53.081 W/DisplayManagerService( 1948): Display info not found in cache for display 252, callingUid 10243
09-23 16:54:53.081 W/DisplayManagerService( 1948): Display info not found in cache for display 245, callingUid 10243
09-23 16:54:53.081 W/DisplayManagerService( 1948): Display info not found in cache for display 238, callingUid 10243
09-23 16:54:53.081 W/DisplayManagerService( 1948): Display info not found in cache for display 231, callingUid 10243
09-23 16:54:53.082 W/DisplayManagerService( 1948): Display info not found in cache for display 225, callingUid 10243
09-23 16:54:53.082 W/DisplayManagerService( 1948): Display info not found in cache for display 219, callingUid 10243
09-23 16:54:53.082 W/DisplayManagerService( 1948): Display info not found in cache for display 213, callingUid 10243
09-23 16:54:53.082 W/DisplayManagerService( 1948): Display info not found in cache for display 207, callingUid 10243
09-23 16:54:53.082 W/DisplayManagerService( 1948): Display info not found in cache for display 201, callingUid 10243
09-23 16:54:53.082 W/DisplayManagerService( 1948): Display info not found in cache for display 188, callingUid 10243
09-23 16:54:53.082 W/DisplayManagerService( 1948): Display info not found in cache for display 181, callingUid 10243
09-23 16:54:53.083 W/DisplayManagerService( 1948): Display info not found in cache for display 175, callingUid 10243
09-23 16:54:53.083 W/DisplayManagerService( 1948): Display info not found in cache for display 168, callingUid 10243
09-23 16:54:53.083 W/DisplayManagerService( 1948): Display info not found in cache for display 160, callingUid 10243
09-23 16:54:53.083 W/DisplayManagerService( 1948): Display info not found in cache for display 153, callingUid 10243
09-23 16:54:53.083 W/DisplayManagerService( 1948): Display info not found in cache for display 146, callingUid 10243
09-23 16:54:53.083 W/DisplayManagerService( 1948): Display info not found in cache for display 139, callingUid 10243
09-23 16:54:53.083 W/DisplayManagerService( 1948): Display info not found in cache for display 132, callingUid 10243
09-23 16:54:53.084 W/DisplayManagerService( 1948): Display info not found in cache for display 125, callingUid 10243
09-23 16:54:53.084 W/DisplayManagerService( 1948): Display info not found in cache for display 118, callingUid 10243
09-23 16:54:53.084 W/DisplayManagerService( 1948): Display info not found in cache for display 111, callingUid 10243
09-23 16:54:53.084 W/DisplayManagerService( 1948): Display info not found in cache for display 104, callingUid 10243
09-23 16:54:53.084 W/DisplayManagerService( 1948): Display info not found in cache for display 99, callingUid 10243
09-23 16:54:53.084 W/DisplayManagerService( 1948): Display info not found in cache for display 93, callingUid 10243
09-23 16:54:53.085 W/DisplayManagerService( 1948): Display info not found in cache for display 86, callingUid 10243
09-23 16:54:53.085 W/DisplayManagerService( 1948): Display info not found in cache for display 80, callingUid 10243
09-23 16:54:53.085 I/zygote_next( 6223): native_activity_thread::native_application_thread: scheduleTrimMemory thread id=ThreadId(14)
09-23 16:54:53.085 I/zygote_next( 6223): native_activity_thread::native_application_thread: setProcessState thread id=ThreadId(14)
09-23 16:54:53.085 W/DisplayManagerService( 1948): Display info not found in cache for display 74, callingUid 10243
09-23 16:54:53.085 W/DisplayManagerService( 1948): Display info not found in cache for display 68, callingUid 10243
09-23 16:54:53.085 W/DisplayManagerService( 1948): Display info not found in cache for display 60, callingUid 10243
09-23 16:54:53.086 W/DisplayManagerService( 1948): Display info not found in cache for display 53, callingUid 10243
09-23 16:54:53.086 W/DisplayManagerService( 1948): Display info not found in cache for display 46, callingUid 10243
09-23 16:54:53.086 W/DisplayManagerService( 1948): Display info not found in cache for display 40, callingUid 10243
09-23 16:54:53.086 W/DisplayManagerService( 1948): Display info not found in cache for display 33, callingUid 10243
09-23 16:54:53.086 W/DisplayManagerService( 1948): Display info not found in cache for display 27, callingUid 10243
09-23 16:54:53.086 W/DisplayManagerService( 1948): Display info not found in cache for display 21, callingUid 10243
09-23 16:54:53.086 W/DisplayManagerService( 1948): Display info not found in cache for display 15, callingUid 10243
09-23 16:54:53.087 W/DisplayManagerService( 1948): Display info not found in cache for display 9, callingUid 10243
09-23 16:54:53.087 W/DisplayManagerService( 1948): Display info not found in cache for display 3, callingUid 10243
09-23 16:54:53.089 I/NoBackGesture( 3031): Config changed: newConfig={1.0 505mcc1mnc [en_US_#u-mu-celsius,en_AU_#u-mu-celsius] ldltr sw448dp w997dp h448dp 480dpi nrml long compactNeeded hdr widecg land finger -keyb/v/h -nav/h winConfig={ mBounds=Rect(0, 0 - 2992, 1344) mAppBounds=Rect(0, 0 - 2992, 1344) mMaxBounds=Rect(0, 0 - 2992, 1344) mDisplayRotation=ROTATION_270 mWindowingMode=fullscreen mActivityType=undefined mAlwaysOnTop=undefined mRotation=ROTATION_270} as.2 s.241683 fontWeightAdjustment=0} lastReportedConfig={1.0 505mcc1mnc [en_US_#u-mu-celsius,en_AU_#u-mu-celsius] ldltr sw448dp w448dp h997dp 480dpi nrml long compactNeeded hdr widecg port finger -keyb/v/h -nav/h winConfig={ mBounds=Rect(0, 0 - 1344, 2992) mAppBounds=Rect(0, 0 - 1344, 2992) mMaxBounds=Rect(0, 0 - 1344, 2992) mDisplayRotation=ROTATION_0 mWindowingMode=fullscreen mActivityType=undefined mAlwaysOnTop=undefined mRotation=ROTATION_0} as.2 s.241544 fontWeightAdjustment=0}
09-23 16:54:53.089 I/NoBackGesture( 3031): NavbarController: newConfig={1.0 505mcc1mnc [en_US_#u-mu-celsius,en_AU_#u-mu-celsius] ldltr sw448dp w997dp h448dp 480dpi nrml long compactNeeded hdr widecg land finger -keyb/v/h -nav/h winConfig={ mBounds=Rect(0, 0 - 2992, 1344) mAppBounds=Rect(0, 0 - 2992, 1344) mMaxBounds=Rect(0, 0 - 2992, 1344) mDisplayRotation=ROTATION_270 mWindowingMode=fullscreen mActivityType=undefined mAlwaysOnTop=undefined mRotation=ROTATION_270} as.2 s.241683 fontWeightAdjustment=0} mTaskbarDelegate initialized=true willApplyConfigToNavbars=false navBarCount=0
09-23 16:54:53.097 W/ConstraintSet( 3031): id unknown seamless_vertical_guideline
09-23 16:54:53.097 W/ConstraintSet( 3031): id unknown action_button_guideline
09-23 16:54:53.097 W/ConstraintSet( 3031): id unknown icon
09-23 16:54:53.097 W/ConstraintSet( 3031): id unknown device_suggestion_container
09-23 16:54:53.097 W/ConstraintSet( 3031): id unknown media_session_vertical_barrier
09-23 16:54:53.098 W/ConstraintSet( 3031): id unknown media_seamless
09-23 16:54:53.098 W/ConstraintSet( 3031): id unknown media_action_barrier_start
09-23 16:54:53.098 W/ConstraintSet( 3031): id unknown media_action_barrier_end
09-23 16:54:53.098 W/ConstraintSet( 3031): id unknown media_action_barrier_top
09-23 16:54:53.098 W/ConstraintSet( 3031): id unknown remove_text
09-23 16:54:53.098 W/ConstraintSet( 3031): id unknown settings
09-23 16:54:53.098 W/ConstraintSet( 3031): id unknown dismiss
09-23 16:54:53.098 W/ConstraintSet( 3031): id unknown cancel
09-23 16:54:53.101 W/SystemServiceRegistry(22609): No service published for: personal_context
09-23 16:54:53.101 W/AmbientCueRepository(22609): spoonBarOptedIn not found, default to enabled
09-23 16:54:53.105 W/ConstraintSet( 3031): id unknown seamless_vertical_guideline
09-23 16:54:53.105 W/ConstraintSet( 3031): id unknown icon
09-23 16:54:53.105 W/ConstraintSet( 3031): id unknown device_suggestion_container
09-23 16:54:53.105 W/ConstraintSet( 3031): id unknown media_session_vertical_barrier
09-23 16:54:53.105 W/ConstraintSet( 3031): id unknown media_seamless
09-23 16:54:53.105 W/ConstraintSet( 3031): id unknown media_action_barrier_end
09-23 16:54:53.105 W/ConstraintSet( 3031): id unknown media_action_barrier_top
09-23 16:54:53.105 W/ConstraintSet( 3031): id unknown remove_text
09-23 16:54:53.105 W/ConstraintSet( 3031): id unknown settings
09-23 16:54:53.105 W/ConstraintSet( 3031): id unknown dismiss
09-23 16:54:53.105 W/ConstraintSet( 3031): id unknown cancel
09-23 16:54:53.126 W/ConstraintSet( 3031): id unknown seamless_vertical_guideline
09-23 16:54:53.126 W/ConstraintSet( 3031): id unknown icon
09-23 16:54:53.126 W/ConstraintSet( 3031): id unknown device_suggestion_container
09-23 16:54:53.126 W/ConstraintSet( 3031): id unknown media_session_vertical_barrier
09-23 16:54:53.126 W/ConstraintSet( 3031): id unknown media_seamless
09-23 16:54:53.126 W/ConstraintSet( 3031): id unknown media_action_barrier_end
09-23 16:54:53.126 W/ConstraintSet( 3031): id unknown media_action_barrier_top
09-23 16:54:53.126 W/ConstraintSet( 3031): id unknown remove_text
09-23 16:54:53.126 W/ConstraintSet( 3031): id unknown settings
09-23 16:54:53.126 W/ConstraintSet( 3031): id unknown dismiss
09-23 16:54:53.126 W/ConstraintSet( 3031): id unknown cancel
09-23 16:54:53.138 I/WindowManager( 1948): finishDrawing of orientation change: Window{5cd40d7 u0 ScreenDecorHwcOverlay} 180ms
09-23 16:54:53.138 I/WindowManager( 1948): finishDrawing of orientation change: Window{c78fa08 u0 Taskbar} 181ms
09-23 16:54:53.144 W/ConstraintSet( 3031): id unknown seamless_vertical_guideline
09-23 16:54:53.144 W/ConstraintSet( 3031): id unknown action_button_guideline
09-23 16:54:53.144 W/ConstraintSet( 3031): id unknown icon
09-23 16:54:53.144 W/ConstraintSet( 3031): id unknown device_suggestion_container
09-23 16:54:53.144 W/ConstraintSet( 3031): id unknown media_session_vertical_barrier
09-23 16:54:53.144 W/ConstraintSet( 3031): id unknown media_seamless
09-23 16:54:53.144 W/ConstraintSet( 3031): id unknown media_action_barrier_start
09-23 16:54:53.144 W/ConstraintSet( 3031): id unknown media_action_barrier_end
09-23 16:54:53.144 W/ConstraintSet( 3031): id unknown media_action_barrier_top
09-23 16:54:53.145 W/ConstraintSet( 3031): id unknown remove_text
09-23 16:54:53.145 W/ConstraintSet( 3031): id unknown settings
09-23 16:54:53.145 W/ConstraintSet( 3031): id unknown dismiss
09-23 16:54:53.145 W/ConstraintSet( 3031): id unknown cancel
09-23 16:54:53.150 W/ConstraintSet( 3031): id unknown seamless_vertical_guideline
09-23 16:54:53.150 W/ConstraintSet( 3031): id unknown action_button_guideline
09-23 16:54:53.150 W/ConstraintSet( 3031): id unknown icon
09-23 16:54:53.150 W/ConstraintSet( 3031): id unknown device_suggestion_container
09-23 16:54:53.150 W/ConstraintSet( 3031): id unknown media_session_vertical_barrier
09-23 16:54:53.150 W/ConstraintSet( 3031): id unknown media_seamless
09-23 16:54:53.150 W/ConstraintSet( 3031): id unknown media_action_barrier_start
09-23 16:54:53.150 W/ConstraintSet( 3031): id unknown media_action_barrier_end
09-23 16:54:53.150 W/ConstraintSet( 3031): id unknown media_action_barrier_top
09-23 16:54:53.150 W/ConstraintSet( 3031): id unknown remove_text
09-23 16:54:53.150 W/ConstraintSet( 3031): id unknown settings
09-23 16:54:53.150 W/ConstraintSet( 3031): id unknown dismiss
09-23 16:54:53.150 W/ConstraintSet( 3031): id unknown cancel
09-23 16:54:53.170 W/View    ( 3031): requestLayout() improperly called by android.widget.ImageButton{7a9b621 IF.D..C.. ......ID 0,202-0,202 #7f0a0699 app:id/page_left} during layout: running second layout pass
09-23 16:54:53.170 W/View    ( 3031): requestLayout() improperly called by android.widget.ImageButton{2e9a407 IFED..C.. ......ID 1349,202-1349,202 #7f0a069a app:id/page_right} during layout: running second layout pass
09-23 16:54:53.170 W/View    ( 3031): requestLayout() improperly called by androidx.constraintlayout.widget.Barrier{c8b7a1b I.ED..... ......ID 1682,0-1682,0 #7f0a0584 app:id/media_session_vertical_barrier} during layout: running second layout pass
09-23 16:54:53.170 W/View    ( 3031): requestLayout() improperly called by androidx.constraintlayout.widget.Barrier{27967b8 V.ED..... ......ID 0,0-0,0 #7f0a056e app:id/media_action_barrier_start} during layout: running second layout pass
09-23 16:54:53.170 W/View    ( 3031): requestLayout() improperly called by androidx.constraintlayout.widget.Barrier{b9b6991 I.ED..... ......ID 2053,0-2053,0 #7f0a056d app:id/media_action_barrier_end} during layout: running second layout pass
09-23 16:54:53.170 W/View    ( 3031): requestLayout() improperly called by androidx.constraintlayout.widget.Barrier{27c50f6 I.ED..... ......ID 0,408-0,408 #7f0a056f app:id/media_action_barrier_top} during layout: running second layout pass
09-23 16:54:53.170 W/View    ( 3031): requestLayout() improperly called by android.widget.TextView{9394764 I.ED..... ......ID 869,274-869,274 #7f0a057e app:id/media_scrubbing_elapsed_time} during layout: running second layout pass
09-23 16:54:53.170 W/View    ( 3031): requestLayout() improperly called by android.widget.TextView{6948682 I.ED..... ......ID 1013,404-1013,404 #7f0a057f app:id/media_scrubbing_total_time} during layout: running second layout pass
09-23 16:54:53.170 W/View    ( 3031): requestLayout() improperly called by com.android.systemui.util.animation.TransitionLayout{746ca46 VFE...CL. ......ID 0,0-2053,552 #7f0a071a app:id/qs_media_controls} during layout: running second layout pass
09-23 16:54:53.170 W/View    ( 3031): requestLayout() improperly called by com.android.internal.widget.CachingIconView{3a863da I.ED..... ......ID 48,300-48,300 #7f0a0575 app:id/media_explicit_indicator} during layout: running second layout pass
09-23 16:54:53.170 W/View    ( 3031): requestLayout() improperly called by android.widget.ImageButton{8c51193 IF.D..C.. ......ID 1085,404-1085,404 #7f0a0054 app:id/action0} during layout: running second layout pass
09-23 16:54:53.170 W/View    ( 3031): requestLayout() improperly called by android.widget.ImageButton{1f575d0 IF.D..C.. ......ID 1085,404-1085,404 #7f0a0055 app:id/action1} during layout: running second layout pass
09-23 16:54:53.170 W/View    ( 3031): requestLayout() improperly called by android.widget.ImageButton{cca935d IFED..C.. ......ID 1085,404-1085,404 #7f0a0056 app:id/action2} during layout: running second layout pass
09-23 16:54:53.170 W/View    ( 3031): requestLayout() improperly called by android.widget.ImageButton{a7279a3 IFED..C.. ......ID 1085,404-1085,404 #7f0a0057 app:id/action3} during layout: running second layout pass
09-23 16:54:53.170 W/View    ( 3031): requestLayout() improperly called by android.widget.ImageButton{9220859 IFED..C.. ......ID 1085,404-1085,404 #7f0a0058 app:id/action4} during layout: running second layout pass
09-23 16:54:53.182 I/WindowManager( 1948): finishDrawing of orientation change: Window{a54ec1b u0 StatusBar} 224ms
09-23 16:54:53.186 I/ImeTracker( 1948): system_server:8c756c02: onRequestHide at ORIGIN_SERVER reason IME_REQUESTED_CHANGED_LISTENER fromUser false displayId 0
09-23 16:54:53.186 I/ImeTracker( 1948): system_server:8c756c02: onCancelled at PHASE_SERVER_SHOULD_HIDE
09-23 16:54:53.190 I/DisplayBrightnessStrategySelector( 1948): Changing the DisplayBrightnessStrategy from AutomaticBrightnessStrategy to OverrideBrightnessStrategy for display 0
09-23 16:54:53.191 I/DisplayPowerController[0]( 1948): BrightnessEvent: brt=0.63(100.0%), nits=1000.0, lux=-1.0, reason=override(app.morphe.android.youtube/com.google.android.apps.youtube.app.watchwhile.InternalMainActivity), strat=OverrideBrightnessStrategy, state=ON, stateReason=DEFAULT_POLICY, policy=BRIGHT, flags=, initBrt=0.094265535, rcmdBrt=NaN, preBrt=NaN, preLux=0.0, wasShortTermModelActive=false, autoBrightness=true (default), unclampedBrt=1.0, hbmMax=0.63, hbmMode=off, thrmMax=1.0, rbcStrength=35, powerFactor=1.0, physDisp=Built-in Screen(local:4619827535830457088), logicalId=0, slowChange=false, rampSpeed=0.7047244, colorTemp=NaN, thermalStatus=none
09-23 16:54:53.194 W/ImageLoader( 3031): Failed to load source Resource{name=com.android.systemui:drawable/ic_brightness_medium}
09-23 16:54:53.194 W/ImageLoader( 3031): android.graphics.ImageDecoder$DecodeException: Failed to create image decoder with message 'unimplemented'Input contained an error.
09-23 16:54:53.194 W/ImageLoader( 3031): 	at android.graphics.ImageDecoder.nCreate(Native Method)
09-23 16:54:53.194 W/ImageLoader( 3031): 	at android.graphics.ImageDecoder.createFromAsset(ImageDecoder.java:551)
09-23 16:54:53.194 W/ImageLoader( 3031): 	at android.graphics.ImageDecoder.-$$Nest$smcreateFromAsset(ImageDecoder.java:0)
09-23 16:54:53.194 W/ImageLoader( 3031): 	at android.graphics.ImageDecoder$ResourceSource.createImageDecoder(ImageDecoder.java:528)
09-23 16:54:53.194 W/ImageLoader( 3031): 	at android.graphics.ImageDecoder.decodeDrawableImpl(ImageDecoder.java:1879)
09-23 16:54:53.194 W/ImageLoader( 3031): 	at android.graphics.ImageDecoder.decodeDrawable(ImageDecoder.java:1871)
09-23 16:54:53.194 W/ImageLoader( 3031): 	at com.android.systemui.graphics.ImageLoaderImpl.loadDrawableSync(go/retraceme 109b9d95419d40ed7f94ba06f2e494aa100aa2b80b21457e78a8af5d54598634:37)
09-23 16:54:53.194 W/ImageLoader( 3031): 	at com.android.systemui.graphics.ImageLoaderImpl$loadDrawable$4.invokeSuspend(go/retraceme 109b9d95419d40ed7f94ba06f2e494aa100aa2b80b21457e78a8af5d54598634:155)
09-23 16:54:53.194 W/ImageLoader( 3031): 	at kotlin.coroutines.jvm.internal.BaseContinuationImpl.resumeWith(go/retraceme 109b9d95419d40ed7f94ba06f2e494aa100aa2b80b21457e78a8af5d54598634:7)
09-23 16:54:53.194 W/ImageLoader( 3031): 	at kotlinx.coroutines.DispatchedTask.run(go/retraceme 109b9d95419d40ed7f94ba06f2e494aa100aa2b80b21457e78a8af5d54598634:111)
09-23 16:54:53.194 W/ImageLoader( 3031): 	at java.util.concurrent.ThreadPoolExecutor.runWorker(ThreadPoolExecutor.java:1100)
09-23 16:54:53.194 W/ImageLoader( 3031): 	at java.util.concurrent.ThreadPoolExecutor$Worker.run(ThreadPoolExecutor.java:624)
09-23 16:54:53.194 W/ImageLoader( 3031): 	at java.lang.Thread.run(Thread.java:1572)
09-23 16:54:53.195 I/PixelDisplayManager( 3337): onDisplayChanged(Built-in Screen, 0, local:4619827535830457088): screenOn=true, hbmMode=0, br=0.63, product=DeviceProductInfo{name=HK3-A0B-00, manufacturerPnpId=GGL, productId=0, modelYear=null, manufactureDate=ManufactureDate{week=1, year=1990}, connectionToSinkType=1, edidStructureMetadata=EdidStructureMetadata{version=0, revision=0}, videoInputType=0}
09-23 16:54:53.195 I/PixelDisplayManager( 3337): Start ZA compensation manager
09-23 16:54:53.195 I/PixelDisplayManager( 3337): ZonalAtt input info - currentBrightness : 0.63 UniqueId : local:4619827535830457088 isRearDisplay : false ambientLight : 0.0 mScreenOprDataArrayList : [0.3399622] isDrmContent : false
09-23 16:54:53.203 W/InputChannel-JNI( 1948): Channel already disposed.
09-23 16:54:53.206 I/ScreenOprObserver( 3337): screen opr observer start
09-23 16:54:53.206 I/WindowManager( 1948): finishDrawing of orientation change: Window{adc2ce u0 app.morphe.android.youtube/com.google.android.apps.youtube.app.watchwhile.InternalMainActivity} 249ms
09-23 16:54:53.207 W/HWUI    (17675): Warning: Reusing an immutable bitmap as an image decoder target.
09-23 16:54:53.215 I/hwc-display(  680): path=drm, id=0, level=1411, nits=153.635330, brightness=0.095724, DimmingOn=0, Hbm=0, LhbmOn=0, OpRate=60
09-23 16:54:53.227 I/libbinder.BpBinder(  676): onLastStrongRef automatically unlinking death recipients for binder (0xb4000077cc3b4670) with descriptor: '(not cached)'
09-23 16:54:53.234 I/hwc-display(  680): path=drm, id=0, level=1443, nits=161.360153, brightness=0.100600, DimmingOn=0, Hbm=0, LhbmOn=0, OpRate=60
09-23 16:54:53.241 W/BcSmartspaceView( 3031): Current card is not present in the Adapter; cannot log.
09-23 16:54:53.241 E/DateSmartspaceView( 3031): No tap action can be set up
09-23 16:54:53.242 W/AlarmManager( 3031): Unrecognized alarm listener com.google.android.systemui.smartspace.KeyguardZenAlarmViewController$showNextAlarm$1@ca675a3
09-23 16:54:53.242 W/AlarmManager( 3031): Unrecognized alarm listener com.google.android.systemui.smartspace.KeyguardZenAlarmViewController$showNextAlarm$1@ca675a3
09-23 16:54:53.242 W/BcSmartspaceView( 3031): Current card is not present in the Adapter; cannot log.
09-23 16:54:53.243 I/WeatherSmartspaceView( 3031): setFormattedContentDescription: text=20°C, iconDescription=Mostly clear day, contentDescription=Mostly clear day, 20°C
09-23 16:54:53.243 W/BcSmartspaceView( 3031): Current card is not present in the Adapter; cannot log.
09-23 16:54:53.243 E/DateSmartspaceView( 3031): No tap action can be set up
09-23 16:54:53.243 W/AlarmManager( 3031): Unrecognized alarm listener com.google.android.systemui.smartspace.KeyguardZenAlarmViewController$showNextAlarm$1@ca675a3
09-23 16:54:53.243 W/BcSmartspaceView( 3031): Current card is not present in the Adapter; cannot log.
09-23 16:54:53.244 I/WeatherSmartspaceView( 3031): setFormattedContentDescription: text=20°C, iconDescription=Mostly clear day, contentDescription=Mostly clear day, 20°C
09-23 16:54:53.244 W/BcSmartspaceView( 3031): Current card is not present in the Adapter; cannot log.
09-23 16:54:53.246 I/AiAiEcho(14091): (REDACTED) Predicting[%d]: %s
09-23 16:54:53.247 I/AiAiEcho(14091): (REDACTED) EchoTargets: %s
09-23 16:54:53.247 I/AiAiEcho(14091): Filtered by AiAi flag check: %s
09-23 16:54:53.248 I/AiAiEcho(14091): (REDACTED) #weatherSubItemsTwiddler: Weather removes SubtitleSupplementalItem in surface: %s
09-23 16:54:53.249 I/AiAiEcho(14091): #remoteViewsTwiddler: feature disabled.
09-23 16:54:53.249 I/hwc-display(  680): path=drm, id=0, level=1476, nits=169.613922, brightness=0.105810, DimmingOn=0, Hbm=0, LhbmOn=0, OpRate=60
09-23 16:54:53.250 I/AiAiEcho(14091): (REDACTED) Predicting[%d]: %s
09-23 16:54:53.251 I/AiAiEcho(14091): (REDACTED) EchoTargets: %s
09-23 16:54:53.251 I/AiAiEcho(14091): Filtered by AiAi flag check: %s
09-23 16:54:53.252 I/AiAiEcho(14091): (REDACTED) #weatherSubItemsTwiddler: Weather removes SubtitleSupplementalItem in surface: %s
09-23 16:54:53.252 I/AiAiEcho(14091): #remoteViewsTwiddler: feature disabled.
09-23 16:54:53.256 I/AiAiEcho(14091): (REDACTED) #postPredictionTargets: Sending updates to UISurface %s with targets# %s (types=[%s])
09-23 16:54:53.260 I/AiAiEcho(14091): (REDACTED) #postPredictionTargets: Sending updates to UISurface %s with targets# %s (types=[%s])
09-23 16:54:53.262 I/AiAiEcho(14091): (REDACTED) Predicting[%d]: %s
09-23 16:54:53.262 I/AiAiEcho(14091): (REDACTED) EchoTargets: %s
09-23 16:54:53.262 I/AiAiEcho(14091): Filtered by AiAi flag check: %s
09-23 16:54:53.263 I/AiAiEcho(14091): (REDACTED) #weatherSubItemsTwiddler: Weather removes SubtitleSupplementalItem in surface: %s
09-23 16:54:53.264 I/AiAiEcho(14091): #remoteViewsTwiddler: feature disabled.
09-23 16:54:53.264 I/WeatherSmartspaceView( 3031): setFormattedContentDescription: text=20°C, iconDescription=Mostly clear day, contentDescription=Mostly clear day, 20°C
09-23 16:54:53.264 I/WeatherSmartspaceView( 3031): setFormattedContentDescription: text=20°C, iconDescription=Mostly clear day, contentDescription=Mostly clear day, 20°C
09-23 16:54:53.265 I/WeatherData( 3031): Weather data parsed MOSTLY_SUNNY ("Mostly clear day") 20°C from Bundle[{description=Mostly clear day, feedback_intent=null, explanation_intent=Supplier{VAL_PARCELABLE@160+1920}, is_gaia_linked_data=true, use_celsius=true, state=3, temperature=20}]
09-23 16:54:53.265 I/AiAiEcho(14091): (REDACTED) Predicting[%d]: %s
09-23 16:54:53.265 I/hwc-display(  680): path=drm, id=0, level=1511, nits=178.419968, brightness=0.111369, DimmingOn=0, Hbm=0, LhbmOn=0, OpRate=60
09-23 16:54:53.266 I/AiAiEcho(14091): (REDACTED) EchoTargets: %s
09-23 16:54:53.266 I/AiAiEcho(14091): Filtered by AiAi flag check: %s
09-23 16:54:53.267 I/AiAiEcho(14091): (REDACTED) #weatherSubItemsTwiddler: Weather removes SubtitleSupplementalItem in surface: %s
09-23 16:54:53.267 I/AiAiEcho(14091): #remoteViewsTwiddler: feature disabled.
09-23 16:54:53.271 I/AiAiEcho(14091): (REDACTED) #postPredictionTargets: Sending updates to UISurface %s with targets# %s (types=[%s])
09-23 16:54:53.275 I/AiAiEcho(14091): (REDACTED) #postPredictionTargets: Sending updates to UISurface %s with targets# %s (types=[%s])
09-23 16:54:53.282 I/hwc-display(  680): path=drm, id=0, level=1546, nits=187.826950, brightness=0.117308, DimmingOn=0, Hbm=0, LhbmOn=0, OpRate=60
09-23 16:54:53.282 I/WeatherSmartspaceView( 3031): setFormattedContentDescription: text=20°C, iconDescription=Mostly clear day, contentDescription=Mostly clear day, 20°C
09-23 16:54:53.282 I/WeatherSmartspaceView( 3031): setFormattedContentDescription: text=20°C, iconDescription=Mostly clear day, contentDescription=Mostly clear day, 20°C
09-23 16:54:53.282 I/WeatherData( 3031): Weather data parsed MOSTLY_SUNNY ("Mostly clear day") 20°C from Bundle[{description=Mostly clear day, feedback_intent=null, explanation_intent=Supplier{VAL_PARCELABLE@160+1920}, is_gaia_linked_data=true, use_celsius=true, state=3, temperature=20}]
09-23 16:54:53.283 I/AiAiEcho(14091): (REDACTED) Predicting[%d]: %s
09-23 16:54:53.285 I/AiAiEcho(14091): (REDACTED) EchoTargets: %s
09-23 16:54:53.285 I/AiAiEcho(14091): Filtered by AiAi flag check: %s
09-23 16:54:53.286 I/AiAiEcho(14091): (REDACTED) #weatherSubItemsTwiddler: Weather removes SubtitleSupplementalItem in surface: %s
09-23 16:54:53.286 I/AiAiEcho(14091): #remoteViewsTwiddler: feature disabled.
09-23 16:54:53.287 I/AiAiEcho(14091): (REDACTED) Predicting[%d]: %s
09-23 16:54:53.287 I/AiAiEcho(14091): (REDACTED) EchoTargets: %s
09-23 16:54:53.287 I/AiAiEcho(14091): Filtered by AiAi flag check: %s
09-23 16:54:53.287 I/AiAiEcho(14091): (REDACTED) #weatherSubItemsTwiddler: Weather removes SubtitleSupplementalItem in surface: %s
09-23 16:54:53.287 I/AiAiEcho(14091): #remoteViewsTwiddler: feature disabled.
09-23 16:54:53.289 I/AiAiEcho(14091): (REDACTED) #postPredictionTargets: Sending updates to UISurface %s with targets# %s (types=[%s])
09-23 16:54:53.290 I/AiAiEcho(14091): (REDACTED) #postPredictionTargets: Sending updates to UISurface %s with targets# %s (types=[%s])
09-23 16:54:53.297 W/KeyguardRootViewBinder( 3031): Skipping onNotificationContainerBoundsChanged during transition
09-23 16:54:53.298 I/WeatherSmartspaceView( 3031): setFormattedContentDescription: text=20°C, iconDescription=Mostly clear day, contentDescription=Mostly clear day, 20°C
09-23 16:54:53.298 I/WeatherSmartspaceView( 3031): setFormattedContentDescription: text=20°C, iconDescription=Mostly clear day, contentDescription=Mostly clear day, 20°C
09-23 16:54:53.298 I/WeatherData( 3031): Weather data parsed MOSTLY_SUNNY ("Mostly clear day") 20°C from Bundle[{description=Mostly clear day, feedback_intent=null, explanation_intent=Supplier{VAL_PARCELABLE@160+1920}, is_gaia_linked_data=true, use_celsius=true, state=3, temperature=20}]
09-23 16:54:53.298 I/hwc-display(  680): path=drm, id=0, level=1584, nits=197.892090, brightness=0.123661, DimmingOn=0, Hbm=0, LhbmOn=0, OpRate=60
09-23 16:54:53.312 E/ldisplayservice( 3337): Invalid resource ID 0x00000000.
09-23 16:54:53.312 I/CompensationLayout( 3337): fail to setCachedDisabled!!
09-23 16:54:53.315 I/hwc-display(  680): path=drm, id=0, level=1622, nits=208.613510, brightness=0.130429, DimmingOn=0, Hbm=0, LhbmOn=0, OpRate=60
09-23 16:54:53.315 I/Surface ( 3337): Creating surface for consumer unnamed-3337-848 with slotExpansion=1 for 64 slots
09-23 16:54:53.316 I/Surface ( 3337): Creating surface for consumer VRI[ZonalAttCompensationOverlay]#848(BLAST Consumer)848 with slotExpansion=1 for 64 slots
09-23 16:54:53.332 I/hwc-display(  680): path=drm, id=0, level=1662, nits=220.057709, brightness=0.137654, DimmingOn=0, Hbm=0, LhbmOn=0, OpRate=60
09-23 16:54:53.349 I/hwc-display(  680): path=drm, id=0, level=1703, nits=232.288116, brightness=0.145374, DimmingOn=0, Hbm=0, LhbmOn=0, OpRate=60
09-23 16:54:53.365 I/hwc-display(  680): path=drm, id=0, level=1746, nits=245.346390, brightness=0.153617, DimmingOn=0, Hbm=0, LhbmOn=0, OpRate=60
09-23 16:54:53.382 I/hwc-display(  680): path=drm, id=0, level=1790, nits=259.277008, brightness=0.162411, DimmingOn=0, Hbm=0, LhbmOn=0, OpRate=60
09-23 16:54:53.398 I/hwc-display(  680): path=drm, id=0, level=1836, nits=274.159180, brightness=0.171806, DimmingOn=0, Hbm=0, LhbmOn=0, OpRate=60
09-23 16:54:53.415 I/hwc-display(  680): path=drm, id=0, level=1884, nits=290.051178, brightness=0.181838, DimmingOn=0, Hbm=0, LhbmOn=0, OpRate=60
09-23 16:54:53.432 I/hwc-display(  680): path=drm, id=0, level=1933, nits=307.018860, brightness=0.192549, DimmingOn=0, Hbm=0, LhbmOn=0, OpRate=60
09-23 16:54:53.448 I/hwc-display(  680): path=drm, id=0, level=1984, nits=325.144501, brightness=0.203991, DimmingOn=0, Hbm=0, LhbmOn=0, OpRate=60
09-23 16:54:53.465 I/hwc-display(  680): path=drm, id=0, level=2037, nits=344.490356, brightness=0.216203, DimmingOn=0, Hbm=0, LhbmOn=0, OpRate=60
09-23 16:54:53.482 I/hwc-display(  680): path=drm, id=0, level=2092, nits=365.148224, brightness=0.229243, DimmingOn=0, Hbm=0, LhbmOn=0, OpRate=60
09-23 16:54:53.498 I/hwc-display(  680): path=drm, id=0, level=2148, nits=387.207092, brightness=0.243168, DimmingOn=0, Hbm=0, LhbmOn=0, OpRate=60
09-23 16:54:53.515 I/hwc-display(  680): path=drm, id=0, level=2207, nits=410.754730, brightness=0.258033, DimmingOn=0, Hbm=0, LhbmOn=0, OpRate=60
09-23 16:54:53.531 I/hwc-display(  680): path=drm, id=0, level=2267, nits=435.897430, brightness=0.273905, DimmingOn=0, Hbm=0, LhbmOn=0, OpRate=60
09-23 16:54:53.543 I/CompensationLayout( 3337): sc is valid!!
09-23 16:54:53.544 I/CompensationLayout( 3337): setCachedDisabled okay!!
09-23 16:54:53.549 I/hwc-display(  680): path=drm, id=0, level=2330, nits=462.742706, brightness=0.290851, DimmingOn=0, Hbm=0, LhbmOn=0, OpRate=60
09-23 16:54:53.552 I/ImeTracker( 1948): system_server:4cf6f0e1: onRequestHide at ORIGIN_SERVER reason IME_REQUESTED_CHANGED_LISTENER fromUser false displayId 0
09-23 16:54:53.553 I/ImeTracker( 1948): system_server:4cf6f0e1: onCancelled at PHASE_SERVER_SHOULD_HIDE
09-23 16:54:53.565 I/hwc-display(  680): path=drm, id=0, level=2394, nits=491.412506, brightness=0.308949, DimmingOn=0, Hbm=0, LhbmOn=0, OpRate=60
09-23 16:54:53.573 I/system_server( 1948): NativeAlloc concurrent mark compact GC freed 26MB AllocSpace bytes, 578(24MB) LOS objects, 70% free, 150MB/512MB, paused 1.588ms,17.545ms total 620.045ms
09-23 16:54:53.581 I/hwc-display(  680): path=drm, id=0, level=2461, nits=522.027344, brightness=0.328275, DimmingOn=0, Hbm=0, LhbmOn=0, OpRate=60
09-23 16:54:53.596 I/hwc-display(  680): path=drm, id=0, level=2530, nits=554.710876, brightness=0.348907, DimmingOn=0, Hbm=0, LhbmOn=0, OpRate=60
09-23 16:54:53.614 I/hwc-display(  680): path=drm, id=0, level=2601, nits=589.627930, brightness=0.370948, DimmingOn=0, Hbm=0, LhbmOn=0, OpRate=60
09-23 16:54:53.630 I/hwc-display(  680): path=drm, id=0, level=2674, nits=626.884033, brightness=0.394467, DimmingOn=0, Hbm=0, LhbmOn=0, OpRate=60
09-23 16:54:53.648 I/hwc-display(  680): path=drm, id=0, level=2750, nits=666.682861, brightness=0.419590, DimmingOn=0, Hbm=0, LhbmOn=0, OpRate=60
09-23 16:54:53.664 I/hwc-display(  680): path=drm, id=0, level=2829, nits=709.239197, brightness=0.446454, DimmingOn=0, Hbm=0, LhbmOn=0, OpRate=60
09-23 16:54:53.682 I/hwc-display(  680): path=drm, id=0, level=2910, nits=754.647827, brightness=0.475119, DimmingOn=0, Hbm=0, LhbmOn=0, OpRate=60
09-23 16:54:53.696 I/hwc-display(  680): path=drm, id=0, level=2994, nits=803.391663, brightness=0.505889, DimmingOn=0, Hbm=0, LhbmOn=0, OpRate=60
09-23 16:54:53.714 I/hwc-display(  680): path=drm, id=0, level=3080, nits=855.108521, brightness=0.538536, DimmingOn=0, Hbm=0, LhbmOn=0, OpRate=60
09-23 16:54:53.731 I/hwc-display(  680): path=drm, id=0, level=3169, nits=910.322144, brightness=0.573390, DimmingOn=0, Hbm=0, LhbmOn=0, OpRate=60
09-23 16:54:53.746 I/hwc-display(  680): path=drm, id=0, level=3261, nits=969.351196, brightness=0.610653, DimmingOn=0, Hbm=0, LhbmOn=0, OpRate=60
09-23 16:54:53.763 I/hwc-display(  680): path=drm, id=0, level=3307, nits=1000.000000, brightness=0.630000, DimmingOn=0, Hbm=0, LhbmOn=0, OpRate=60
09-23 16:54:53.821 W/AccessibilityManagerService( 1948):  wait for adding window timeout: 3693
09-23 16:54:53.985 I/pixel-thermal( 2330): cellular-emergency:34.512 raw data: VIRTUAL-SKIN:34512 VIRTUAL-SKIN-SUB-0:34298.6 VIRTUAL-SKIN-SUB-1:31907.2 VIRTUAL-SKIN-SUB-10:33617.2 VIRTUAL-SKIN-SUB-2:32430 VIRTUAL-SKIN-SUB-3:32777.5 VIRTUAL-SKIN-SUB-4:32956.8 VIRTUAL-SKIN-SUB-5:33669.7 VIRTUAL-SKIN-SUB-6:31894 VIRTUAL-SKIN-SUB-7:33857.1 VIRTUAL-SKIN-SUB-8:34346 VIRTUAL-SKIN-SUB-9:34512 battery:34200 cam_therm:34132 cellular-emergency:34512 charge_therm:38250 disp_therm:34466 neutral_therm:35400 north_therm:33241 quiet_therm:35356 soc_therm:39118 usb_pwr_therm:35000 
09-23 16:54:53.986 I/pixel-thermal( 2330): VIRTUAL-SKIN-HINT:34.512 raw data: VIRTUAL-SKIN:34512 VIRTUAL-SKIN-HINT:34512 
09-23 16:54:53.986 I/pixel-thermal( 2330): VIRTUAL-SKIN-CPU-LIGHT-ODPM:34.512 raw data: VIRTUAL-SKIN:34512 VIRTUAL-SKIN-CPU-LIGHT-ODPM:34512 
09-23 16:54:53.987 I/pixel-thermal( 2330): VIRTUAL-SKIN-CPU-MID:34.512 raw data: VIRTUAL-SKIN:34512 VIRTUAL-SKIN-CPU-MID:34512 
09-23 16:54:53.987 I/pixel-thermal( 2330): VIRTUAL-SKIN-CPU-HIGH:34.512 raw data: VIRTUAL-SKIN:34512 VIRTUAL-SKIN-CPU-HIGH:34512 
09-23 16:54:53.987 I/pixel-thermal( 2330): VIRTUAL-SKIN-SOC:34.512 raw data: VIRTUAL-SKIN:34512 VIRTUAL-SKIN-SOC:34512 
09-23 16:54:53.987 I/pixel-thermal( 2330): VIRTUAL-SKIN-GPU:34.512 raw data: VIRTUAL-SKIN:34512 VIRTUAL-SKIN-GPU:34512 
09-23 16:54:53.987 I/pixel-thermal( 2330): VIRTUAL-SKIN-SPEAKER:30.972 raw data: VIRTUAL-SKIN-SPEAKER:30972 VIRTUAL-SKIN-SPEAKER-SUB-0:29879.3 VIRTUAL-SKIN-SPEAKER-SUB-1:30887.7 VIRTUAL-SKIN-SPEAKER-SUB-2:30972 battery:34200 cam_therm:34132 charge_therm:38250 disp_therm:34466 neutral_therm:35400 north_therm:33241 quiet_therm:35356 soc_therm:39118 usb_pwr_therm:35000 
09-23 16:54:53.988 I/pixel-thermal( 2330): VIRTUAL-SKIN-CHARGE-WIRED:34.346 raw data: NO_WLC:1 VIRTUAL-SKIN-CHARGE:34346 VIRTUAL-SKIN-CHARGE-SUB-0:34221.8 VIRTUAL-SKIN-CHARGE-SUB-1:32962.4 VIRTUAL-SKIN-CHARGE-SUB-2:32953.5 VIRTUAL-SKIN-CHARGE-SUB-3:34346 VIRTUAL-SKIN-CHARGE-WIRED:34346 WLC_CHECK:1 battery:34200 cam_therm:34132 charge_therm:38250 disp_therm:34466 neutral_therm:35400 north_therm:33241 quiet_therm:35356 soc_therm:39118 thb_hda:0 usb_pwr_therm:35000 
09-23 16:54:53.988 I/pixel-thermal( 2330): VIRTUAL-SKIN-CHARGE-WIRED power_budget=3998.65 err=3.65398 s_power=2527 time_elapsed_ms=7005 p=434.824 i=1302 d=-0 dt_per_min=nan compensation=0 budget transient=0 control target=2 excluded power budget=265.173 (PARTIAL_SYSTEM_POWER: 2209.78 mW, cdev_weight: 0.120000)
09-23 16:54:53.988 I/pixel-thermal( 2330): VIRTUAL-SKIN:34.512 raw data: VIRTUAL-SKIN:34512 
09-23 16:54:53.988 I/pixel-thermal( 2330): quiet_therm:35.356 raw data: quiet_therm:35356 
09-23 16:54:53.988 I/pixel-thermal( 2330): VIRTUAL-SKIN-CHARGE-PERSIST:34.346 raw data: VIRTUAL-SKIN-CHARGE:34346 VIRTUAL-SKIN-CHARGE-PERSIST:34346 
09-23 16:54:53.988 I/pixel-thermal( 2330): VIRTUAL-SKIN-CHARGE-PERSIST power_budget=4719.24 err=6.65398 s_power=2383 time_elapsed_ms=7005 p=1417.3 i=1383 d=-0 dt_per_min=nan compensation=0 budget transient=0 control target=2 excluded power budget=464.054 (PARTIAL_SYSTEM_POWER: 2209.78 mW, cdev_weight: 0.210000)
09-23 16:54:54.098 I/fghg    (12246): (REDACTED) HDM. appOpsListener %s %s
09-23 16:54:54.099 I/fghg    (12246): (REDACTED) HDM. Ignoring irrelevant audio permission changes for package %s
09-23 16:54:54.247 E/ldisplayservice( 3337): Invalid resource ID 0x00000000.
09-23 16:54:54.763 W/AppOps  ( 1948): Noting op not finished: uid 10147 pkg com.google.android.gms code 79 startTime of in progress event=1790142079993
09-23 16:54:54.767 I/AHS_PassiveTrackingMana(31664): (REDACTED) passiveDataUpdate: %s
09-23 16:54:54.767 I/AHS_PassiveTrackingMana(31664): (REDACTED) passiveDataUpdate: %s
09-23 16:54:54.774 I/pixel-thermal( 2330): disp_therm:34.466 raw data: disp_therm:34466 
09-23 16:54:54.774 I/pixel-thermal( 2330): north_therm:33.241 raw data: north_therm:33241 
09-23 16:54:54.774 I/pixel-thermal( 2330): cam_therm:34.132 raw data: cam_therm:34132 
09-23 16:54:54.959 I/bthal.activity( 1461): bt_power: LeAdvStat: 16:54:53:958 - 16:54:54:958, duration: 1000, le_adv_count: 1, total_le_adv_count: 113061, total_event_count: 1
09-23 16:54:55.158 I/SHANNON_IMS( 3290): 8574 [PROX] Received onSignalStrengthsChanged [CellSignalStrengthLte: rssi=-79 rsrp=-98 rsrq=-11 rssnr=26 cqiTableIndex=1 cqi=14 ta=4 level=3 parametersUseForLevel=0] [SLID:0 APM:false] (ImsConnectivityProxyListener$ImsPhoneStateListener%onSignalStrengthsChanged:413)
09-23 16:54:55.414 E/ldisplayservice( 3337): Invalid resource ID 0x00000000.
09-23 16:54:55.523 I/WifiHAL ( 1519): Creating message to get link statistics; iface = 48
09-23 16:54:55.601 I/WifiHAL ( 1519): Getting cached scan results, iface handle = 0xb400007cee0138d0
09-23 16:54:55.601 E/WifiHAL ( 1519): Creating message to get cached scan results
09-23 16:54:55.610 I/WifiHAL ( 1519): In GetCachedScanResultsCommand::handleResponse
09-23 16:54:55.655 I/WifiHAL ( 1519): CreateRequest mType = GET_FEATURE
09-23 16:54:56.120 I/suez-nanoapp-clients( 1490): Barometric peak detected: magnitude = 0.166016 hPa (bucket: 4), duration = 160.000000 ms (bucket: 14).
09-23 16:54:56.121 I/CHRE    ( 1475): @ 2955600.876: [ip] Peak detected: magnitude = 0.166016 hpa, duration = 160.000000 ms
09-23 16:54:56.307 I/AiAiAdaptiveAudio(14091): Calibrating due to accelerometer.
09-23 16:54:56.308 I/AiAiAdaptiveAudio(14091): (REDACTED) Not skipping calibration: %s, %s
09-23 16:54:56.309 I/AiAiAdaptiveAudio(14091): Starting silence-detection
09-23 16:54:56.311 I/AiAiAdaptiveAudio(14091): (REDACTED) Updating calibration state: %s -> %s
09-23 16:54:56.328 I/ASvc::Effect( 1458): command (0xb400007c9a468620): Visualizer Effect receive command START
09-23 16:54:56.328 I/EHal::OffloadEffect( 1458): Start (Visualizer Effect): start
09-23 16:54:56.328 I/ASvc::Effect( 1458): command (0xb400007c9a468620): Visualizer Effect current state = PROCESSING
09-23 16:54:56.328 I/AiAiAdaptiveAudio(14091): audio effect enabled
09-23 16:54:56.328 I/EHal::OffloadEffect( 1458): SetVolumeStereo (Dynamics Processing Effect): volume VolumeStereo{left: 1.000000, right: 1.000000}
09-23 16:54:56.387 I/bthal.activity( 1461): bt_power: LeAdvStat: 16:54:55:387 - 16:54:56:387, duration: 1000, le_adv_count: 1, total_le_adv_count: 113062, total_event_count: 1
09-23 16:54:56.414 I/AiAiAdaptiveAudio(14091): (REDACTED) Starting calibration, EQ: %s
09-23 16:54:56.420 I/AiAiAdaptiveAudio(14091): (REDACTED) Start recording from audio source %d. Sampling Rate: %d
09-23 16:54:56.420 I/AiAiAdaptiveAudio(14091): Starting polling recorders.
09-23 16:54:56.420 I/AiAiAdaptiveAudio(14091): (REDACTED) Updating calibration state: %s -> %s
09-23 16:54:56.420 I/AiAiAdaptiveAudio(14091): startMonitoring
09-23 16:54:56.420 I/AiAiAdaptiveAudio(14091): already monitoring.
09-23 16:54:56.424 I/APM::Devices( 1521): setPreferredConfig, ignore, there is existing preferred configuration
09-23 16:54:56.428 I/AHal::PortRouteManager( 1458): UpdateOrAddPatch: add patch 12850, AudioPatch{id: 12850, source: [101001/101001: microphones], sink: [415393/1001: primary-capture], min frames: 960, latencies: [80]}
09-23 16:54:56.429 I/AHal::Router( 1458): InvalidateLocked: nothing change between graph #115599 and #115600
09-23 16:54:56.439 I/ASvc::StreamIn( 1458): setMicrophoneDirection (primary-capture) : direction = UNSPECIFIED
09-23 16:54:56.439 I/AHal::SpeechEnhancer( 1458): SetDirection: microphone direction = UNSPECIFIED
09-23 16:54:56.440 I/ASvc::StreamInSyncStates( 1458): cw-primary-capture: Command{start: Void{}} in StreamInStandbyState
09-23 16:54:56.440 I/ASvc::CommandWorker( 1458): StartStreamAndActivateRoute: try to start primary-capture, counter 5
09-23 16:54:56.441 I/AHal::Router( 1458): RequestActivateScopedLock: requesting scoped lock for 415393
09-23 16:54:56.441 I/AHal::Router( 1458): Activate: activate 415393
09-23 16:54:56.441 I/AHal::DspModeAdapter( 1458): OnEarlyNotifyRoutingGraphChange: Just return, it's the case from inactive to active.
09-23 16:54:56.441 I/ASvc::StreamIn( 1458): setMicrophoneFieldDimension (primary-capture) : zoom = 0
09-23 16:54:56.441 I/AHal::Router( 1458): InvalidateLocked: new graph #115601 Edges(2):
09-23 16:54:56.441 I/AHal::Router( 1458):   [direction: 0, use case: deep-buffer-playback, id: 0, use case extras: [aec: false, ns: false], use case attributes: [active track: true][sample_rate: 48000][channel layout: AudioChannelLayout{layoutMask: 3}][format: AudioFormatDescription{type: PCM, pcm: FLOAT_32_BIT, encoding: }], device: speaker, handle: 0xb400007b9a45e0b0, device extras: [source: SYS_RESERVED_INVALID, voice call: false, st aec: false, hac: false, sr: 48000, ch: AudioChannelLayout{layoutMask: 3}, f: AudioFormatDescription{type: PCM, pcm: FLOAT_32_BIT, encoding: }, hifi: 0], config id: [u: 400002, d:100001], priority: 0000]
09-23 16:54:56.441 I/AHal::Router( 1458):   [direction: 1, use case: primary-capture, id: 0, use case extras: [aec: false, ns: false], use case attributes: [active track: true][sample_rate: 48000][channel layout: AudioChannelLayout{layoutMask: 1}][format: AudioFormatDescription{type: PCM, pcm: INT_16_BIT, encoding: }], device: microphones, handle: 0xb400007d0a452a50, device extras: [source: VOICE_RECOGNITION, voice call: false, st aec: false, hac: false, sr: 48000, ch: AudioChannelLayout{layoutMask: 1}, f: AudioFormatDescription{type: PCM, pcm: INT_16_BIT, encoding: }, hifi: 0], config id: [u: 415393, d:101001], priority: 0003]
09-23 16:54:56.441 I/AHal::Router( 1458): InvalidateLocked: ============ apply graph #115601 [Wed Sep 23 16:54:56 2026] start ============
09-23 16:54:56.441 I/AHal::Router( 1458): LogTransferring: Transferring (1):
09-23 16:54:56.441 I/AHal::Router( 1458): LogTransferring:   (null) => microphones -> primary-capture-0
09-23 16:54:56.441 I/AHal::Router( 1458): Configure: config device microphones -> primary-capture-0
09-23 16:54:56.442 I/AHal::GsCapture( 1458): UpdateTuning: update mic dynamic info: MicrophoneDynamicInfo{id: builtin_mic_1, channelMapping: [DIRECT]} 
09-23 16:54:56.442 W/AHal::GsCapture( 1458): GetInputTuningId: spatial capture is not enabled
09-23 16:54:56.442 I/AHal::AocDspModeAdapter( 1458): AddRoutes: Active Route:{{use case = deep-buffer-playback, device = speaker, source = SYS_RESERVED_INVALID, channel_count = 2}},{{use case = primary-capture, device = microphones, source = VOICE_RECOGNITION, channel_count = 1}},
09-23 16:54:56.442 I/AHal::VoiceCall( 1458): Update: set echo reference on speaker for deep-buffer-playback
09-23 16:54:56.443 I/AHal::AudioRoutePathController( 1458): ApplyPath: microphones (VOICE_RECOGNITION): true
09-23 16:54:56.444 I/AHal::AudioRoutePathController( 1458): ApplyPath: microphones -> primary-capture-0: true
09-23 16:54:56.444 I/AHal::DeviceInterface( 1458): Connect: connect microphones -> primary-capture-0
09-23 16:54:56.444 I/AHal::Router( 1458): InvalidateLocked: ============ apply graph #115601 end ============
09-23 16:54:56.445 I/ASvc::PeriodicWorker( 1458): SetLinkedConfigIds: update linked configs [101001]
09-23 16:54:56.447 I/AHal::Stream( 1458): Start: start stream primary-capture
09-23 16:54:56.494 I/AHal::Stream( 1458): Start: stream primary-capture started with latency 47 ms.
09-23 16:54:56.494 I/AHal::Router( 1458): ReleaseActivatingConfigId: releasing scoped lock for 415393
09-23 16:54:56.494 I/ASvc::StreamInSyncStates( 1458): cw-primary-capture: Command{burst: 1920} in StreamInIdleState
09-23 16:54:56.495 E/AOC     ( 1710): F1:ERR: audio_capture_pdm.cc, 1787: PDM timestamps more than 3 samples out of sync
09-23 16:54:56.495 E/AOC     ( 1710): F1:ERR: audio_capture_pdm.cc, 1788: pdm_superset_mask_ = 0x7
09-23 16:54:56.495 E/AOC     ( 1710): F1:ERR: audio_capture_pdm.cc, 1789: min_timestamp = 0x157b17c5, max_timestamp = 0x157b17cd
09-23 16:54:56.755 W/ActivityManager( 1948): Stopping service due to app idle: u0a279 -1m19s983ms com.whatsapp/.messageservice.messaging.MessageService
09-23 16:54:56.951 I/AiAiAdaptiveAudio(14091): (REDACTED) Mic avg: %s
09-23 16:54:56.951 I/AiAiAdaptiveAudio(14091): Pb avg: %s
09-23 16:54:56.951 I/AiAiAdaptiveAudio(14091): EQ: %s
09-23 16:54:57.383 I/pixel-thermal( 2330): VIRTUAL-SKIN:34.6204 raw data: VIRTUAL-SKIN:34620.4 VIRTUAL-SKIN-SUB-0:34389.7 VIRTUAL-SKIN-SUB-1:32101.5 VIRTUAL-SKIN-SUB-10:33687.7 VIRTUAL-SKIN-SUB-2:32411.2 VIRTUAL-SKIN-SUB-3:32908.2 VIRTUAL-SKIN-SUB-4:33109 VIRTUAL-SKIN-SUB-5:33802.4 VIRTUAL-SKIN-SUB-6:31964.8 VIRTUAL-SKIN-SUB-7:33888.6 VIRTUAL-SKIN-SUB-8:34458 VIRTUAL-SKIN-SUB-9:34620.4 battery:34300 cam_therm:34198 charge_therm:38406 disp_therm:34466 neutral_therm:35467 north_therm:33397 quiet_therm:35645 soc_therm:39340 usb_pwr_therm:34755 
09-23 16:54:57.386 I/pixel-thermal( 2330): VIRTUAL-SKIN:34.6204 raw data: VIRTUAL-SKIN:34620.4 
09-23 16:54:57.387 I/TemperatureStateSource( 3206): temperature was set
09-23 16:54:57.598 W/TracingMuxer( 1709): type=1400 audit(0.0:634211): avc:  denied  { write } for  name="traced_producer" dev="tmpfs" ino=1541 scontext=u:r:gxp_logging:s0 tcontext=u:object_r:traced_producer_socket:s0 tclass=sock_file permissive=0
09-23 16:54:57.950 I/AiAiAdaptiveAudio(14091): (REDACTED) Mic avg: %s
09-23 16:54:57.950 I/AiAiAdaptiveAudio(14091): Pb avg: %s
09-23 16:54:57.950 I/AiAiAdaptiveAudio(14091): EQ: %s
09-23 16:54:58.045 I/AlarmManager(31664): setExactAndAllowWhileIdle [name: FcmRetry type: 2 triggerAtMillis: 2955711806]
09-23 16:54:58.056 I/AlarmManager(31664): setExactAndAllowWhileIdle [name: FcmRetry type: 2 triggerAtMillis: 2955711806]
09-23 16:54:58.057 I/fghg    (12246): (REDACTED) HDM. appOpsListener %s %s
09-23 16:54:58.058 I/fghg    (12246): (REDACTED) HDM. Ignoring irrelevant audio permission changes for package %s
09-23 16:54:58.067 I/CHRE    ( 1475): @ 2955602.821: [COLUMBUS_LITE] Blocked: stationary vs motion
09-23 16:54:58.075 W/ProcessStats( 1948): Tracking association SourceState{279aef system/1000 BFgs #5432721} whose proc state 4 is better than process ProcessState{340517b com.google.android.tts/10187 pkg=com.google.android.tts} proc state 14 (5 skipped)
09-23 16:54:58.082 I/AlarmManager(31664): setExactAndAllowWhileIdle [name: FcmRetry type: 2 triggerAtMillis: 2955711821]
09-23 16:54:58.112 W/JobScheduler( 1948): Job didn't exist in JobStore: 4dc5a90 {SyncManager} #1000/4147 @SyncManager@gmail-ls/com.google:android
09-23 16:54:58.139 I/RethinkDnsVpn(27710): preflow: returning uid: 10209 for src: (10.111.222.1, 61153), dst: (10.111.222.3, 53), isRethink? false
09-23 16:54:58.140 I/RethinkDnsVpn(27710): flow/inflow: returning mark: Mark{PIDCSV:Base,CID:7fba4c76fa5a0bcf,UID:10209,IP:,} for connId: 7fba4c76fa5a0bcf, uid: 10209, cm: null
09-23 16:54:58.141 I/ProxyLogs(27710): no proxy ids found for 10209, , 0, inbox.google.com; returning Preferred
09-23 16:54:58.143 I/ProxyLogs(27710): no proxy ids found for 10209, , 0, inbox.google.com; returning Base
09-23 16:54:58.143 I/RethinkDnsVpn(27710): TunDnsManager onQuery: for 10209, inbox.google.com, returning DNSOpts{UID:10209,IPCSV:,TIDCSV:CachePreferred:Base,TIDSECCSV:,NOBLOCK:false,}
09-23 16:54:58.150 I/RethinkDnsVpn(27710): preflow: returning uid: 10209 for src: (10.111.222.1, 39650), dst: (64.233.176.17, 443), isRethink? false
09-23 16:54:58.152 I/ProxyLogs(27710): no proxy ids found for 10209, 64.233.176.17, 443, inbox.google.com; returning Exit
09-23 16:54:58.152 I/RethinkDnsVpn(27710): flow/inflow: returning mark: Mark{PIDCSV:Exit,CID:b0232b87c7ccbac7,UID:10209,IP:,} for src(10.111.222.1: 39650), dest(64.233.176.17:443, inbox.google.com)
09-23 16:54:58.339 I/CHRE    ( 1475): @ 2955603.096: [ImuCal] [GYRO_RPS] (s0, c0) Offset | Temp [C] | Quality: -0.000494, 0.001272, -0.000420 | 35.62 | 4
09-23 16:54:58.339 I/CHRE    ( 1475): @ 2955603.096: [ImuCal] [GYRO_RPS] (s0) Temp Sensitivity: 0.000007, 0.000023, -0.000002
09-23 16:54:58.339 I/CHRE    ( 1475): @ 2955603.096: [ImuCal] [GYRO_RPS] (s0) Temp Intercept: -0.000709, 0.000462, -0.000254
09-23 16:54:58.357 I/Firestack(27710): proxy: Exit: dial(tcp)  => 64.233.176.17:443, ka? false, sz? -2 (neither net.TCPConn nor net.UDPConn); err? <nil>
09-23 16:54:58.360 I/Firestack(27710): tcp: b0232b87c7ccbac7 dialed Exit proxy(10.111.222.1:39650) 64.233.176.17:443 => 10.3.0.213:36094 (bind? false / bindaddr? invalid AddrPort) for 10209; rtt? 204ms
09-23 16:54:58.361 W/RethinkDnsVpn(27710): postFlow: no connection metadata found for mark: Mark{PIDCSV:Exit,CID:b0232b87c7ccbac7,UID:10209,IP:64.233.176.17,}
09-23 16:54:58.364 I/Firestack(27710): com: tcp: forward: new conn tcp:Exit::b0232b87c7ccbac7 rwext? true (*dialers.retrier), optset? false (0s); a(10.111.222.1:39650->64.233.176.17:443) => b(10.3.0.213:36094<-64.233.176.17:443) for 10209
09-23 16:54:58.365 I/Firestack(27710): spammy...retrier: wri 17 msgs; dropped? true
09-23 16:54:58.365 I/Firestack(27710): retrier: write: Exit: (first? true, sent? true) [10.3.0.213:36094=>64.233.176.17:443]; t: 3.300000s; b: 2278/2278 (tee: 2278); after: 379µs; write-err? <nil>
09-23 16:54:58.568 I/Firestack(27710): retrier: read: Exit: #0 + (mult? 1 / 0) [10.3.0.213:36094<=64.233.176.17:443]; rshortt: 3.300000s / rfullt: 106751d 23h 47m 16s; b: 4034/16384; err? <nil>
09-23 16:54:58.659 I/WifiHAL ( 1519): Creating message to get link statistics; iface = 48
09-23 16:54:58.698 I/WifiHAL ( 1519): Getting cached scan results, iface handle = 0xb400007cee0138d0
09-23 16:54:58.698 E/WifiHAL ( 1519): Creating message to get cached scan results
09-23 16:54:58.702 I/WifiHAL ( 1519): In GetCachedScanResultsCommand::handleResponse
09-23 16:54:58.723 I/WifiHAL ( 1519): CreateRequest mType = GET_FEATURE
09-23 16:54:58.815 I/AHal::Cs35l41Health( 1458): GetImpedances: speaker [0] impedance: 6.57284 Ohms
09-23 16:54:58.815 I/AHal::Cs35l41Health( 1458): GetImpedances: speaker [1] impedance: 7.02829 Ohms
09-23 16:54:58.815 I/AHal::Cs35l41Health( 1458): GetTemperatures: DSP1 Protection cd BDLOG_MAX_TEMP Max temp: 0x169534 ==> 90.3313 C
09-23 16:54:58.816 I/AHal::Cs35l41Health( 1458): GetTemperatures: R DSP1 Protection cd BDLOG_MAX_TEMP Max temp: 0x13e6f4 ==> 79.6086 C
09-23 16:54:58.816 I/AHal::Cs35l41Health( 1458): GetExcursions: DSP1 Protection cd BDLOG_MAX_EXC Max exc: 0x39999 ==> 0.449999 mm
09-23 16:54:58.816 I/AHal::Cs35l41Health( 1458): GetExcursions: R DSP1 Protection cd BDLOG_MAX_EXC Max exc: 0x3ffff ==> 0.499998 mm
09-23 16:54:58.817 I/AHal::Cs35l41Health( 1458): GetHeartBeats: DSP1 Protection 400a4 HALO_HEARTBEAT dsp heartbeat = 0x57c6b6
09-23 16:54:58.817 I/AHal::Cs35l41Health( 1458): GetHeartBeats: R DSP1 Protection 400a4 HALO_HEARTBEAT dsp heartbeat = 0x57c6b9
09-23 16:54:58.946 I/AiAiAdaptiveAudio(14091): (REDACTED) Mic avg: %s
09-23 16:54:58.946 I/AiAiAdaptiveAudio(14091): Pb avg: %s
09-23 16:54:58.946 I/AiAiAdaptiveAudio(14091): EQ: %s
09-23 16:54:59.681 W/bhij    (11835): Already started: bhij@a31bf56
09-23 16:54:59.717 W/bcer    (11835): Job(ItemListsService:stopItemList#0.544) Attempting to unregister unknown list: itemlist-ViewType(45)-15
09-23 16:54:59.945 I/AiAiAdaptiveAudio(14091): (REDACTED) Mic avg: %s
09-23 16:54:59.945 I/AiAiAdaptiveAudio(14091): Pb avg: %s
09-23 16:54:59.945 I/AiAiAdaptiveAudio(14091): EQ: %s
09-23 16:55:00.260 W/ParceledListSlice( 1948): Element #4 is 18496 bytes.
09-23 16:55:00.260 W/ParceledListSlice( 1948): Element #5 is 17492 bytes.
09-23 16:55:00.287 W/ParceledListSlice( 1948): Element #4 is 18496 bytes.
09-23 16:55:00.288 W/ParceledListSlice( 1948): Element #5 is 17492 bytes.
09-23 16:55:00.298 W/ParceledListSlice( 1948): Element #4 is 18496 bytes.
09-23 16:55:00.299 W/ParceledListSlice( 1948): Element #5 is 17492 bytes.
09-23 16:55:00.308 W/ParceledListSlice( 1948): Element #4 is 18496 bytes.
09-23 16:55:00.309 W/ParceledListSlice( 1948): Element #5 is 17492 bytes.
09-23 16:55:00.349 W/ParceledListSlice( 1948): Element #4 is 18496 bytes.
09-23 16:55:00.349 W/ParceledListSlice( 1948): Element #5 is 17492 bytes.
09-23 16:55:00.362 W/ParceledListSlice( 1948): Element #4 is 18496 bytes.
09-23 16:55:00.362 W/ParceledListSlice( 1948): Element #5 is 17492 bytes.
09-23 16:55:00.379 W/ParceledListSlice( 1948): Element #4 is 18496 bytes.
09-23 16:55:00.380 W/ParceledListSlice( 1948): Element #5 is 17492 bytes.
09-23 16:55:00.387 W/ParceledListSlice( 1948): Element #4 is 18496 bytes.
09-23 16:55:00.387 W/ParceledListSlice( 1948): Element #5 is 17492 bytes.
09-23 16:55:00.413 W/ParceledListSlice( 1948): Element #4 is 18496 bytes.
09-23 16:55:00.413 W/ParceledListSlice( 1948): Element #5 is 17492 bytes.
09-23 16:55:00.415 W/CCTFlatFileLogStore(31664): Excessive logging: 64 events, 100914 bytes from log source GMAIL_ANDROID last 488s
09-23 16:55:00.444 W/ParceledListSlice( 1948): Element #4 is 18496 bytes.
09-23 16:55:00.445 W/ParceledListSlice( 1948): Element #5 is 17492 bytes.
09-23 16:55:00.462 W/ParceledListSlice( 1948): Element #4 is 18496 bytes.
09-23 16:55:00.463 W/ParceledListSlice( 1948): Element #5 is 17492 bytes.
09-23 16:55:00.481 W/ParceledListSlice( 1948): Element #4 is 18496 bytes.
09-23 16:55:00.482 W/ParceledListSlice( 1948): Element #5 is 17492 bytes.
09-23 16:55:00.486 W/ParceledListSlice( 1948): Element #4 is 18496 bytes.
09-23 16:55:00.486 W/ParceledListSlice( 1948): Element #5 is 17492 bytes.
09-23 16:55:00.496 W/ParceledListSlice( 1948): Element #4 is 18496 bytes.
09-23 16:55:00.496 W/ParceledListSlice( 1948): Element #5 is 17492 bytes.
09-23 16:55:00.500 W/pvk     (11835): [Gmail] NotificationFactory: Posting notification for new thread as silent!
09-23 16:55:00.509 W/ParceledListSlice( 1948): Element #4 is 18496 bytes.
09-23 16:55:00.510 W/ParceledListSlice( 1948): Element #5 is 17492 bytes.
09-23 16:55:00.593 I/WifiHAL ( 1519): Creating message to get link statistics; iface = 48
09-23 16:55:00.608 W/pvk     (11835): [Gmail] MailSyncAdapterService: MailSyncAdapterService is destroyed! [CONTEXT android_log_tag="MailSyncAdapterService" ]
09-23 16:55:00.611 I/bthal.activitywatcher( 1461): getStateResidency: ActivityStat{0 : totalTimeMs 1420509183 totalEntryCount 1064905016915 lastEntryMs 2629254219}
09-23 16:55:00.611 I/bthal.activitywatcher( 1461): getStateResidency: ActivityStat{1 : totalTimeMs 600639847 totalEntryCount 83890377412 lastEntryMs 2629253690}
09-23 16:55:00.611 I/bthal.activitywatcher( 1461): getStateResidency: ActivityStat{2 : totalTimeMs 55556666 totalEntryCount 416629067636 lastEntryMs 2629254336}
09-23 16:55:00.611 I/bthal.activitywatcher( 1461): getStateResidency: ActivityStat{3 : totalTimeMs 176757889 totalEntryCount 648275933221 lastEntryMs 2629254339}
09-23 16:55:00.622 I/bthal.activitywatcher( 1461): send_hci_activities_vsc: Sent VSC <[4]{89, 253, 1, 1}>
09-23 16:55:00.622 W/android.hardware.power.stats-service.pixel( 1484): getStateResidency latency for Bluetooth exceeded time allowed: 11690us
09-23 16:55:00.623 I/bthal.activitywatcher( 1461): filter_hci_activities_vse: Filtered <[103]{14, 101, 1, 89, 253, 0, 1, 247, 243, 194, 2, 130, 64, 0, 0, 83, 19, 35, 0, 0, 0, 0, 0, 239, 19, 35, 0, 0, 0, 0, 0, 157, 34, 26, 0, 164, 24, 0, 0, 239, 19, 35, 0, 0, 0, 0, 0, 83, 19, 35, 0, 0, 0, 0, 0, 130, 180, 58, 1, 6, 0, 0, 0, 76, 19, 35, 0, 0, 0, 0, 0, 76, 19, 35, 0, 0, 0, 0, 0, 116, 63, 136, 1, 211, 6, 0, 0, 76, 19, 35, 0, 0, 0, 0, 0, 76, 19, 35, 0, 0, 0, 0, 0}>
09-23 16:55:00.623 I/bthal.flowcontrol( 1461): HciEventPreProcess: HCI Event 0xe Opcode 0xfd59 Length 103 handled by ControllerActivityWatcher
09-23 16:55:00.623 I/bthal.bqr( 1461): Batt_Per: 22, Avg_Cur_Pwr: 1 mA, BEr_Tx_Plv: 12 dBm, Le_Tx_Plv: 0 dBm, Idle_Tm: 18259 ms, Act_Tm: 6308 ms, BEr_Tx_Tm: 0 ms, BEr_Rx_Tm: 8 ms, Le_Tx_Tm: 0 ms, Le_Rx_Tm: 0 ms, total_Tm 18267 ms, Rx_1Ch_Tm 6 ms, Rx_2Ch_Tm 2 ms, Tx_iPA_1Ch_Tm 0 ms, Tx_iPA_2Ch_Tm 0 ms, Tx_ePA_1Ch_Tm 0 ms, Tx_ePA_2Ch_Tm 0 ms
09-23 16:55:00.623 I/bthal.bqr( 1461): update_bqr_energy_reportv6: Avg_Cur_Pwr: 1, BEr_Tx_Plv: 12 dBm, Le_Tx_Plv: 0
09-23 16:55:00.624 I/bthal.flowcontrol( 1461): HciEventPreProcess: HCI Event 0xff Opcode 0 Length 84 unhandled by debug_VendorEvent
09-23 16:55:00.624 W/btm_acl (10944): system/stack/acl/btm_acl.cc:1376 BTM_ReadRemoteVersion: Unable to find active acl
09-23 16:55:00.624 I/bluetooth(10944): system/btif/src/btif_bqr.cc:1064 bqr_delivery_event: len: 81, addr: ff:ff:ff:ff:ff:ff, lmp_ver: 0, manufacturer_id: 0, lmp_subver: 0
09-23 16:55:00.625 I/BluetoothQualityReportJni(10944): android/app/jni/com_android_bluetooth_BluetoothQualityReport.cpp:52 bqr_delivery_callback: 
09-23 16:55:00.625 I/BluetoothQualityReportNativeCallback(10944): BQR: {
09-23 16:55:00.625 I/BluetoothQualityReportNativeCallback(10944):   mAddr: FF:FF:FF:FF:FF:FF, mLmpVer: 0x00, mLmpSubVer: 0x0000, mManufacturerId: 0x0000, mName: , mBluetoothClass: 0,
09-23 16:55:00.625 I/BluetoothQualityReportNativeCallback(10944):   BqrCommon: {
09-23 16:55:00.625 I/BluetoothQualityReportNativeCallback(10944):     mQualityReportId: Energy Monitor(0x06), mPacketType: INVALID(0x00), mConnectionHandle: 0x0000, mConnectionRole: 0(0), mTxPowerLevel: 0, mRssi: 0, mSnr: 0, mUnusedAfhChannelCount: 0,
09-23 16:55:00.625 I/BluetoothQualityReportNativeCallback(10944):     mAfhSelectUnidealChannelCount: 0, mLsto: 0, mPiconetClock: 0x00000000, mRetransmissionCount: 0, mNoRxCount: 0, mNakCount: 0, mLastTxAckTimestamp: 0x00000000, mFlowOffCount: 0,
09-23 16:55:00.625 I/BluetoothQualityReportNativeCallback(10944):     mLastFlowOnTimestamp: 0x00000000, mOverflowCount: 0, mUnderflowCount: 0, mAddr: null, mCalFailedItemCount: 0,
09-23 16:55:00.625 I/BluetoothQualityReportNativeCallback(10944):     mTxTotalPackets: 0, mTxUnackPackets: 0, mTxFlushPackets: 0, mTxLastSubeventPackets: 0, mCrcErrorPackets: 0, mRxDupPackets: 0, mRxUnRecvPackets: 0, mCoexInfoMask: 0
09-23 16:55:00.625 I/BluetoothQualityReportNativeCallback(10944):   }
09-23 16:55:00.625 I/BluetoothQualityReportNativeCallback(10944):   BqrEnergyMonitor: {
09-23 16:55:00.625 I/BluetoothQualityReportNativeCallback(10944):     AvgCurrentConsume: 1, mIdleTotalTime: 18259, mIdleStateEnterCount: 142, mActiveTotalTime: 6308, mActiveStateEnterCount: 110,
09-23 16:55:00.625 I/BluetoothQualityReportNativeCallback(10944):     mBredrTxTotalTime: 0, mBredrTxStateEnterCount: 3, mBredrTxAvgPowerLevel: 12, mBredrRxTotalTime: 8, mBredrRxStateEnterCount: 97, mLeTxTotalTime: 0, mLeTxStateEnterCount: 0, mLeTxAvgPowerLevel: 0, mLeRxTotalTime: 0, mLeRxStateEnterCount: 41, mReportTotalTime: 18267, mRxActiveOneChainTime: 6, mRxActiveTwoChainTime: 2, mTxiPaActiveOneChainTime: 0, mTxiPaActiveTwoChainTime: 0, mTxePaActiveOneChainTime: 0, mTxePaActiveTwoChainTime: 0
09-23 16:55:00.625 I/BluetoothQualityReportNativeCallback(10944):   }
09-23 16:55:00.625 I/BluetoothQualityReportNativeCallback(10944): }
09-23 16:55:00.723 E/libbinder.IPCThreadState( 1519): binder thread pool (1 threads) starved for 130 ms
09-23 16:55:00.723 I/WifiHAL ( 1519): Getting cached scan results, iface handle = 0xb400007cee0138d0
09-23 16:55:00.723 E/WifiHAL ( 1519): Creating message to get cached scan results
09-23 16:55:00.732 I/WifiHAL ( 1519): In GetCachedScanResultsCommand::handleResponse
09-23 16:55:00.734 I/AS.AudioService( 1948): shouldNotificationSoundPlay false: muted stream:5 attr:AudioAttributes: usage=USAGE_NOTIFICATION content=CONTENT_TYPE_SONIFICATION flags=0x800(FLAG_MUTE_HAPTIC)  tags= bundle=null
09-23 16:55:00.748 I/AiAiEcho(14091): SmartspaceNotificationPredictor no parser can handle this notification or notification is invalid
09-23 16:55:00.748 I/SANotification4O( 4672): NotificationListener.onNotificationPosted-com.google.android.gm[0/0] : gig:-1515686614:CLASSIC_INBOX_ALL_MAIL
09-23 16:55:00.749 I/AiAiEcho(14091): SmartspaceNotificationPredictor no parser can handle this notification or notification is invalid
09-23 16:55:00.753 I/WearableDeviceFactory( 4672): getDeviceManager() deviceID = ##:##:##:##:0D:D9 mDeviceManagerList = {##:##:##:##:0D:D9=com.samsung.android.hostmanager.manager.GearDeviceManager@536dd8}
09-23 16:55:00.753 I/GearDeviceManager( 4672): getNotificationManager
09-23 16:55:00.753 I/WearableDeviceFactory( 4672): getDeviceManager() deviceID = ##:##:##:##:0D:D9 mDeviceManagerList = {##:##:##:##:0D:D9=com.samsung.android.hostmanager.manager.GearDeviceManager@536dd8}
09-23 16:55:00.753 I/GearDeviceManager( 4672): getNotificationManager
09-23 16:55:00.759 I/SANotification4O( 4672): PredefineAppUtil.convertToVirtualPackageName: com.google.android.gm
09-23 16:55:00.759 I/SANotification4O( 4672): PredefineAppUtil.convertToVirtualPackageName: com.google.android.gm virtualName return null
09-23 16:55:00.760 I/WearableDeviceFactory( 4672): getDeviceManager() deviceID = ##:##:##:##:0D:D9 mDeviceManagerList = {##:##:##:##:0D:D9=com.samsung.android.hostmanager.manager.GearDeviceManager@536dd8}
09-23 16:55:00.760 I/GearDeviceManager( 4672): getNotificationManager
09-23 16:55:00.762 I/SANotification4O( 4672): PredefineAppUtil.convertToVirtualPackageName: com.google.android.gm
09-23 16:55:00.763 I/SANotification4O( 4672): PredefineAppUtil.convertToVirtualPackageName: com.google.android.gm virtualName return null
09-23 16:55:00.767 W/System  (11835): A resource failed to call SQLiteConnectionPool.close. 
09-23 16:55:00.767 W/SQLiteConnectionPool(11835): A SQLiteConnection object for database '/data/user/0/com.google.android.gm/databases/peopleCache_00d3f4a7a768c288fe3077fa5e59863a7a6236fcc84fe5dc4e8b6ce7401c1ecc_11.db' was leaked!  Please fix your application to end transactions in progress properly and to close the database when it is no longer needed.
09-23 16:55:00.768 W/System  (11835): A resource failed to call SQLiteConnection.close. 
09-23 16:55:00.770 I/WearableDeviceFactory( 4672): getDeviceManager() deviceID = ##:##:##:##:0D:D9 mDeviceManagerList = {##:##:##:##:0D:D9=com.samsung.android.hostmanager.manager.GearDeviceManager@536dd8}
09-23 16:55:00.770 I/GearDeviceManager( 4672): getNotificationManager
09-23 16:55:00.770 I/WearableDeviceFactory( 4672): getDeviceManager() deviceID = ##:##:##:##:0D:D9 mDeviceManagerList = {##:##:##:##:0D:D9=com.samsung.android.hostmanager.manager.GearDeviceManager@536dd8}
09-23 16:55:00.770 I/GearDeviceManager( 4672): getNotificationManager
09-23 16:55:00.770 W/SQLiteConnectionPool(11835): A SQLiteConnection object for database '/data/user/0/com.google.android.gm/databases/peopleCache_00d3f4a7a768c288fe3077fa5e59863a7a6236fcc84fe5dc4e8b6ce7401c1ecc_11.db' was leaked!  Please fix your application to end transactions in progress properly and to close the database when it is no longer needed.
09-23 16:55:00.770 I/SANotification4O( 4672): NotiIncomingHandler.handleMessage() - MSG_NOTIFICATION_43_FORWARD
09-23 16:55:00.771 I/SANotification4O( 4672): NotificationListener.onNotificationPosted-com.google.android.gm[0/82394950] : gig:-1515686614:CLASSIC_INBOX_ALL_MAIL
09-23 16:55:00.770 W/System  (11835): A resource failed to call SQLiteConnection.close. 
09-23 16:55:00.771 I/HostManager( 4672): getAdvancedFeatures()
09-23 16:55:00.771 I/WearableDeviceFactory( 4672): getConnectedDeviceIdByType()::deviceType = Gear, size = 1
09-23 16:55:00.771 I/WearableDeviceFactory( 4672): getDeviceManagerByType()::deviceType = Gear, address = ##:##:##:##:0D:D9
09-23 16:55:00.771 I/IUHostManager( 4672): value mIUHostManager:  com.samsung.android.hostmanager.service.IUHostManager@3ff56c2
09-23 16:55:00.771 I/HMSAPSASocket( 4672): getConnectType()::mConnectType = 2
09-23 16:55:00.771 I/HMSAPSASocket( 4672): getConnectType()::mConnectType = 2
09-23 16:55:00.771 I/WearableDeviceFactory( 4672): getDeviceManager() deviceID = ##:##:##:##:0D:D9 mDeviceManagerList = {##:##:##:##:0D:D9=com.samsung.android.hostmanager.manager.GearDeviceManager@536dd8}
09-23 16:55:00.771 I/GearDeviceManager( 4672): getNotificationManager
09-23 16:55:00.771 I/WearableDeviceFactory( 4672): getDeviceManager() deviceID = ##:##:##:##:0D:D9 mDeviceManagerList = {##:##:##:##:0D:D9=com.samsung.android.hostmanager.manager.GearDeviceManager@536dd8}
09-23 16:55:00.771 I/GearDeviceManager( 4672): getNotificationManager
09-23 16:55:00.772 I/SANotification4O( 4672): PredefineAppUtil.convertToVirtualPackageName: com.google.android.gm
09-23 16:55:00.772 I/SANotification4O( 4672): PredefineAppUtil.convertToVirtualPackageName: com.google.android.gm virtualName return null
09-23 16:55:00.772 I/WearableDeviceFactory( 4672): getDeviceManager() deviceID = ##:##:##:##:0D:D9 mDeviceManagerList = {##:##:##:##:0D:D9=com.samsung.android.hostmanager.manager.GearDeviceManager@536dd8}
09-23 16:55:00.772 I/GearDeviceManager( 4672): getNotificationManager
09-23 16:55:00.772 I/WearableDeviceFactory( 4672): getDeviceManagerByType()::address = ##:##:##:##:0D:D9, isConnected = true
09-23 16:55:00.773 W/System  (11835): A resource failed to call SQLiteConnectionPool.close. 
09-23 16:55:00.773 W/SQLiteConnectionPool(11835): A SQLiteConnection object for database '/data/user/0/com.google.android.gm/databases/peopleCache_00d3f4a7a768c288fe3077fa5e59863a7a6236fcc84fe5dc4e8b6ce7401c1ecc_11.db' was leaked!  Please fix your application to end transactions in progress properly and to close the database when it is no longer needed.
09-23 16:55:00.774 I/SANotification4O( 4672): CommonUtil.[span][0] before : private content
09-23 16:55:00.774 I/SANotification4O( 4672): CommonUtil.[span][0] after : private content
09-23 16:55:00.774 W/System  (11835): A resource failed to call SQLiteConnection.close. 
09-23 16:55:00.775 W/SQLiteConnectionPool(11835): A SQLiteConnection object for database '/data/user/0/com.google.android.gm/databases/peopleCache_00d3f4a7a768c288fe3077fa5e59863a7a6236fcc84fe5dc4e8b6ce7401c1ecc_11.db' was leaked!  Please fix your application to end transactions in progress properly and to close the database when it is no longer needed.
09-23 16:55:00.775 W/System  (11835): A resource failed to call SQLiteConnection.close. 
09-23 16:55:00.776 I/SANotification4O( 4672): CommonUtil.[span][0] ret : private content
09-23 16:55:00.776 I/WearableDeviceFactory( 4672): getDeviceManager() deviceID = ##:##:##:##:0D:D9 mDeviceManagerList = {##:##:##:##:0D:D9=com.samsung.android.hostmanager.manager.GearDeviceManager@536dd8}
09-23 16:55:00.776 I/GearDeviceManager( 4672): getNotificationManager
09-23 16:55:00.776 I/WearableDeviceFactory( 4672): getDeviceManager() deviceID = ##:##:##:##:0D:D9 mDeviceManagerList = {##:##:##:##:0D:D9=com.samsung.android.hostmanager.manager.GearDeviceManager@536dd8}
09-23 16:55:00.776 I/GearDeviceManager( 4672): getNotificationManager
09-23 16:55:00.776 I/SANotification4O( 4672): CommonUtil.[span][1] before : private content
09-23 16:55:00.776 I/SANotification4O( 4672): CommonUtil.[span][1] after : private content
09-23 16:55:00.776 I/SANotification4O( 4672): CommonUtil.[span][2] before : private content
09-23 16:55:00.776 I/SANotification4O( 4672): CommonUtil.[span][2] after : private content
09-23 16:55:00.777 I/SANotification4O( 4672): CommonUtil.[span][3] before : private content
09-23 16:55:00.777 I/SANotification4O( 4672): CommonUtil.[span][3] after : private content
09-23 16:55:00.777 I/SANotification4O( 4672): CommonUtil.[span][4] before : private content
09-23 16:55:00.777 I/SANotification4O( 4672): CommonUtil.[span][4] after : private content
09-23 16:55:00.777 I/SANotification4O( 4672): NotiIncomingHandler.[span] setAddLine : private content
09-23 16:55:00.777 I/SANotification4O( 4672): NotiUtil.getSenderIconFromPerson() - unable to get android.messages
09-23 16:55:00.787 I/SANotification4O( 4672): NotiIncomingHandler.createNoti4Normal() - ExtraExtender is found : {"priority":0,"visibility":0,"style":"InboxStyle","version":1}
09-23 16:55:00.790 E/oid.gearoplugin( 4672): Invalid resource ID 0x00000000.
09-23 16:55:00.808 E/SANotification4O( 4672): java.lang.NoSuchMethodError: No static method isProductShip()I in class Landroid/os/Debug; or its super classes (declaration of 'android.os.Debug' appears in /system/framework/framework.jar!classes3.dex)
09-23 16:55:00.809 I/SANotification4O( 4672): NotiIncomingHandler.createNoti4Normal() - WearExtender action found
09-23 16:55:00.809 I/SANotification4O( 4672): NotiIncomingHandler.createNoti4Normal() - All imageUri list to bundle
09-23 16:55:00.809 E/SANotification4O( 4672): java.lang.NoSuchMethodError: No static method isProductShip()I in class Landroid/os/Debug; or its super classes (declaration of 'android.os.Debug' appears in /system/framework/framework.jar!classes3.dex)
09-23 16:55:00.809 I/SANotification4O( 4672): NotiIncomingHandler.handleMessage() - MSG_NOTIFICATION_43_FORWARD
09-23 16:55:00.811 E/SANotification4O( 4672): ParseAlgorithm.[e][ParseAlgorithm.java][parse][51] parse() - RemoteViews is null!
09-23 16:55:00.811 I/HostManager( 4672): getAdvancedFeatures()
09-23 16:55:00.811 I/WearableDeviceFactory( 4672): getConnectedDeviceIdByType()::deviceType = Gear, size = 1
09-23 16:55:00.811 I/WearableDeviceFactory( 4672): getDeviceManagerByType()::deviceType = Gear, address = ##:##:##:##:0D:D9
09-23 16:55:00.811 I/IUHostManager( 4672): value mIUHostManager:  com.samsung.android.hostmanager.service.IUHostManager@3ff56c2
09-23 16:55:00.811 I/HMSAPSASocket( 4672): getConnectType()::mConnectType = 2
09-23 16:55:00.811 I/HMSAPSASocket( 4672): getConnectType()::mConnectType = 2
09-23 16:55:00.812 E/SANotification4O( 4672): ParseAlgorithm.[e][ParseAlgorithm.java][parseForCustom][151] parseForCustom() - RemoteViews is null!
09-23 16:55:00.812 I/WearableDeviceFactory( 4672): getDeviceManagerByType()::address = ##:##:##:##:0D:D9, isConnected = true
09-23 16:55:00.813 I/NSHostManager( 4672): getConnectedWearableDeviceID()::mHostManager = com.samsung.android.hostmanager.service.HostManager@c333cd3
09-23 16:55:00.814 I/SANotification4O( 4672): NotiIncomingHandler.updateTextToNotificationUnit() - bigContent length : 3596
09-23 16:55:00.814 I/SANotification4O( 4672): NotiIncomingHandler.updateIconToNotificationUnit() - large_icon 96 / 96
09-23 16:55:00.816 I/NSHostManager( 4672): getConnectedWearableDeviceID():: added : ##:##:##:##:0D:D9
09-23 16:55:00.816 I/WearableDeviceFactory( 4672): getDeviceManager() deviceID = ##:##:##:##:0D:D9 mDeviceManagerList = {##:##:##:##:0D:D9=com.samsung.android.hostmanager.manager.GearDeviceManager@536dd8}
09-23 16:55:00.816 I/GearDeviceManager( 4672): getNotificationManager
09-23 16:55:00.816 I/WearableDeviceFactory( 4672): getDeviceManager() deviceID = ##:##:##:##:0D:D9 mDeviceManagerList = {##:##:##:##:0D:D9=com.samsung.android.hostmanager.manager.GearDeviceManager@536dd8}
09-23 16:55:00.816 I/GearDeviceManager( 4672): getNotificationManager
09-23 16:55:00.816 I/WearableDeviceFactory( 4672): getConnectedDeviceIdByType()::deviceType = Gear, size = 1
09-23 16:55:00.816 I/WearableDeviceFactory( 4672): getDeviceManagerByType()::deviceType = Gear, address = ##:##:##:##:0D:D9
09-23 16:55:00.816 I/IUHostManager( 4672): value mIUHostManager:  com.samsung.android.hostmanager.service.IUHostManager@3ff56c2
09-23 16:55:00.816 I/HMSAPSASocket( 4672): getConnectType()::mConnectType = 2
09-23 16:55:00.816 I/HMSAPSASocket( 4672): getConnectType()::mConnectType = 2
09-23 16:55:00.816 I/NearbyMediums(31664): Found Fast Ble Advertisements :
09-23 16:55:00.816 I/NearbyMediums(31664): BleAdvertisement { version=2, socketVersion=2, isFast=true, serviceIdHash=null, data=[ 0x23 0x51 0x5a 0x37 0x45 0x11 0x32 0x6f 0xd3 0x3d 0x93 0x8d 0xe4 0x24 0x58 0xb3 0xc7 0xe7 0xec 0xe9 0xe0 0x22 0x9a ], deviceToken=[ 0xe1 0xa7 ], rxAdvertisement=[ 0xa0 0x17 0x40 0x77 0xb6 0x4a 0xa2 0xf1 0xb8 0x5e 0x89 0xd0 0xfa 0x3b 0xb9 0x21 0xf4 0xe6 0x35 0x5a 0x51 0x3f 0x27 0x59 0xc1 0xcd 0x0d 0x49 0x08 0x20 0x37 0x65 0xbb 0x5c 0x84 0x15 0x05 0x7f 0x1f 0x00 0x84 0x15 0x06 0x60 0x1f 0x00 0x84 0x15 0x04 0x7f 0x1f 0x00 0x84 0x15 0x07 0x63 0x1f 0x00 0x83 0x15 0x01 0x16 0x71 ] } : 2 times.
09-23 16:55:00.816 I/NearbyMediums(31664): Total 2 fast advertisements from 1 unique advertisers.
09-23 16:55:00.817 I/NearbyMediums(31664): Current Tracked Scanning Clients are : {NearbyConnections.EnvironmentMonitor, NearbySharing}
09-23 16:55:00.819 I/SANotification4O( 4672): NotiIncomingHandler.createNoti4Normal() - ExtraExtender is found : {"priority":0,"visibility":0,"style":"BigTextStyle","version":1}
09-23 16:55:00.820 I/WearableDeviceFactory( 4672): getDeviceManagerByType()::address = ##:##:##:##:0D:D9, isConnected = true
09-23 16:55:00.820 I/WearableDeviceFactory( 4672): getDeviceManager() deviceID = ##:##:##:##:0D:D9 mDeviceManagerList = {##:##:##:##:0D:D9=com.samsung.android.hostmanager.manager.GearDeviceManager@536dd8}
09-23 16:55:00.820 I/GearDeviceManager( 4672): getNotificationManager
09-23 16:55:00.820 I/ICHostManager( 4672): ICHostManager, getInstance processId:4672
09-23 16:55:00.820 I/ICHostManager( 4672): ICHostManager getInstance threadId: 5487
09-23 16:55:00.820 I/ICHostManager( 4672): value mICHostManager:  com.samsung.android.hostmanager.service.ICHostManager@36e9d36
09-23 16:55:00.821 I/ICHostManager( 4672): ST::getAllWearableStatus()::DeviceManager list size = 1
09-23 16:55:00.821 I/ICHostManager( 4672): ST::getAllWearableStatus()::DeviceInfo added
09-23 16:55:00.821 I/PrefUtils( 4672): getPreferenceWithFilename prefFileName = bnr_wearableinfoforsamsungapps, key = CSC value=CAC
09-23 16:55:00.821 I/WearableDeviceFactory( 4672): getDeviceManager() deviceID = ##:##:##:##:0D:D9 mDeviceManagerList = {##:##:##:##:0D:D9=com.samsung.android.hostmanager.manager.GearDeviceManager@536dd8}
09-23 16:55:00.821 I/SetupManager( 4672): getSettingsSetup() - mDeviceSetup : com.samsung.android.hostmanager.setup.SetupManager$DeviceSetup@b7e1fc3
09-23 16:55:00.821 E/oid.gearoplugin( 4672): Invalid resource ID 0x00000000.
09-23 16:55:00.821 W/LocaleConfig( 4672): The resource file pointed to by the given resource ID isn't found.
09-23 16:55:00.831 I/SANotification4O( 4672): DBProvider.deleteCachedImageByIncrementalID: 236185 deleteCount : 0
09-23 16:55:00.831 I/SANotification4O( 4672): DBMemory.deleteNotificationByWindowId windowId =0|com.google.android.gm|0|gig:-1515686614:CLASSIC_INBOX_ALL_MAIL|10209  =deleteCount 1
09-23 16:55:00.842 W/LocaleConfig( 4672): The resource file pointed to by the given resource ID isn't found.
09-23 16:55:00.855 I/NSHostManager( 4672): getConnectedWearableDeviceID()::mHostManager = com.samsung.android.hostmanager.service.HostManager@c333cd3
09-23 16:55:00.856 I/NSHostManager( 4672): getConnectedWearableDeviceID():: added : ##:##:##:##:0D:D9
09-23 16:55:00.856 I/WearableDeviceFactory( 4672): getDeviceManager() deviceID = ##:##:##:##:0D:D9 mDeviceManagerList = {##:##:##:##:0D:D9=com.samsung.android.hostmanager.manager.GearDeviceManager@536dd8}
09-23 16:55:00.856 I/GearDeviceManager( 4672): getNotificationManager
09-23 16:55:00.857 I/SANotification4O( 4672): PredefineAppUtil.convertToVirtualPackageName: com.google.android.gm
09-23 16:55:00.857 I/SANotification4O( 4672): PredefineAppUtil.convertToVirtualPackageName: com.google.android.gm virtualName return null
09-23 16:55:00.865 W/LocaleConfig( 4672): The resource file pointed to by the given resource ID isn't found.
09-23 16:55:00.866 W/Resources( 4672): Drawable com.google.android.gm:drawable/ic_mark_read_wht_24dp has unresolved theme attributes! Consider using Resources.getDrawable(int, Theme) or Context.getDrawable(int).
09-23 16:55:00.866 W/Resources( 4672): java.lang.RuntimeException
09-23 16:55:00.866 W/Resources( 4672): 	at android.content.res.Resources.getDrawable(Resources.java:935)
09-23 16:55:00.866 W/Resources( 4672): 	at com.samsung.accessory.goproviders.sanotificationservice.util.ImageUtil.getPackageResource(ImageUtil.java:208)
09-23 16:55:00.866 W/Resources( 4672): 	at com.samsung.accessory.goproviders.sanotificationservice.others.WearableJsonBuilder.buildJson(WearableJsonBuilder.java:81)
09-23 16:55:00.866 W/Resources( 4672): 	at com.samsung.accessory.goproviders.sanotificationservice.others.WearableManager.makeProtocol(WearableManager.java:93)
09-23 16:55:00.866 W/Resources( 4672): 	at com.samsung.accessory.goproviders.sanotificationservice.eventhandler.NotificationIncomingHandler.createNoti4Normal(NotificationIncomingHandler.java:606)
09-23 16:55:00.866 W/Resources( 4672): 	at com.samsung.accessory.goproviders.sanotificationservice.eventhandler.NotificationIncomingHandler.createNotificationData(NotificationIncomingHandler.java:241)
09-23 16:55:00.866 W/Resources( 4672): 	at com.samsung.accessory.goproviders.sanotificationservice.eventhandler.NotificationIncomingHandler.handleMessage(NotificationIncomingHandler.java:78)
09-23 16:55:00.866 W/Resources( 4672): 	at android.os.Handler.dispatchMessageImpl(Handler.java:142)
09-23 16:55:00.866 W/Resources( 4672): 	at android.os.Handler.dispatchMessage(Handler.java:125)
09-23 16:55:00.866 W/Resources( 4672): 	at android.os.Looper.loopOnce(Looper.java:296)
09-23 16:55:00.866 W/Resources( 4672): 	at android.os.Looper.loop(Looper.java:397)
09-23 16:55:00.866 W/Resources( 4672): 	at android.os.HandlerThread.run(HandlerThread.java:139)
09-23 16:55:00.876 W/LocaleConfig( 4672): The resource file pointed to by the given resource ID isn't found.
09-23 16:55:00.887 W/TelephonyManager( 1948): requestModemActivityInfo: Received an invalid ModemActivityInfo
09-23 16:55:00.887 W/MobileRadioPowerStatsCollector( 1948): error reading modem stats:ERROR_INVALID_INFO_RECEIVED
09-23 16:55:00.894 E/SANotification4O( 4672): java.lang.NoSuchMethodError: No static method isProductShip()I in class Landroid/os/Debug; or its super classes (declaration of 'android.os.Debug' appears in /system/framework/framework.jar!classes3.dex)
09-23 16:55:00.895 I/SANotification4O( 4672): NotiIncomingHandler.createNoti4Normal() - WearExtender action found
09-23 16:55:00.895 W/LocaleConfig( 4672): The resource file pointed to by the given resource ID isn't found.
09-23 16:55:00.896 W/Resources( 4672): Drawable com.google.android.gm:drawable/ic_archive_wht_24dp has unresolved theme attributes! Consider using Resources.getDrawable(int, Theme) or Context.getDrawable(int).
09-23 16:55:00.896 W/Resources( 4672): java.lang.RuntimeException
09-23 16:55:00.896 W/Resources( 4672): 	at android.content.res.Resources.getDrawable(Resources.java:935)
09-23 16:55:00.896 W/Resources( 4672): 	at com.samsung.accessory.goproviders.sanotificationservice.util.ImageUtil.getPackageResource(ImageUtil.java:208)
09-23 16:55:00.896 W/Resources( 4672): 	at com.samsung.accessory.goproviders.sanotificationservice.eventhandler.NotificationIncomingHandler.addActionToNotificationUnit(NotificationIncomingHandler.java:567)
09-23 16:55:00.896 W/Resources( 4672): 	at com.samsung.accessory.goproviders.sanotificationservice.eventhandler.NotificationIncomingHandler.createNoti4Normal(NotificationIncomingHandler.java:615)
09-23 16:55:00.896 W/Resources( 4672): 	at com.samsung.accessory.goproviders.sanotificationservice.eventhandler.NotificationIncomingHandler.createNotificationData(NotificationIncomingHandler.java:241)
09-23 16:55:00.896 W/Resources( 4672): 	at com.samsung.accessory.goproviders.sanotificationservice.eventhandler.NotificationIncomingHandler.handleMessage(NotificationIncomingHandler.java:78)
09-23 16:55:00.896 W/Resources( 4672): 	at android.os.Handler.dispatchMessageImpl(Handler.java:142)
09-23 16:55:00.896 W/Resources( 4672): 	at android.os.Handler.dispatchMessage(Handler.java:125)
09-23 16:55:00.896 W/Resources( 4672): 	at android.os.Looper.loopOnce(Looper.java:296)
09-23 16:55:00.896 W/Resources( 4672): 	at android.os.Looper.loop(Looper.java:397)
09-23 16:55:00.896 W/Resources( 4672): 	at android.os.HandlerThread.run(HandlerThread.java:139)
09-23 16:55:00.897 W/LocaleConfig( 4672): The resource file pointed to by the given resource ID isn't found.
09-23 16:55:00.899 W/Resources( 4672): Drawable com.google.android.gm:drawable/ic_archive_wht_24dp has unresolved theme attributes! Consider using Resources.getDrawable(int, Theme) or Context.getDrawable(int).
09-23 16:55:00.899 W/Resources( 4672): java.lang.RuntimeException
09-23 16:55:00.899 W/Resources( 4672): 	at android.content.res.Resources.getDrawable(Resources.java:935)
09-23 16:55:00.899 W/Resources( 4672): 	at com.samsung.accessory.goproviders.sanotificationservice.util.ImageUtil.getPackageResource(ImageUtil.java:208)
09-23 16:55:00.899 W/Resources( 4672): 	at com.samsung.accessory.goproviders.sanotificationservice.eventhandler.NotificationIncomingHandler.addActionToNotificationUnit(NotificationIncomingHandler.java:568)
09-23 16:55:00.899 W/Resources( 4672): 	at com.samsung.accessory.goproviders.sanotificationservice.eventhandler.NotificationIncomingHandler.createNoti4Normal(NotificationIncomingHandler.java:615)
09-23 16:55:00.899 W/Resources( 4672): 	at com.samsung.accessory.goproviders.sanotificationservice.eventhandler.NotificationIncomingHandler.createNotificationData(NotificationIncomingHandler.java:241)
09-23 16:55:00.899 W/Resources( 4672): 	at com.samsung.accessory.goproviders.sanotificationservice.eventhandler.NotificationIncomingHandler.handleMessage(NotificationIncomingHandler.java:78)
09-23 16:55:00.899 W/Resources( 4672): 	at android.os.Handler.dispatchMessageImpl(Handler.java:142)
09-23 16:55:00.899 W/Resources( 4672): 	at android.os.Handler.dispatchMessage(Handler.java:125)
09-23 16:55:00.899 W/Resources( 4672): 	at android.os.Looper.loopOnce(Looper.java:296)
09-23 16:55:00.899 W/Resources( 4672): 	at android.os.Looper.loop(Looper.java:397)
09-23 16:55:00.899 W/Resources( 4672): 	at android.os.HandlerThread.run(HandlerThread.java:139)
09-23 16:55:00.907 I/SANotification4O( 4672): NotiIncomingHandler.addActionToNotificationUnit() - Panel action image uri added:content://com.samsung.accessory.goproviders.sanotificationservice.panel_notification/image/1642
09-23 16:55:00.907 I/SANotification4O( 4672): NotiIncomingHandler.addActionToNotificationUnit() - Added action.title = Archive
09-23 16:55:00.907 W/LocaleConfig( 4672): The resource file pointed to by the given resource ID isn't found.
09-23 16:55:00.908 W/Resources( 4672): Drawable com.google.android.gm:drawable/ic_mark_read_wht_24dp has unresolved theme attributes! Consider using Resources.getDrawable(int, Theme) or Context.getDrawable(int).
09-23 16:55:00.908 W/Resources( 4672): java.lang.RuntimeException
09-23 16:55:00.908 W/Resources( 4672): 	at android.content.res.Resources.getDrawable(Resources.java:935)
09-23 16:55:00.908 W/Resources( 4672): 	at com.samsung.accessory.goproviders.sanotificationservice.util.ImageUtil.getPackageResource(ImageUtil.java:208)
09-23 16:55:00.908 W/Resources( 4672): 	at com.samsung.accessory.goproviders.sanotificationservice.eventhandler.NotificationIncomingHandler.addActionToNotificationUnit(NotificationIncomingHandler.java:567)
09-23 16:55:00.908 W/Resources( 4672): 	at com.samsung.accessory.goproviders.sanotificationservice.eventhandler.NotificationIncomingHandler.createNoti4Normal(NotificationIncomingHandler.java:615)
09-23 16:55:00.908 W/Resources( 4672): 	at com.samsung.accessory.goproviders.sanotificationservice.eventhandler.NotificationIncomingHandler.createNotificationData(NotificationIncomingHandler.java:241)
09-23 16:55:00.908 W/Resources( 4672): 	at com.samsung.accessory.goproviders.sanotificationservice.eventhandler.NotificationIncomingHandler.handleMessage(NotificationIncomingHandler.java:78)
09-23 16:55:00.908 W/Resources( 4672): 	at android.os.Handler.dispatchMessageImpl(Handler.java:142)
09-23 16:55:00.908 W/Resources( 4672): 	at android.os.Handler.dispatchMessage(Handler.java:125)
09-23 16:55:00.908 W/Resources( 4672): 	at android.os.Looper.loopOnce(Looper.java:296)
09-23 16:55:00.908 W/Resources( 4672): 	at android.os.Looper.loop(Looper.java:397)
09-23 16:55:00.908 W/Resources( 4672): 	at android.os.HandlerThread.run(HandlerThread.java:139)
09-23 16:55:00.909 W/LocaleConfig( 4672): The resource file pointed to by the given resource ID isn't found.
09-23 16:55:00.910 W/Resources( 4672): Drawable com.google.android.gm:drawable/ic_mark_read_wht_24dp has unresolved theme attributes! Consider using Resources.getDrawable(int, Theme) or Context.getDrawable(int).
09-23 16:55:00.910 W/Resources( 4672): java.lang.RuntimeException
09-23 16:55:00.910 W/Resources( 4672): 	at android.content.res.Resources.getDrawable(Resources.java:935)
09-23 16:55:00.910 W/Resources( 4672): 	at com.samsung.accessory.goproviders.sanotificationservice.util.ImageUtil.getPackageResource(ImageUtil.java:208)
09-23 16:55:00.910 W/Resources( 4672): 	at com.samsung.accessory.goproviders.sanotificationservice.eventhandler.NotificationIncomingHandler.addActionToNotificationUnit(NotificationIncomingHandler.java:568)
09-23 16:55:00.910 W/Resources( 4672): 	at com.samsung.accessory.goproviders.sanotificationservice.eventhandler.NotificationIncomingHandler.createNoti4Normal(NotificationIncomingHandler.java:615)
09-23 16:55:00.910 W/Resources( 4672): 	at com.samsung.accessory.goproviders.sanotificationservice.eventhandler.NotificationIncomingHandler.createNotificationData(NotificationIncomingHandler.java:241)
09-23 16:55:00.910 W/Resources( 4672): 	at com.samsung.accessory.goproviders.sanotificationservice.eventhandler.NotificationIncomingHandler.handleMessage(NotificationIncomingHandler.java:78)
09-23 16:55:00.910 W/Resources( 4672): 	at android.os.Handler.dispatchMessageImpl(Handler.java:142)
09-23 16:55:00.910 W/Resources( 4672): 	at android.os.Handler.dispatchMessage(Handler.java:125)
09-23 16:55:00.910 W/Resources( 4672): 	at android.os.Looper.loopOnce(Looper.java:296)
09-23 16:55:00.910 W/Resources( 4672): 	at android.os.Looper.loop(Looper.java:397)
09-23 16:55:00.910 W/Resources( 4672): 	at android.os.HandlerThread.run(HandlerThread.java:139)
09-23 16:55:00.920 I/SANotification4O( 4672): NotiIncomingHandler.addActionToNotificationUnit() - Panel action image uri added:content://com.samsung.accessory.goproviders.sanotificationservice.panel_notification/image/1639
09-23 16:55:00.921 I/SANotification4O( 4672): NotiIncomingHandler.addActionToNotificationUnit() - Added action.title = Mark as read
09-23 16:55:00.921 W/LocaleConfig( 4672): The resource file pointed to by the given resource ID isn't found.
09-23 16:55:00.922 W/LocaleConfig( 4672): The resource file pointed to by the given resource ID isn't found.
09-23 16:55:00.931 I/SANotification4O( 4672): NotiIncomingHandler.addActionToNotificationUnit() - Panel action image uri added:content://com.samsung.accessory.goproviders.sanotificationservice.panel_notification/image/1643
09-23 16:55:00.931 I/SANotification4O( 4672): NotiIncomingHandler.addActionToNotificationUnit() - Added action.title = Reply
09-23 16:55:00.931 I/SANotification4O( 4672): NotiIncomingHandler.createNoti4Normal() - All imageUri list to bundle
09-23 16:55:00.932 E/SANotification4O( 4672): java.lang.NoSuchMethodError: No static method isProductShip()I in class Landroid/os/Debug; or its super classes (declaration of 'android.os.Debug' appears in /system/framework/framework.jar!classes3.dex)
09-23 16:55:00.933 E/SANotification4O( 4672): ParseAlgorithm.[e][ParseAlgorithm.java][parse][51] parse() - RemoteViews is null!
09-23 16:55:00.933 E/SANotification4O( 4672): ParseAlgorithm.[e][ParseAlgorithm.java][parseForCustom][151] parseForCustom() - RemoteViews is null!
09-23 16:55:00.933 I/NSHostManager( 4672): getConnectedWearableDeviceID()::mHostManager = com.samsung.android.hostmanager.service.HostManager@c333cd3
09-23 16:55:00.934 I/NSHostManager( 4672): getConnectedWearableDeviceID():: added : ##:##:##:##:0D:D9
09-23 16:55:00.934 I/WearableDeviceFactory( 4672): getDeviceManager() deviceID = ##:##:##:##:0D:D9 mDeviceManagerList = {##:##:##:##:0D:D9=com.samsung.android.hostmanager.manager.GearDeviceManager@536dd8}
09-23 16:55:00.934 I/GearDeviceManager( 4672): getNotificationManager
09-23 16:55:00.934 I/WearableDeviceFactory( 4672): getDeviceManager() deviceID = ##:##:##:##:0D:D9 mDeviceManagerList = {##:##:##:##:0D:D9=com.samsung.android.hostmanager.manager.GearDeviceManager@536dd8}
09-23 16:55:00.934 I/GearDeviceManager( 4672): getNotificationManager
09-23 16:55:00.934 I/WearableDeviceFactory( 4672): getConnectedDeviceIdByType()::deviceType = Gear, size = 1
09-23 16:55:00.934 I/WearableDeviceFactory( 4672): getDeviceManagerByType()::deviceType = Gear, address = ##:##:##:##:0D:D9
09-23 16:55:00.934 I/IUHostManager( 4672): value mIUHostManager:  com.samsung.android.hostmanager.service.IUHostManager@3ff56c2
09-23 16:55:00.935 I/HMSAPSASocket( 4672): getConnectType()::mConnectType = 2
09-23 16:55:00.935 I/HMSAPSASocket( 4672): getConnectType()::mConnectType = 2
09-23 16:55:00.935 I/WearableDeviceFactory( 4672): getDeviceManagerByType()::address = ##:##:##:##:0D:D9, isConnected = true
09-23 16:55:00.935 I/WearableDeviceFactory( 4672): getDeviceManager() deviceID = ##:##:##:##:0D:D9 mDeviceManagerList = {##:##:##:##:0D:D9=com.samsung.android.hostmanager.manager.GearDeviceManager@536dd8}
09-23 16:55:00.935 I/GearDeviceManager( 4672): getNotificationManager
09-23 16:55:00.935 I/ICHostManager( 4672): ICHostManager, getInstance processId:4672
09-23 16:55:00.935 I/ICHostManager( 4672): ICHostManager getInstance threadId: 5487
09-23 16:55:00.935 I/ICHostManager( 4672): value mICHostManager:  com.samsung.android.hostmanager.service.ICHostManager@36e9d36
09-23 16:55:00.935 I/ICHostManager( 4672): ST::getAllWearableStatus()::DeviceManager list size = 1
09-23 16:55:00.935 I/ICHostManager( 4672): ST::getAllWearableStatus()::DeviceInfo added
09-23 16:55:00.935 I/PrefUtils( 4672): getPreferenceWithFilename prefFileName = bnr_wearableinfoforsamsungapps, key = CSC value=CAC
09-23 16:55:00.935 I/WearableDeviceFactory( 4672): getDeviceManager() deviceID = ##:##:##:##:0D:D9 mDeviceManagerList = {##:##:##:##:0D:D9=com.samsung.android.hostmanager.manager.GearDeviceManager@536dd8}
09-23 16:55:00.935 I/SetupManager( 4672): getSettingsSetup() - mDeviceSetup : com.samsung.android.hostmanager.setup.SetupManager$DeviceSetup@b7e1fc3
09-23 16:55:00.936 I/SANotification4O( 4672): DBMemory.deleteNotificationByWindowId windowId =0|com.google.android.gm|82394950|gig:-1515686614:CLASSIC_INBOX_ALL_MAIL|10209  =deleteCount 0
09-23 16:55:00.943 I/AiAiAdaptiveAudio(14091): (REDACTED) Mic avg: %s
09-23 16:55:00.943 I/AiAiAdaptiveAudio(14091): Pb avg: %s
09-23 16:55:00.943 I/AiAiAdaptiveAudio(14091): EQ: %s
09-23 16:55:00.948 W/LocaleConfig( 3031): The resource file pointed to by the given resource ID isn't found.
09-23 16:55:00.951 I/NSHostManager( 4672): getConnectedWearableDeviceID()::mHostManager = com.samsung.android.hostmanager.service.HostManager@c333cd3
09-23 16:55:00.952 I/NSHostManager( 4672): getConnectedWearableDeviceID():: added : ##:##:##:##:0D:D9
09-23 16:55:00.952 I/WearableDeviceFactory( 4672): getDeviceManager() deviceID = ##:##:##:##:0D:D9 mDeviceManagerList = {##:##:##:##:0D:D9=com.samsung.android.hostmanager.manager.GearDeviceManager@536dd8}
09-23 16:55:00.952 I/GearDeviceManager( 4672): getNotificationManager
09-23 16:55:00.953 I/SANotification4O( 4672): PredefineAppUtil.convertToVirtualPackageName: com.google.android.gm
09-23 16:55:00.953 I/SANotification4O( 4672): PredefineAppUtil.convertToVirtualPackageName: com.google.android.gm virtualName return null
09-23 16:55:00.955 W/LocaleConfig( 3031): The resource file pointed to by the given resource ID isn't found.
09-23 16:55:00.959 W/LocaleConfig( 3031): The resource file pointed to by the given resource ID isn't found.
09-23 16:55:00.970 W/LocaleConfig( 3031): The resource file pointed to by the given resource ID isn't found.
09-23 16:55:01.001 I/pixel-thermal( 2330): cellular-emergency:34.6204 raw data: VIRTUAL-SKIN:34620.4 VIRTUAL-SKIN-SUB-0:34389.7 VIRTUAL-SKIN-SUB-1:32101.5 VIRTUAL-SKIN-SUB-10:33687.7 VIRTUAL-SKIN-SUB-2:32411.2 VIRTUAL-SKIN-SUB-3:32908.2 VIRTUAL-SKIN-SUB-4:33109 VIRTUAL-SKIN-SUB-5:33802.4 VIRTUAL-SKIN-SUB-6:31964.8 VIRTUAL-SKIN-SUB-7:33888.6 VIRTUAL-SKIN-SUB-8:34458 VIRTUAL-SKIN-SUB-9:34620.4 battery:34300 cam_therm:34198 cellular-emergency:34620.4 charge_therm:38406 disp_therm:34466 neutral_therm:35467 north_therm:33397 quiet_therm:35645 soc_therm:39340 usb_pwr_therm:34755 
09-23 16:55:01.001 I/pixel-thermal( 2330): VIRTUAL-SKIN-HINT:34.6204 raw data: VIRTUAL-SKIN:34620.4 VIRTUAL-SKIN-HINT:34620.4 
09-23 16:55:01.001 I/pixel-thermal( 2330): VIRTUAL-SKIN-CPU-LIGHT-ODPM:34.6204 raw data: VIRTUAL-SKIN:34620.4 VIRTUAL-SKIN-CPU-LIGHT-ODPM:34620.4 
09-23 16:55:01.001 I/pixel-thermal( 2330): VIRTUAL-SKIN-CPU-MID:34.6204 raw data: VIRTUAL-SKIN:34620.4 VIRTUAL-SKIN-CPU-MID:34620.4 
09-23 16:55:01.001 I/pixel-thermal( 2330): VIRTUAL-SKIN-CPU-HIGH:34.6204 raw data: VIRTUAL-SKIN:34620.4 VIRTUAL-SKIN-CPU-HIGH:34620.4 
09-23 16:55:01.001 I/pixel-thermal( 2330): VIRTUAL-SKIN-SOC:34.6204 raw data: VIRTUAL-SKIN:34620.4 VIRTUAL-SKIN-SOC:34620.4 
09-23 16:55:01.002 I/pixel-thermal( 2330): VIRTUAL-SKIN-GPU:34.6204 raw data: VIRTUAL-SKIN:34620.4 VIRTUAL-SKIN-GPU:34620.4 
09-23 16:55:01.002 I/pixel-thermal( 2330): VIRTUAL-SKIN-SPEAKER:31.041 raw data: VIRTUAL-SKIN-SPEAKER:31041 VIRTUAL-SKIN-SPEAKER-SUB-0:30166.2 VIRTUAL-SKIN-SPEAKER-SUB-1:30842.3 VIRTUAL-SKIN-SPEAKER-SUB-2:31041 battery:34300 cam_therm:34198 charge_therm:38406 disp_therm:34466 neutral_therm:35467 north_therm:33397 quiet_therm:35645 soc_therm:39340 usb_pwr_therm:34755 
09-23 16:55:01.002 I/pixel-thermal( 2330): VIRTUAL-SKIN-CHARGE-WIRED:34.458 raw data: NO_WLC:1 VIRTUAL-SKIN-CHARGE:34458 VIRTUAL-SKIN-CHARGE-SUB-0:34375.8 VIRTUAL-SKIN-CHARGE-SUB-1:32978.4 VIRTUAL-SKIN-CHARGE-SUB-2:33068.3 VIRTUAL-SKIN-CHARGE-SUB-3:34458 VIRTUAL-SKIN-CHARGE-WIRED:34458 WLC_CHECK:1 battery:34300 cam_therm:34198 charge_therm:38406 disp_therm:34466 neutral_therm:35467 north_therm:33397 quiet_therm:35645 soc_therm:39340 thb_hda:0 usb_pwr_therm:34755 
09-23 16:55:01.002 I/pixel-thermal( 2330): VIRTUAL-SKIN-CHARGE-WIRED power_budget=3982.03 err=3.54197 s_power=2527 time_elapsed_ms=7015 p=421.494 i=1302 d=-0 dt_per_min=nan compensation=0 budget transient=0 control target=2 excluded power budget=268.461 (PARTIAL_SYSTEM_POWER: 2237.18 mW, cdev_weight: 0.120000)
09-23 16:55:01.002 I/pixel-thermal( 2330): VIRTUAL-SKIN:34.6204 raw data: VIRTUAL-SKIN:34620.4 
09-23 16:55:01.002 I/pixel-thermal( 2330): quiet_therm:35.645 raw data: quiet_therm:35645 
09-23 16:55:01.002 I/pixel-thermal( 2330): VIRTUAL-SKIN-CHARGE-PERSIST:34.458 raw data: VIRTUAL-SKIN-CHARGE:34458 VIRTUAL-SKIN-CHARGE-PERSIST:34458 
09-23 16:55:01.002 I/pixel-thermal( 2330): VIRTUAL-SKIN-CHARGE-PERSIST power_budget=4689.63 err=6.54197 s_power=2383 time_elapsed_ms=7015 p=1393.44 i=1383 d=-0 dt_per_min=nan compensation=0 budget transient=0 control target=2 excluded power budget=469.807 (PARTIAL_SYSTEM_POWER: 2237.18 mW, cdev_weight: 0.210000)
09-23 16:55:01.002 I/AiAiEcho(14091): (REDACTED) Predicting[%d]: %s
09-23 16:55:01.003 I/AiAiEcho(14091): (REDACTED) EchoTargets: %s
09-23 16:55:01.003 I/AiAiEcho(14091): Filtered by AiAi flag check: %s
09-23 16:55:01.003 I/AiAiEcho(14091): (REDACTED) #weatherSubItemsTwiddler: Weather removes SubtitleSupplementalItem in surface: %s
09-23 16:55:01.003 I/AiAiEcho(14091): #remoteViewsTwiddler: feature disabled.
09-23 16:55:01.004 I/AiAiEcho(14091): (REDACTED) Predicting[%d]: %s
09-23 16:55:01.004 I/AiAiEcho(14091): (REDACTED) EchoTargets: %s
09-23 16:55:01.004 I/AiAiEcho(14091): Filtered by AiAi flag check: %s
09-23 16:55:01.004 I/AiAiEcho(14091): #remoteViewsTwiddler: feature disabled.
09-23 16:55:01.004 I/AiAiEcho(14091): (REDACTED) Predicting[%d]: %s
09-23 16:55:01.005 I/AiAiEcho(14091): (REDACTED) EchoTargets: %s
09-23 16:55:01.005 I/AiAiEcho(14091): Filtered by AiAi flag check: %s
09-23 16:55:01.005 I/AiAiEcho(14091): (REDACTED) #weatherSubItemsTwiddler: Weather removes SubtitleSupplementalItem in surface: %s
09-23 16:55:01.005 I/AiAiEcho(14091): #remoteViewsTwiddler: feature disabled.
09-23 16:55:01.007 I/AiAiEcho(14091): (REDACTED) #postPredictionTargets: Sending updates to UISurface %s with targets# %s (types=[%s])
09-23 16:55:01.007 I/AiAiEcho(14091): (REDACTED) #postPredictionTargets: Sending updates to UISurface %s with targets# %s (types=[%s])
09-23 16:55:01.008 I/AmbientCueRepository( 3031): Receiving SmartSpace targets # 0
09-23 16:55:01.009 I/WeatherSmartspaceView( 3031): setFormattedContentDescription: text=20°C, iconDescription=Mostly clear day, contentDescription=Mostly clear day, 20°C
09-23 16:55:01.009 I/WeatherSmartspaceView( 3031): setFormattedContentDescription: text=20°C, iconDescription=Mostly clear day, contentDescription=Mostly clear day, 20°C
09-23 16:55:01.009 I/WeatherData( 3031): Weather data parsed MOSTLY_SUNNY ("Mostly clear day") 20°C from Bundle[{description=Mostly clear day, feedback_intent=null, explanation_intent=Supplier{VAL_PARCELABLE@160+1920}, is_gaia_linked_data=true, use_celsius=true, state=3, temperature=20}]
09-23 16:55:01.009 I/AiAiEcho(14091): (REDACTED) #postPredictionTargets: Sending updates to UISurface %s with targets# %s (types=[%s])
09-23 16:55:01.017 W/NotifRow( 3031): cancelAppearDrawing childKey: 0|com.google.android.gm|82394950|gig:-1515686614:CLASSIC_INBOX_ALL_MAIL|10209 wasDrawing:false
09-23 16:55:01.229 W/bhij    (11835): Already started: bhij@a31bf56
09-23 16:55:01.238 I/AdaptiveHaptics( 3206): Request params from server: typesMask=2, deadlineElapsedRealtimeMilli=50
09-23 16:55:01.291 W/bcer    (11835): Job(ItemListsService:stopItemList#0.592) Attempting to unregister unknown list: itemlist-ViewType(45)-16
09-23 16:55:01.328 W/pvk     (11835): [Gmail] MailSyncAdapterService: MailSyncAdapterService is destroyed! [CONTEXT android_log_tag="MailSyncAdapterService" ]
09-23 16:55:01.581 I/CHRE    ( 1475): @ 2955606.332: [COLUMBUS_LITE] Unblocked: stationary vs motion
09-23 16:55:01.726 I/WifiHAL ( 1519): Creating message to get link statistics; iface = 48
09-23 16:55:01.780 I/CHRE    ( 1475): @ 2955606.537: [COLUMBUS_LITE] AppManager: Timeout waiting for data, resetting, latency: 3823952963
09-23 16:55:01.789 I/WifiHAL ( 1519): Getting cached scan results, iface handle = 0xb400007cee0138d0
09-23 16:55:01.789 E/WifiHAL ( 1519): Creating message to get cached scan results
09-23 16:55:01.793 I/pixel-thermal( 2330): disp_therm:34.466 raw data: disp_therm:34466 
09-23 16:55:01.793 I/pixel-thermal( 2330): north_therm:33.397 raw data: north_therm:33397 
09-23 16:55:01.793 I/pixel-thermal( 2330): cam_therm:34.198 raw data: cam_therm:34198 
09-23 16:55:01.797 I/WifiHAL ( 1519): In GetCachedScanResultsCommand::handleResponse
09-23 16:55:01.839 I/WifiHAL ( 1519): CreateRequest mType = GET_FEATURE
09-23 16:55:01.948 I/AiAiAdaptiveAudio(14091): (REDACTED) Mic avg: %s
09-23 16:55:01.948 I/AiAiAdaptiveAudio(14091): Pb avg: %s
09-23 16:55:01.948 I/AiAiAdaptiveAudio(14091): EQ: %s
09-23 16:55:01.969 I/bthal.activity( 1461): bt_power: LeAdvStat: 16:55:00:966 - 16:55:01:968, duration: 1002, le_adv_count: 1, total_le_adv_count: 113063, total_event_count: 0
09-23 16:55:02.183 I/pixel-thermal( 2330): soc_therm:39.34 raw data: soc_therm:39340 
09-23 16:55:02.353 I/fghg    (12246): (REDACTED) HDM. appOpsListener %s %s
09-23 16:55:02.353 I/fghg    (12246): (REDACTED) HDM. Ignoring irrelevant audio permission changes for package %s
09-23 16:55:02.952 I/AiAiAdaptiveAudio(14091): (REDACTED) Mic avg: %s
09-23 16:55:02.952 I/AiAiAdaptiveAudio(14091): Pb avg: %s
09-23 16:55:02.952 I/AiAiAdaptiveAudio(14091): EQ: %s
09-23 16:55:03.396 I/bthal.activity( 1461): bt_power: LeAdvStat: 16:55:02:396 - 16:55:03:396, duration: 1000, le_adv_count: 1, total_le_adv_count: 113064, total_event_count: 1
09-23 16:55:03.945 I/AiAiAdaptiveAudio(14091): (REDACTED) Mic avg: %s
09-23 16:55:03.945 I/AiAiAdaptiveAudio(14091): Pb avg: %s
09-23 16:55:03.945 I/AiAiAdaptiveAudio(14091): EQ: %s
09-23 16:55:04.076 I/RethinkDnsVpn(27710): preflow: returning uid: 2000 for src: (10.111.222.1, 56370), dst: (10.111.222.3, 53), isRethink? false
09-23 16:55:04.078 I/RethinkDnsVpn(27710): flow/inflow: returning mark: Mark{PIDCSV:Base,CID:e4f2511694f86290,UID:2000,IP:,} for connId: e4f2511694f86290, uid: 2000, cm: null
09-23 16:55:04.080 I/ProxyLogs(27710): no proxy ids found for 2000, , 0, r4---sn-hxa7zn7s.googlevideo.com; returning Preferred
09-23 16:55:04.080 I/ProxyLogs(27710): no proxy ids found for 2000, , 0, r4---sn-hxa7zn7s.googlevideo.com; returning Base
09-23 16:55:04.080 I/RethinkDnsVpn(27710): TunDnsManager onQuery: for 2000, r4---sn-hxa7zn7s.googlevideo.com, returning DNSOpts{UID:2000,IPCSV:,TIDCSV:CachePreferred:Base,TIDSECCSV:,NOBLOCK:false,}
09-23 16:55:04.849 I/WifiHAL ( 1519): Creating message to get link statistics; iface = 48
09-23 16:55:04.929 I/WifiHAL ( 1519): Getting cached scan results, iface handle = 0xb400007cee0138d0
09-23 16:55:04.929 E/WifiHAL ( 1519): Creating message to get cached scan results
09-23 16:55:04.937 I/WifiHAL ( 1519): In GetCachedScanResultsCommand::handleResponse
09-23 16:55:04.960 I/AiAiAdaptiveAudio(14091): (REDACTED) Mic avg: %s
09-23 16:55:04.960 I/AiAiAdaptiveAudio(14091): Pb avg: %s
09-23 16:55:04.960 I/AiAiAdaptiveAudio(14091): EQ: %s
09-23 16:55:04.975 I/WifiHAL ( 1519): CreateRequest mType = GET_FEATURE
09-23 16:55:05.149 W/HWUI    (17675): Warning: Reusing an immutable bitmap as an image decoder target.
09-23 16:55:05.952 I/AiAiAdaptiveAudio(14091): (REDACTED) Mic avg: %s
09-23 16:55:05.952 I/AiAiAdaptiveAudio(14091): Pb avg: %s
09-23 16:55:05.952 I/AiAiAdaptiveAudio(14091): EQ: %s
09-23 16:55:06.421 I/AiAiAdaptiveAudio(14091): (REDACTED) Stopping calibration from cancelation task. Convergence: %.3f
09-23 16:55:06.421 I/AiAiAdaptiveAudio(14091): (REDACTED) Stopping calibration, EQ: %s
09-23 16:55:06.450 I/ASvc::Effect( 1458): command (0xb400007c9a468620): Visualizer Effect receive command STOP
09-23 16:55:06.450 I/EHal::OffloadEffect( 1458): Stop (Visualizer Effect): stop
09-23 16:55:06.450 I/ASvc::Effect( 1458): command (0xb400007c9a468620): Visualizer Effect current state = IDLE
09-23 16:55:06.457 I/AiAiAdaptiveAudio(14091): Stopping polling recorders.
09-23 16:55:06.458 I/AiAiAdaptiveAudio(14091): (REDACTED) Updating calibration state: %s -> %s
09-23 16:55:06.458 I/AiAiAdaptiveAudio(14091): RecorderController is stopped, stopping recorder
09-23 16:55:06.477 I/ASvc::StreamInSyncStates( 1458): cw-primary-capture: Command{flush: Void{}} in StreamInPausedState
09-23 16:55:06.477 I/AHal::Stream( 1458): Stop: stop stream primary-capture
09-23 16:55:06.477 I/AHal::TinyalsaDriverOperations( 1458): Stop: pcm_close card_index 0 device 8
09-23 16:55:06.487 I/EffectHalAidl( 1521): Visualizer skipping process because it's IDLE
09-23 16:55:06.489 I/ASvc::Effect( 1458): command (0xb400007c9a468620): Visualizer Effect receive command RESET
09-23 16:55:06.489 I/EHal::OffloadEffect( 1458): Stop (Visualizer Effect): stop
09-23 16:55:06.489 W/ASvc::Effect( 1458): Stop: no start time, skip end time
09-23 16:55:06.489 I/ASvc::Effect( 1458): command (0xb400007c9a468620): Visualizer Effect current state = IDLE
09-23 16:55:06.489 I/EHal::OffloadEffect( 1458): SetVolumeStereo (Dynamics Processing Effect): volume VolumeStereo{left: 1.000000, right: 1.000000}
09-23 16:55:06.521 I/AHal::Router( 1458): Deactivate: deactivate 415393
09-23 16:55:06.521 I/AHal::DspModeAdapter( 1458): OnEarlyNotifyRoutingGraphChange: Just return, it's the case from inactive to active.
09-23 16:55:06.521 I/AHal::Router( 1458): InvalidateLocked: new graph #115602 Edges(1):
09-23 16:55:06.521 I/AHal::Router( 1458):   [direction: 0, use case: deep-buffer-playback, id: 0, use case extras: [aec: false, ns: false], use case attributes: [active track: true][sample_rate: 48000][channel layout: AudioChannelLayout{layoutMask: 3}][format: AudioFormatDescription{type: PCM, pcm: FLOAT_32_BIT, encoding: }], device: speaker, handle: 0xb400007b9a45e0b0, device extras: [source: SYS_RESERVED_INVALID, voice call: false, st aec: false, hac: false, sr: 48000, ch: AudioChannelLayout{layoutMask: 3}, f: AudioFormatDescription{type: PCM, pcm: FLOAT_32_BIT, encoding: }, hifi: 0], config id: [u: 400002, d:100001], priority: 0000]
09-23 16:55:06.521 I/AHal::Router( 1458): InvalidateLocked: ============ apply graph #115602 [Wed Sep 23 16:55:06 2026] start ============
09-23 16:55:06.521 I/AHal::DeviceInterface( 1458): Disconnect: disconnect microphones -> primary-capture-0
09-23 16:55:06.522 I/AHal::AudioRoutePathController( 1458): ResetPath: microphones -> primary-capture-0: true
09-23 16:55:06.522 I/AHal::AudioRoutePathController( 1458): ResetPath: microphones (VOICE_RECOGNITION): true
09-23 16:55:06.522 I/AHal::Router( 1458): LogTransferring: Transferring (1):
09-23 16:55:06.522 I/AHal::Router( 1458): LogTransferring:   microphones -> primary-capture-0 => (null)
09-23 16:55:06.522 I/AHal::VoiceCall( 1458): Update: set echo reference on speaker for deep-buffer-playback
09-23 16:55:06.522 I/AHal::Router( 1458): InvalidateLocked: ============ apply graph #115602 end ============
09-23 16:55:06.523 I/AHal::AocDspModeAdapter( 1458): RemoveRoutes: remove Route:{{use case = primary-capture, device = microphones, source = VOICE_RECOGNITION, channel_count = 1}}, current active route: {{use case = deep-buffer-playback, device = speaker, source = SYS_RESERVED_INVALID, channel_count = 2}},
09-23 16:55:06.523 I/ASvc::PeriodicWorker( 1458): SetLinkedConfigIds: update linked configs []
09-23 16:55:06.527 I/ASvc::Module( 1458): resetAudioPatch: patch id = 12850
09-23 16:55:06.528 I/AHal::Router( 1458): InvalidateLocked: nothing change between graph #115602 and #115603
09-23 16:55:06.651 I/CHRE    ( 1475): @ 2955611.407: [COLUMBUS_LITE] Blocked: stationary vs motion
09-23 16:55:06.848 I/android.youtube(17675): NativeAlloc concurrent mark compact GC freed 25MB AllocSpace bytes, 287(16MB) LOS objects, 79% free, 105MB/512MB, paused 527us,3.973ms total 186.794ms
09-23 16:55:06.869 W/System  (17675): A resource failed to call destroy. 
09-23 16:55:06.869 W/System  (17675): A resource failed to call destroy. 
09-23 16:55:06.871 W/System  (17675): A resource failed to call destroy. 
09-23 16:55:06.871 W/System  (17675): A resource failed to call destroy. 
09-23 16:55:06.872 W/System  (17675): A resource failed to call destroy. 
09-23 16:55:06.872 W/System  (17675): A resource failed to call destroy. 
09-23 16:55:07.400 I/pixel-thermal( 2330): VIRTUAL-SKIN:34.6953 raw data: VIRTUAL-SKIN:34695.3 VIRTUAL-SKIN-SUB-0:34405.9 VIRTUAL-SKIN-SUB-1:32081.9 VIRTUAL-SKIN-SUB-10:33752.2 VIRTUAL-SKIN-SUB-2:32359.8 VIRTUAL-SKIN-SUB-3:32953.9 VIRTUAL-SKIN-SUB-4:33043.6 VIRTUAL-SKIN-SUB-5:33875.6 VIRTUAL-SKIN-SUB-6:31884.2 VIRTUAL-SKIN-SUB-7:33903.7 VIRTUAL-SKIN-SUB-8:34469.7 VIRTUAL-SKIN-SUB-9:34695.3 battery:34300 cam_therm:34176 charge_therm:38472 disp_therm:34510 neutral_therm:35601 north_therm:33308 quiet_therm:35378 soc_therm:39608 usb_pwr_therm:34555 
09-23 16:55:07.979 I/WifiHAL ( 1519): Creating message to get link statistics; iface = 48
09-23 16:55:08.024 I/pixel-thermal( 2330): cellular-emergency:34.6953 raw data: VIRTUAL-SKIN:34695.3 cellular-emergency:34695.3 
09-23 16:55:08.024 I/pixel-thermal( 2330): VIRTUAL-SKIN-HINT:34.6953 raw data: VIRTUAL-SKIN:34695.3 VIRTUAL-SKIN-HINT:34695.3 
09-23 16:55:08.025 I/pixel-thermal( 2330): VIRTUAL-SKIN-CPU-LIGHT-ODPM:34.6953 raw data: VIRTUAL-SKIN:34695.3 VIRTUAL-SKIN-CPU-LIGHT-ODPM:34695.3 
09-23 16:55:08.025 I/pixel-thermal( 2330): VIRTUAL-SKIN-CPU-MID:34.6953 raw data: VIRTUAL-SKIN:34695.3 VIRTUAL-SKIN-CPU-MID:34695.3 
09-23 16:55:08.025 I/pixel-thermal( 2330): VIRTUAL-SKIN-CPU-HIGH:34.6953 raw data: VIRTUAL-SKIN:34695.3 VIRTUAL-SKIN-CPU-HIGH:34695.3 
09-23 16:55:08.025 I/pixel-thermal( 2330): VIRTUAL-SKIN-SOC:34.6953 raw data: VIRTUAL-SKIN:34695.3 VIRTUAL-SKIN-SOC:34695.3 
09-23 16:55:08.025 I/pixel-thermal( 2330): VIRTUAL-SKIN-GPU:34.6953 raw data: VIRTUAL-SKIN:34695.3 VIRTUAL-SKIN-GPU:34695.3 
09-23 16:55:08.025 I/pixel-thermal( 2330): VIRTUAL-SKIN-SPEAKER:30.9952 raw data: VIRTUAL-SKIN-SPEAKER:30995.2 VIRTUAL-SKIN-SPEAKER-SUB-0:29938.1 VIRTUAL-SKIN-SPEAKER-SUB-1:30764.8 VIRTUAL-SKIN-SPEAKER-SUB-2:30995.2 battery:34300 cam_therm:34176 charge_therm:38472 disp_therm:34510 neutral_therm:35601 north_therm:33308 quiet_therm:35378 soc_therm:39608 usb_pwr_therm:34555 
09-23 16:55:08.025 I/pixel-thermal( 2330): VIRTUAL-SKIN-CHARGE-WIRED:34.4697 raw data: NO_WLC:1 VIRTUAL-SKIN-CHARGE:34469.7 VIRTUAL-SKIN-CHARGE-SUB-0:34374.9 VIRTUAL-SKIN-CHARGE-SUB-1:32991.4 VIRTUAL-SKIN-CHARGE-SUB-2:33098.5 VIRTUAL-SKIN-CHARGE-SUB-3:34469.7 VIRTUAL-SKIN-CHARGE-WIRED:34469.7 WLC_CHECK:1 battery:34300 cam_therm:34176 charge_therm:38472 disp_therm:34510 neutral_therm:35601 north_therm:33308 quiet_therm:35378 soc_therm:39608 thb_hda:0 usb_pwr_therm:34555 
09-23 16:55:08.025 I/pixel-thermal( 2330): VIRTUAL-SKIN-CHARGE-WIRED power_budget=3970.98 err=3.5303 s_power=2527 time_elapsed_ms=7017 p=420.106 i=1302 d=-0 dt_per_min=nan compensation=0 budget transient=0 control target=2 excluded power budget=278.127 (PARTIAL_SYSTEM_POWER: 2317.73 mW, cdev_weight: 0.120000)
09-23 16:55:08.026 I/pixel-thermal( 2330): VIRTUAL-SKIN:34.6953 raw data: VIRTUAL-SKIN:34695.3 
09-23 16:55:08.026 I/pixel-thermal( 2330): quiet_therm:35.378 raw data: quiet_therm:35378 
09-23 16:55:08.026 I/pixel-thermal( 2330): VIRTUAL-SKIN-CHARGE-PERSIST:34.4697 raw data: VIRTUAL-SKIN-CHARGE:34469.7 VIRTUAL-SKIN-CHARGE-PERSIST:34469.7 
09-23 16:55:08.026 I/pixel-thermal( 2330): VIRTUAL-SKIN-CHARGE-PERSIST power_budget=4670.23 err=6.5303 s_power=2383 time_elapsed_ms=7017 p=1390.95 i=1383 d=-0 dt_per_min=nan compensation=0 budget transient=0 control target=2 excluded power budget=486.723 (PARTIAL_SYSTEM_POWER: 2317.73 mW, cdev_weight: 0.210000)
09-23 16:55:08.059 I/WifiHAL ( 1519): Getting cached scan results, iface handle = 0xb400007cee0138d0
09-23 16:55:08.059 E/WifiHAL ( 1519): Creating message to get cached scan results
09-23 16:55:08.067 I/WifiHAL ( 1519): In GetCachedScanResultsCommand::handleResponse
09-23 16:55:08.110 I/WifiHAL ( 1519): CreateRequest mType = GET_FEATURE
09-23 16:55:08.206 I/RethinkDnsVpn(27710): preflow: returning uid: 2000 for src: (10.111.222.1, 44830), dst: (10.111.222.3, 53), isRethink? false
09-23 16:55:08.208 I/RethinkDnsVpn(27710): flow/inflow: returning mark: Mark{PIDCSV:Base,CID:4a63ad1aef6c4f2d,UID:2000,IP:,} for connId: 4a63ad1aef6c4f2d, uid: 2000, cm: null
09-23 16:55:08.210 I/ProxyLogs(27710): no proxy ids found for 2000, , 0, rr1---sn-a5mekn6k.googlevideo.com; returning Preferred
09-23 16:55:08.212 I/ProxyLogs(27710): no proxy ids found for 2000, , 0, rr1---sn-a5mekn6k.googlevideo.com; returning Base
09-23 16:55:08.213 I/RethinkDnsVpn(27710): TunDnsManager onQuery: for 2000, rr1---sn-a5mekn6k.googlevideo.com, returning DNSOpts{UID:2000,IPCSV:,TIDCSV:CachePreferred:Base,TIDSECCSV:,NOBLOCK:false,}
09-23 16:55:08.806 I/pixel-thermal( 2330): disp_therm:34.51 raw data: disp_therm:34510 
09-23 16:55:08.806 I/pixel-thermal( 2330): north_therm:33.308 raw data: north_therm:33308 
09-23 16:55:08.807 I/pixel-thermal( 2330): cam_therm:34.176 raw data: cam_therm:34176 
09-23 16:55:09.010 I/bthal.activity( 1461): bt_power: LeAdvStat: 16:55:08:010 - 16:55:09:010, duration: 1000, le_adv_count: 1, total_le_adv_count: 113065, total_event_count: 1
09-23 16:55:09.955 I/AHal::Cs35l41Health( 1458): GetImpedances: speaker [0] impedance: 6.585 Ohms
09-23 16:55:09.955 I/AHal::Cs35l41Health( 1458): GetImpedances: speaker [1] impedance: 7.03401 Ohms
09-23 16:55:09.955 I/AHal::Cs35l41Health( 1458): GetTemperatures: DSP1 Protection cd BDLOG_MAX_TEMP Max temp: 0x169534 ==> 90.3313 C
09-23 16:55:09.955 I/AHal::Cs35l41Health( 1458): GetTemperatures: R DSP1 Protection cd BDLOG_MAX_TEMP Max temp: 0x13e6f4 ==> 79.6086 C
09-23 16:55:09.956 I/AHal::Cs35l41Health( 1458): GetExcursions: DSP1 Protection cd BDLOG_MAX_EXC Max exc: 0x39999 ==> 0.449999 mm
09-23 16:55:09.956 I/AHal::Cs35l41Health( 1458): GetExcursions: R DSP1 Protection cd BDLOG_MAX_EXC Max exc: 0x3ffff ==> 0.499998 mm
09-23 16:55:09.956 I/AHal::Cs35l41Health( 1458): GetHeartBeats: DSP1 Protection 400a4 HALO_HEARTBEAT dsp heartbeat = 0x5807fb
09-23 16:55:09.956 I/AHal::Cs35l41Health( 1458): GetHeartBeats: R DSP1 Protection 400a4 HALO_HEARTBEAT dsp heartbeat = 0x5807fd
09-23 16:55:10.752 W/ProcessStats( 1948): Tracking association SourceState{279aef system/1000 BFgs #5432755} whose proc state 4 is better than process ProcessState{340517b com.google.android.tts/10187 pkg=com.google.android.tts} proc state 14 (5 skipped)
09-23 16:55:10.819 I/NearbyMediums(31664): Found Fast Ble Advertisements :
09-23 16:55:10.819 I/NearbyMediums(31664): BleAdvertisement { version=2, socketVersion=2, isFast=true, serviceIdHash=null, data=[ 0x23 0x51 0x5a 0x37 0x45 0x11 0x32 0x6f 0xd3 0x3d 0x93 0x8d 0xe4 0x24 0x58 0xb3 0xc7 0xe7 0xec 0xe9 0xe0 0x22 0x9a ], deviceToken=[ 0xe1 0xa7 ], rxAdvertisement=[ 0xa0 0x17 0x40 0x77 0xb6 0x4a 0xa2 0xf1 0xb8 0x5e 0x89 0xd0 0xfa 0x3b 0xb9 0x21 0xf4 0xe6 0x35 0x5a 0x51 0x3f 0x27 0x59 0xc1 0xcd 0x0d 0x49 0x08 0x20 0x37 0x65 0xbb 0x5c 0x84 0x15 0x05 0x7f 0x1f 0x00 0x84 0x15 0x06 0x60 0x1f 0x00 0x84 0x15 0x04 0x7f 0x1f 0x00 0x84 0x15 0x07 0x63 0x1f 0x00 0x83 0x15 0x01 0x16 0x71 ] } : 3 times.
09-23 16:55:10.819 I/NearbyMediums(31664): Total 3 fast advertisements from 1 unique advertisers.
09-23 16:55:10.819 I/NearbyMediums(31664): Current Tracked Scanning Clients are : {NearbyConnections.EnvironmentMonitor, NearbySharing}
09-23 16:55:11.115 I/WifiHAL ( 1519): Creating message to get link statistics; iface = 48
09-23 16:55:11.197 I/WifiHAL ( 1519): Getting cached scan results, iface handle = 0xb400007cee0138d0
09-23 16:55:11.197 E/WifiHAL ( 1519): Creating message to get cached scan results
09-23 16:55:11.205 I/WifiHAL ( 1519): In GetCachedScanResultsCommand::handleResponse
09-23 16:55:11.246 I/WifiHAL ( 1519): CreateRequest mType = GET_FEATURE
09-23 16:55:12.274 I/RethinkDnsVpn(27710): preflow: returning uid: 2000 for src: (10.111.222.1, 58292), dst: (10.111.222.3, 53), isRethink? false
09-23 16:55:12.278 I/RethinkDnsVpn(27710): flow/inflow: returning mark: Mark{PIDCSV:Base,CID:77da917519f7f528,UID:2000,IP:,} for connId: 77da917519f7f528, uid: 2000, cm: null
09-23 16:55:12.281 I/ProxyLogs(27710): no proxy ids found for 2000, , 0, www.youtube.com; returning Preferred
09-23 16:55:12.286 I/ProxyLogs(27710): no proxy ids found for 2000, , 0, www.youtube.com; returning Base
09-23 16:55:12.286 I/RethinkDnsVpn(27710): TunDnsManager onQuery: for 2000, www.youtube.com, returning DNSOpts{UID:2000,IPCSV:,TIDCSV:CachePreferred:Base,TIDSECCSV:,NOBLOCK:false,}
09-23 16:55:13.107 I/bthal.activity( 1461): bt_power: LeAdvStat: 16:55:12:107 - 16:55:13:107, duration: 1000, le_adv_count: 1, total_le_adv_count: 113066, total_event_count: 1
09-23 16:55:14.252 I/WifiHAL ( 1519): Creating message to get link statistics; iface = 48
09-23 16:55:14.300 I/WifiHAL ( 1519): Getting cached scan results, iface handle = 0xb400007cee0138d0
09-23 16:55:14.300 E/WifiHAL ( 1519): Creating message to get cached scan results
09-23 16:55:14.309 I/WifiHAL ( 1519): In GetCachedScanResultsCommand::handleResponse
09-23 16:55:14.348 I/WifiHAL ( 1519): CreateRequest mType = GET_FEATURE
09-23 16:55:14.554 I/bthal.activity( 1461): bt_power: LeAdvStat: 16:55:13:553 - 16:55:14:553, duration: 1000, le_adv_count: 1, total_le_adv_count: 113067, total_event_count: 1
09-23 16:55:15.034 I/pixel-thermal( 2330): cellular-emergency:34.6749 raw data: VIRTUAL-SKIN:34674.9 VIRTUAL-SKIN-SUB-0:34450.5 VIRTUAL-SKIN-SUB-1:32177.8 VIRTUAL-SKIN-SUB-10:33734.3 VIRTUAL-SKIN-SUB-2:32522.4 VIRTUAL-SKIN-SUB-3:32987.8 VIRTUAL-SKIN-SUB-4:33178 VIRTUAL-SKIN-SUB-5:33866.5 VIRTUAL-SKIN-SUB-6:32033.8 VIRTUAL-SKIN-SUB-7:33938.5 VIRTUAL-SKIN-SUB-8:34507.8 VIRTUAL-SKIN-SUB-9:34674.9 battery:34300 cam_therm:34198 cellular-emergency:34674.9 charge_therm:38495 disp_therm:34510 neutral_therm:35556 north_therm:33464 quiet_therm:35623 soc_therm:39496 usb_pwr_therm:35067 
09-23 16:55:15.034 I/pixel-thermal( 2330): VIRTUAL-SKIN-HINT:34.6749 raw data: VIRTUAL-SKIN:34674.9 VIRTUAL-SKIN-HINT:34674.9 
09-23 16:55:15.034 I/pixel-thermal( 2330): VIRTUAL-SKIN-CPU-LIGHT-ODPM:34.6749 raw data: VIRTUAL-SKIN:34674.9 VIRTUAL-SKIN-CPU-LIGHT-ODPM:34674.9 
09-23 16:55:15.034 I/pixel-thermal( 2330): VIRTUAL-SKIN-CPU-MID:34.6749 raw data: VIRTUAL-SKIN:34674.9 VIRTUAL-SKIN-CPU-MID:34674.9 
09-23 16:55:15.035 I/pixel-thermal( 2330): VIRTUAL-SKIN-CPU-HIGH:34.6749 raw data: VIRTUAL-SKIN:34674.9 VIRTUAL-SKIN-CPU-HIGH:34674.9 
09-23 16:55:15.035 I/pixel-thermal( 2330): VIRTUAL-SKIN-SOC:34.6749 raw data: VIRTUAL-SKIN:34674.9 VIRTUAL-SKIN-SOC:34674.9 
09-23 16:55:15.035 I/pixel-thermal( 2330): VIRTUAL-SKIN-GPU:34.6749 raw data: VIRTUAL-SKIN:34674.9 VIRTUAL-SKIN-GPU:34674.9 
09-23 16:55:15.035 I/pixel-thermal( 2330): VIRTUAL-SKIN-SPEAKER:31.0806 raw data: VIRTUAL-SKIN-SPEAKER:31080.6 VIRTUAL-SKIN-SPEAKER-SUB-0:30160.2 VIRTUAL-SKIN-SPEAKER-SUB-1:30952 VIRTUAL-SKIN-SPEAKER-SUB-2:31080.6 battery:34300 cam_therm:34198 charge_therm:38495 disp_therm:34510 neutral_therm:35556 north_therm:33464 quiet_therm:35623 soc_therm:39496 usb_pwr_therm:35067 
09-23 16:55:15.036 I/pixel-thermal( 2330): VIRTUAL-SKIN-CHARGE-WIRED:34.5078 raw data: NO_WLC:1 VIRTUAL-SKIN-CHARGE:34507.8 VIRTUAL-SKIN-CHARGE-SUB-0:34425.5 VIRTUAL-SKIN-CHARGE-SUB-1:33053 VIRTUAL-SKIN-CHARGE-SUB-2:33129 VIRTUAL-SKIN-CHARGE-SUB-3:34507.8 VIRTUAL-SKIN-CHARGE-WIRED:34507.8 WLC_CHECK:1 battery:34300 cam_therm:34198 charge_therm:38495 disp_therm:34510 neutral_therm:35556 north_therm:33464 quiet_therm:35623 soc_therm:39496 thb_hda:0 usb_pwr_therm:35067 
09-23 16:55:15.036 I/pixel-thermal( 2330): VIRTUAL-SKIN-CHARGE-WIRED power_budget=3960.66 err=3.49218 s_power=2527 time_elapsed_ms=7014 p=415.569 i=1302 d=-0 dt_per_min=nan compensation=0 budget transient=0 control target=2 excluded power budget=283.909 (PARTIAL_SYSTEM_POWER: 2365.91 mW, cdev_weight: 0.120000)
09-23 16:55:15.036 I/pixel-thermal( 2330): VIRTUAL-SKIN:34.6749 raw data: VIRTUAL-SKIN:34674.9 
09-23 16:55:15.036 I/pixel-thermal( 2330): quiet_therm:35.623 raw data: quiet_therm:35623 
09-23 16:55:15.036 I/pixel-thermal( 2330): VIRTUAL-SKIN-CHARGE-PERSIST:34.5078 raw data: VIRTUAL-SKIN-CHARGE:34507.8 VIRTUAL-SKIN-CHARGE-PERSIST:34507.8 
09-23 16:55:15.036 I/pixel-thermal( 2330): VIRTUAL-SKIN-CHARGE-PERSIST power_budget=4651.99 err=6.49218 s_power=2383 time_elapsed_ms=7014 p=1382.83 i=1383 d=-0 dt_per_min=nan compensation=0 budget transient=0 control target=2 excluded power budget=496.841 (PARTIAL_SYSTEM_POWER: 2365.91 mW, cdev_weight: 0.210000)
09-23 16:55:15.344 I/adbd    ( 1740): adbd service requested 'sync:'
09-23 16:55:15.825 I/pixel-thermal( 2330): disp_therm:34.51 raw data: disp_therm:34510 
09-23 16:55:15.825 I/pixel-thermal( 2330): north_therm:33.464 raw data: north_therm:33464 
09-23 16:55:15.825 I/pixel-thermal( 2330): cam_therm:34.198 raw data: cam_therm:34198 
09-23 16:55:16.005 I/bthal.activity( 1461): bt_power: LeAdvStat: 16:55:14:906 - 16:55:16:005, duration: 1098, le_adv_count: 2, total_le_adv_count: 113069, total_event_count: 0
09-23 16:55:17.333 I/bthal.activity( 1461): bt_power: LeAdvStat: 16:55:16:332 - 16:55:17:333, duration: 1000, le_adv_count: 1, total_le_adv_count: 113070, total_event_count: 1
09-23 16:55:17.352 I/WifiHAL ( 1519): Creating message to get link statistics; iface = 48
09-23 16:55:17.406 I/pixel-thermal( 2330): VIRTUAL-SKIN:34.6258 raw data: VIRTUAL-SKIN:34625.8 VIRTUAL-SKIN-SUB-0:34378.1 VIRTUAL-SKIN-SUB-1:32150.2 VIRTUAL-SKIN-SUB-10:33756.6 VIRTUAL-SKIN-SUB-2:32497.4 VIRTUAL-SKIN-SUB-3:32960.3 VIRTUAL-SKIN-SUB-4:33308.6 VIRTUAL-SKIN-SUB-5:33805.5 VIRTUAL-SKIN-SUB-6:31950.4 VIRTUAL-SKIN-SUB-7:33937.3 VIRTUAL-SKIN-SUB-8:34477.2 VIRTUAL-SKIN-SUB-9:34625.8 battery:34300 cam_therm:34198 charge_therm:38383 disp_therm:34621 neutral_therm:35579 north_therm:33620 quiet_therm:35334 soc_therm:39296 usb_pwr_therm:34955 
09-23 16:55:17.473 E/libbinder.IPCThreadState( 1519): binder thread pool (1 threads) starved for 121 ms
09-23 16:55:17.474 I/WifiHAL ( 1519): Getting cached scan results, iface handle = 0xb400007cee0138d0
09-23 16:55:17.474 E/WifiHAL ( 1519): Creating message to get cached scan results
09-23 16:55:17.482 I/WifiHAL ( 1519): In GetCachedScanResultsCommand::handleResponse
09-23 16:55:17.521 I/WifiHAL ( 1519): CreateRequest mType = GET_FEATURE
09-23 16:55:18.089 E/Firestack(27710): spammy...retrier: rea 5 msgs; dropped? true
09-23 16:55:18.089 E/Firestack(27710): retrier: readfrom: Exit: (can? false / optimized? false for *dialers.splitter) done (id:/pinned?false) 10.3.0.213:36094<=64.233.176.17:443; sz: 9208; after: 19.724627s; err: read tcp 64.233.176.17:443: connection reset by peer
09-23 16:55:19.084 I/fghg    (12246): (REDACTED) HDM. appOpsListener %s %s
09-23 16:55:19.085 I/fghg    (12246): (REDACTED) HDM. Ignoring irrelevant audio permission changes for package %s
09-23 16:55:20.212 I/bthal.activity( 1461): bt_power: LeAdvStat: 16:55:19:208 - 16:55:20:212, duration: 1003, le_adv_count: 1, total_le_adv_count: 113071, total_event_count: 0
09-23 16:55:20.524 I/WifiHAL ( 1519): Creating message to get link statistics; iface = 48
09-23 16:55:20.592 I/CHRE    ( 1475): @ 2955625.349: [AR] send to host, reason=4, sampleSize=112, transitionSize=0, lastAccelTime = 2955614334, lastAudioTime = 0 
09-23 16:55:20.595 I/CHRE    ( 1475): @ 2955625.350: [NanoMinion] sent MSG Type 0x72, Version 0, 1709 bytes, MessageId 15
09-23 16:55:20.612 I/CHRE    ( 1475): @ 2955625.370: [NanoMinion] received MSG Type 0x3, Version 1, 10 bytes
09-23 16:55:20.644 I/vendor.google.wifi_ext-service-vendor( 1519): Wifi: Resetting SAR Scenario to default
09-23 16:55:20.644 E/WifiHAL ( 1519): wifi_reset_tx_power_scenario
09-23 16:55:20.660 I/WifiHAL ( 1519): Getting cached scan results, iface handle = 0xb400007cee0138d0
09-23 16:55:20.660 E/WifiHAL ( 1519): Creating message to get cached scan results
09-23 16:55:20.668 I/WifiHAL ( 1519): In GetCachedScanResultsCommand::handleResponse
09-23 16:55:20.668 E/libbinder.IPCThreadState( 1519): binder thread pool (1 threads) starved for 144 ms
09-23 16:55:20.709 I/WifiHAL ( 1519): CreateRequest mType = GET_FEATURE
09-23 16:55:20.821 I/NearbyMediums(31664): Found Fast Ble Advertisements :
09-23 16:55:20.821 I/NearbyMediums(31664): BleAdvertisement { version=2, socketVersion=2, isFast=true, serviceIdHash=null, data=[ 0x23 0x51 0x5a 0x37 0x45 0x11 0x32 0x6f 0xd3 0x3d 0x93 0x8d 0xe4 0x24 0x58 0xb3 0xc7 0xe7 0xec 0xe9 0xe0 0x22 0x9a ], deviceToken=[ 0xe1 0xa7 ], rxAdvertisement=[ 0xa0 0x17 0x40 0x77 0xb6 0x4a 0xa2 0xf1 0xb8 0x5e 0x89 0xd0 0xfa 0x3b 0xb9 0x21 0xf4 0xe6 0x35 0x5a 0x51 0x3f 0x27 0x59 0xc1 0xcd 0x0d 0x49 0x08 0x20 0x37 0x65 0xbb 0x5c 0x84 0x15 0x05 0x7f 0x1f 0x00 0x84 0x15 0x06 0x60 0x1f 0x00 0x84 0x15 0x04 0x7f 0x1f 0x00 0x84 0x15 0x07 0x63 0x1f 0x00 0x83 0x15 0x01 0x16 0x71 ] } : 6 times.
09-23 16:55:20.821 I/NearbyMediums(31664): Total 6 fast advertisements from 1 unique advertisers.
09-23 16:55:20.822 I/NearbyMediums(31664): Current Tracked Scanning Clients are : {NearbyConnections.EnvironmentMonitor, NearbySharing}
09-23 16:55:21.071 I/AHal::Cs35l41Health( 1458): GetImpedances: speaker [0] impedance: 6.58214 Ohms
09-23 16:55:21.071 I/AHal::Cs35l41Health( 1458): GetImpedances: speaker [1] impedance: 7.00326 Ohms
09-23 16:55:21.071 I/AHal::Cs35l41Health( 1458): GetTemperatures: DSP1 Protection cd BDLOG_MAX_TEMP Max temp: 0x169534 ==> 90.3313 C
09-23 16:55:21.071 I/AHal::Cs35l41Health( 1458): GetTemperatures: R DSP1 Protection cd BDLOG_MAX_TEMP Max temp: 0x13e6f4 ==> 79.6086 C
09-23 16:55:21.071 I/AHal::Cs35l41Health( 1458): GetExcursions: DSP1 Protection cd BDLOG_MAX_EXC Max exc: 0x39999 ==> 0.449999 mm
09-23 16:55:21.071 I/AHal::Cs35l41Health( 1458): GetExcursions: R DSP1 Protection cd BDLOG_MAX_EXC Max exc: 0x3ffff ==> 0.499998 mm
09-23 16:55:21.071 I/AHal::Cs35l41Health( 1458): GetHeartBeats: DSP1 Protection 400a4 HALO_HEARTBEAT dsp heartbeat = 0x58491d
09-23 16:55:21.072 I/AHal::Cs35l41Health( 1458): GetHeartBeats: R DSP1 Protection 400a4 HALO_HEARTBEAT dsp heartbeat = 0x58491f
09-23 16:55:22.071 I/pixel-thermal( 2330): cellular-emergency:34.6258 raw data: VIRTUAL-SKIN:34625.8 VIRTUAL-SKIN-SUB-0:34378.1 VIRTUAL-SKIN-SUB-1:32150.2 VIRTUAL-SKIN-SUB-10:33756.6 VIRTUAL-SKIN-SUB-2:32497.4 VIRTUAL-SKIN-SUB-3:32960.3 VIRTUAL-SKIN-SUB-4:33308.6 VIRTUAL-SKIN-SUB-5:33805.5 VIRTUAL-SKIN-SUB-6:31950.4 VIRTUAL-SKIN-SUB-7:33937.3 VIRTUAL-SKIN-SUB-8:34477.2 VIRTUAL-SKIN-SUB-9:34625.8 battery:34300 cam_therm:34198 cellular-emergency:34625.8 charge_therm:38383 disp_therm:34621 neutral_therm:35579 north_therm:33620 quiet_therm:35334 soc_therm:39296 usb_pwr_therm:34955 
09-23 16:55:22.071 I/pixel-thermal( 2330): VIRTUAL-SKIN-HINT:34.6258 raw data: VIRTUAL-SKIN:34625.8 VIRTUAL-SKIN-HINT:34625.8 
09-23 16:55:22.071 I/pixel-thermal( 2330): VIRTUAL-SKIN-CPU-LIGHT-ODPM:34.6258 raw data: VIRTUAL-SKIN:34625.8 VIRTUAL-SKIN-CPU-LIGHT-ODPM:34625.8 
09-23 16:55:22.071 I/pixel-thermal( 2330): VIRTUAL-SKIN-CPU-MID:34.6258 raw data: VIRTUAL-SKIN:34625.8 VIRTUAL-SKIN-CPU-MID:34625.8 
09-23 16:55:22.071 I/pixel-thermal( 2330): VIRTUAL-SKIN-CPU-HIGH:34.6258 raw data: VIRTUAL-SKIN:34625.8 VIRTUAL-SKIN-CPU-HIGH:34625.8 
09-23 16:55:22.071 I/pixel-thermal( 2330): VIRTUAL-SKIN-SOC:34.6258 raw data: VIRTUAL-SKIN:34625.8 VIRTUAL-SKIN-SOC:34625.8 
09-23 16:55:22.071 I/pixel-thermal( 2330): VIRTUAL-SKIN-GPU:34.6258 raw data: VIRTUAL-SKIN:34625.8 VIRTUAL-SKIN-GPU:34625.8 
09-23 16:55:22.072 I/pixel-thermal( 2330): VIRTUAL-SKIN-SPEAKER:31.0355 raw data: VIRTUAL-SKIN-SPEAKER:31035.5 VIRTUAL-SKIN-SPEAKER-SUB-0:29889.1 VIRTUAL-SKIN-SPEAKER-SUB-1:30911.4 VIRTUAL-SKIN-SPEAKER-SUB-2:31035.5 battery:34300 cam_therm:34198 charge_therm:38383 disp_therm:34621 neutral_therm:35579 north_therm:33620 quiet_therm:35334 soc_therm:39296 usb_pwr_therm:34955 
09-23 16:55:22.072 I/pixel-thermal( 2330): VIRTUAL-SKIN-CHARGE-WIRED:34.4772 raw data: NO_WLC:1 VIRTUAL-SKIN-CHARGE:34477.2 VIRTUAL-SKIN-CHARGE-SUB-0:34325.5 VIRTUAL-SKIN-CHARGE-SUB-1:33071.1 VIRTUAL-SKIN-CHARGE-SUB-2:33124.7 VIRTUAL-SKIN-CHARGE-SUB-3:34477.2 VIRTUAL-SKIN-CHARGE-WIRED:34477.2 WLC_CHECK:1 battery:34300 cam_therm:34198 charge_therm:38383 disp_therm:34621 neutral_therm:35579 north_therm:33620 quiet_therm:35334 soc_therm:39296 thb_hda:0 usb_pwr_therm:34955 
09-23 16:55:22.072 I/pixel-thermal( 2330): VIRTUAL-SKIN-CHARGE-WIRED power_budget=3967.51 err=3.52279 s_power=2527 time_elapsed_ms=7020 p=419.212 i=1302 d=0 dt_per_min=nan compensation=0 budget transient=0 control target=2 excluded power budget=280.707 (PARTIAL_SYSTEM_POWER: 2339.23 mW, cdev_weight: 0.120000)
09-23 16:55:22.072 I/pixel-thermal( 2330): VIRTUAL-SKIN:34.6258 raw data: VIRTUAL-SKIN:34625.8 
09-23 16:55:22.073 I/pixel-thermal( 2330): quiet_therm:35.334 raw data: quiet_therm:35334 
09-23 16:55:22.073 I/pixel-thermal( 2330): VIRTUAL-SKIN-CHARGE-PERSIST:34.4772 raw data: VIRTUAL-SKIN-CHARGE:34477.2 VIRTUAL-SKIN-CHARGE-PERSIST:34477.2 
09-23 16:55:22.073 I/pixel-thermal( 2330): VIRTUAL-SKIN-CHARGE-PERSIST power_budget=4664.12 err=6.52279 s_power=2383 time_elapsed_ms=7020 p=1389.35 i=1383 d=0 dt_per_min=nan compensation=0 budget transient=0 control target=2 excluded power budget=491.238 (PARTIAL_SYSTEM_POWER: 2339.23 mW, cdev_weight: 0.210000)
09-23 16:55:22.854 I/pixel-thermal( 2330): disp_therm:34.621 raw data: disp_therm:34621 
09-23 16:55:22.855 I/pixel-thermal( 2330): north_therm:33.62 raw data: north_therm:33620 
09-23 16:55:22.855 I/pixel-thermal( 2330): cam_therm:34.198 raw data: cam_therm:34198 
09-23 16:55:23.013 W/HWUI    (17675): Warning: Reusing an immutable bitmap as an image decoder target.
09-23 16:55:23.292 W/AppOps  ( 1948): Noting op not finished: uid 1000 pkg android code 169 startTime of in progress event=1789164585347
09-23 16:55:23.713 I/WifiHAL ( 1519): Creating message to get link statistics; iface = 48
09-23 16:55:23.716 I/pixel-thermal( 2330): charge_therm:38.383 raw data: charge_therm:38383 
09-23 16:55:23.717 I/pixel-thermal( 2330): usb_pwr_therm:34.955 raw data: usb_pwr_therm:34955 
09-23 16:55:23.717 I/pixel-thermal( 2330): Power rails total power: 2365.61 mW for 60026 ms
09-23 16:55:23.717 I/pixel-thermal( 2330): Power rails [VSYS_PWR_MODEM: 28.09 mW] [S6S_LLDO2: 23.62 mW] [S8M_LLDO2: 36.56 mW] [S7M_VDD_TPU: 0.00 mW] [S6M_LLDO1: 156.80 mW] [S4M_VDD_CPUCL0: 418.10 mW] 
09-23 16:55:23.717 I/pixel-thermal( 2330): Power rails [S2M_VDD_CPUCL2: 54.52 mW] [S1M_VDD_MIF: 100.46 mW] [VSYS_PWR_MMWAVE: 0.27 mW] [S9M_VDD_CPUCL0_M: 19.44 mW] [L21S_VDD2L_MEM: 20.63 mW] [VSYS_PWR_DISPLAY: 565.51 mW] 
09-23 16:55:23.717 I/pixel-thermal( 2330): Power rails [L22M_DISP: 91.55 mW] [VSYS_PWR_RFFE: 0.00 mW] [VSYS_PWR_WLAN_BT: 105.72 mW] [S5M_VDD_INT: 79.38 mW] [S9S_VDD_AOC: 27.96 mW] [S4S_VDD2H_MEM: 98.93 mW] 
09-23 16:55:23.717 I/pixel-thermal( 2330): Power rails [S3M_VDD_CPUCL1: 447.59 mW] [L2S_PLL_MIPI_UFS: 31.52 mW] [S1S_VDD_CAM: 38.76 mW] [S2S_VDD_G3D: 6.84 mW] [S5S_VDDQ_MEM: 11.58 mW] [S8S_VDD_G3D_L2: 1.79 mW] 
09-23 16:55:23.717 I/pixel-thermal( 2330): CDEV log gxp-cooling state:0 tpu_cooling state:0 usbc-port state:0 thermal-cpufreq-1 state:0 chg_mdis state:0 thermal-gpufreq-0 state:0 thermal-cpufreq-2 state:0 thermal-cpufreq-0 state:0 
09-23 16:55:23.760 I/WifiHAL ( 1519): Getting cached scan results, iface handle = 0xb400007cee0138d0
09-23 16:55:23.760 E/WifiHAL ( 1519): Creating message to get cached scan results
09-23 16:55:23.766 I/WifiHAL ( 1519): In GetCachedScanResultsCommand::handleResponse
09-23 16:55:23.786 I/WifiHAL ( 1519): CreateRequest mType = GET_FEATURE
09-23 16:55:24.290 I/bthal.activity( 1461): bt_power: LeAdvStat: 16:55:23:289 - 16:55:24:289, duration: 1000, le_adv_count: 1, total_le_adv_count: 113072, total_event_count: 1
09-23 16:55:25.717 I/bthal.activity( 1461): bt_power: LeAdvStat: 16:55:24:716 - 16:55:25:716, duration: 1000, le_adv_count: 1, total_le_adv_count: 113073, total_event_count: 1
09-23 16:55:26.787 I/WifiHAL ( 1519): Creating message to get link statistics; iface = 48
09-23 16:55:26.905 I/WifiHAL ( 1519): Getting cached scan results, iface handle = 0xb400007cee0138d0
09-23 16:55:26.905 E/WifiHAL ( 1519): Creating message to get cached scan results
09-23 16:55:26.913 I/WifiHAL ( 1519): In GetCachedScanResultsCommand::handleResponse
09-23 16:55:26.914 E/libbinder.IPCThreadState( 1519): binder thread pool (1 threads) starved for 127 ms
09-23 16:55:26.955 I/